-- MySQL dump 10.13  Distrib 5.7.18-ndb-7.6.3, for Linux (x86_64)
--
-- Host: localhost    Database: erpcei
-- ------------------------------------------------------
-- Server version	5.7.18-ndb-7.6.3

/*!40101 SET @OLD_CHARACTER_SET_CLIENT=@@CHARACTER_SET_CLIENT */;
/*!40101 SET @OLD_CHARACTER_SET_RESULTS=@@CHARACTER_SET_RESULTS */;
/*!40101 SET @OLD_COLLATION_CONNECTION=@@COLLATION_CONNECTION */;
/*!40101 SET NAMES utf8 */;
/*!40103 SET @OLD_TIME_ZONE=@@TIME_ZONE */;
/*!40103 SET TIME_ZONE='+00:00' */;
/*!40014 SET @OLD_UNIQUE_CHECKS=@@UNIQUE_CHECKS, UNIQUE_CHECKS=0 */;
/*!40014 SET @OLD_FOREIGN_KEY_CHECKS=@@FOREIGN_KEY_CHECKS, FOREIGN_KEY_CHECKS=0 */;
/*!40101 SET @OLD_SQL_MODE=@@SQL_MODE, SQL_MODE='NO_AUTO_VALUE_ON_ZERO' */;
/*!40111 SET @OLD_SQL_NOTES=@@SQL_NOTES, SQL_NOTES=0 */;

--
-- Table structure for table `erp_colaboradores`
--

DROP TABLE IF EXISTS `erp_colaboradores`;
/*!40101 SET @saved_cs_client     = @@character_set_client */;
/*!40101 SET character_set_client = utf8 */;
CREATE TABLE `erp_colaboradores` (
  `id` int(11) NOT NULL AUTO_INCREMENT,
  `nome` varchar(255) DEFAULT NULL,
  `funcao` varchar(255) DEFAULT NULL,
  `vinculo` varchar(45) DEFAULT NULL,
  `email` varchar(255) DEFAULT NULL,
  `entrada` timestamp NULL DEFAULT NULL,
  `saida` timestamp NULL DEFAULT NULL,
  `sem_funcao` int(11) DEFAULT NULL,
  `em_atividade` int(11) DEFAULT NULL,
  `socio` int(11) DEFAULT NULL,
  `id_empreendimento` int(11) DEFAULT NULL,
  PRIMARY KEY (`id`)
) ENGINE=InnoDB AUTO_INCREMENT=43 DEFAULT CHARSET=latin1;
/*!40101 SET character_set_client = @saved_cs_client */;

--
-- Dumping data for table `erp_colaboradores`
--

LOCK TABLES `erp_colaboradores` WRITE;
/*!40000 ALTER TABLE `erp_colaboradores` DISABLE KEYS */;
INSERT INTO `erp_colaboradores` VALUES (1,'Colaborador de teste',NULL,'3','','0000-00-00 00:00:00','0000-00-00 00:00:00',1,0,0,16),(2,'Colaborador de teste',NULL,'0','email@teste.com','0000-00-00 00:00:00','0000-00-00 00:00:00',1,1,0,16),(3,'LUÍS FELIPE CHUVAS EVERS','Financeiro e UX/Social Midia','1','felipe.evers@hotmail.com','0000-00-00 00:00:00','0000-00-00 00:00:00',0,1,1,23),(4,'ARTHUR ROCHA KOLBETZ','','3','','0000-00-00 00:00:00','0000-00-00 00:00:00',1,0,1,0),(5,'GABRIEL SOARES','Desenvolvimento de Sistemas','1','','0000-00-00 00:00:00','0000-00-00 00:00:00',0,1,1,23),(6,'ARTHUR ROCHA KOLBETZ','Design','3','','0000-00-00 00:00:00','0000-00-00 00:00:00',0,1,1,23),(7,'BERNARDO ZAMPERETTI','Desenvolvimento de Sistemas','1','','0000-00-00 00:00:00','0000-00-00 00:00:00',0,0,1,23),(8,'Giancarlo Soares','Diretor de Produto','3','giancarlo.soares@beeit.com.br','0000-00-00 00:00:00','0000-00-00 00:00:00',0,1,1,20),(9,'Andre Dayan','Consultor de Negócios','3','andre.dayan@beeit.com.br','0000-00-00 00:00:00','0000-00-00 00:00:00',0,0,0,20),(10,'Thais Sartori','Administrativo','3','thais.sartori@beeit.com.br','0000-00-00 00:00:00','0000-00-00 00:00:00',0,0,0,20),(11,'Diogenes Roos','Desenvolvedor','3','','0000-00-00 00:00:00','0000-00-00 00:00:00',0,0,0,20),(12,'Matheus Lopes','Desenvolvedor','3','','0000-00-00 00:00:00','0000-00-00 00:00:00',0,0,0,20),(14,'Leonel Pinheiro','Socios - ADM','3','leonel.pinheiro@beeit.com.br','0000-00-00 00:00:00','0000-00-00 00:00:00',0,0,1,20),(15,'Fabiano Silveira da Silva','Desenvolvedor','3','','0000-00-00 00:00:00','0000-00-00 00:00:00',0,0,0,20),(16,'Sandro Piinheiro','CEO','2','sandro.pinheiro@beeit.com.br','0000-00-00 00:00:00','0000-00-00 00:00:00',0,0,1,20),(17,'Giancarlo',NULL,'2','giancarlo.zanuz@eaware.com.br','0000-00-00 00:00:00','0000-00-00 00:00:00',1,1,0,18),(18,'Alexandre Kreismann dos Santos','','2','alexandrekreis@gmail.com','2016-05-02 03:00:00','0000-00-00 00:00:00',1,1,0,29),(19,'Felipe Cecagno',NULL,'2','felipe@mconf.com','0000-00-00 00:00:00','0000-00-00 00:00:00',1,1,1,29),(20,'Germano Caumo Carniel',NULL,'2','germanocaumo@gmail.com','0000-00-00 00:00:00','0000-00-00 00:00:00',1,1,0,29),(21,'Jeferson Ferreira Guimarães',NULL,'1','jfguimaraes@inf.ufrgs.br','0000-00-00 00:00:00','0000-00-00 00:00:00',1,1,0,29),(22,'Leandrisson dos Santos Morato',NULL,'2','leandrisson@gmail.com','0000-00-00 00:00:00','0000-00-00 00:00:00',1,1,0,29),(23,'Leonardo Crauss Daronco',NULL,'2','leonardo@mconf.com','0000-00-00 00:00:00','0000-00-00 00:00:00',1,1,1,29),(24,'Lucas Fialho Zawacki',NULL,'2','lfzawacki@gmail.com','0000-00-00 00:00:00','0000-00-00 00:00:00',1,1,0,29),(25,'Luciano Zancan',NULL,'1','lzancan@inf.ufrgs.br','0000-00-00 00:00:00','0000-00-00 00:00:00',1,1,0,29),(27,'Pedro Berschorner Marin',NULL,'2','pedrobmarin@gmail.com','0000-00-00 00:00:00','0000-00-00 00:00:00',1,1,0,29),(28,'Pietra Thamy Sofia da Fonseca Freitas',NULL,'0','','0000-00-00 00:00:00','0000-00-00 00:00:00',1,1,0,29),(35,'Alan Velasques Santos','Desenvolvedor de Software','1','alanvelasques@gmail.com','2016-06-10 03:00:00','2017-05-26 03:00:00',0,1,0,32),(36,'Valéria Soldera Girelli','','1','vsgirelli@inf.ufrgs.br','0000-00-00 00:00:00','0000-00-00 00:00:00',1,1,0,29),(37,'Kazuki Yokoyama','','1','yokoyama.km@gmail.com','0000-00-00 00:00:00','0000-00-00 00:00:00',1,1,0,29),(38,'Paulo Lanzarin','','1','planzarin@gmail.com','0000-00-00 00:00:00','0000-00-00 00:00:00',1,1,0,29),(40,'José Luis Damaren Junior','','1','damarenster@gmail.com','0000-00-00 00:00:00','0000-00-00 00:00:00',1,1,0,29),(41,'Rafael Petersen','','1','rafa.petersen.pet@gmail.com','0000-00-00 00:00:00','0000-00-00 00:00:00',1,1,0,29),(42,'Vinicius','Desenvolvedor Back End','1','vinicius.herbstrith@eaware.com.br','0000-00-00 00:00:00','0000-00-00 00:00:00',0,1,0,18);
/*!40000 ALTER TABLE `erp_colaboradores` ENABLE KEYS */;
UNLOCK TABLES;

--
-- Table structure for table `erp_consultores`
--

DROP TABLE IF EXISTS `erp_consultores`;
/*!40101 SET @saved_cs_client     = @@character_set_client */;
/*!40101 SET character_set_client = utf8 */;
CREATE TABLE `erp_consultores` (
  `id` int(11) NOT NULL AUTO_INCREMENT,
  `nome` varchar(45) DEFAULT NULL,
  `minutos_totais` bigint(20) DEFAULT NULL,
  PRIMARY KEY (`id`)
) ENGINE=InnoDB AUTO_INCREMENT=3 DEFAULT CHARSET=latin1;
/*!40101 SET character_set_client = @saved_cs_client */;

--
-- Dumping data for table `erp_consultores`
--

LOCK TABLES `erp_consultores` WRITE;
/*!40000 ALTER TABLE `erp_consultores` DISABLE KEYS */;
INSERT INTO `erp_consultores` VALUES (1,'Manolinho',80),(2,'Josenildo',320);
/*!40000 ALTER TABLE `erp_consultores` ENABLE KEYS */;
UNLOCK TABLES;

--
-- Table structure for table `erp_empreendimentos`
--

DROP TABLE IF EXISTS `erp_empreendimentos`;
/*!40101 SET @saved_cs_client     = @@character_set_client */;
/*!40101 SET character_set_client = utf8 */;
CREATE TABLE `erp_empreendimentos` (
  `id` int(11) NOT NULL AUTO_INCREMENT,
  `nome` varchar(255) DEFAULT NULL,
  `nome_fantasia` varchar(255) DEFAULT NULL,
  `vinculo` varchar(45) DEFAULT NULL,
  `razao_social` varchar(255) DEFAULT NULL,
  `site` varchar(255) DEFAULT NULL,
  `responsavel` varchar(255) DEFAULT NULL,
  `cpf_cnpj` varchar(255) DEFAULT NULL,
  `responsavel_email` varchar(45) DEFAULT NULL,
  `descricao` text,
  `logo` varchar(255) DEFAULT NULL,
  `canvas` varchar(255) DEFAULT NULL,
  `contador` varchar(255) DEFAULT NULL,
  PRIMARY KEY (`id`)
) ENGINE=InnoDB AUTO_INCREMENT=37 DEFAULT CHARSET=latin1;
/*!40101 SET character_set_client = @saved_cs_client */;

--
-- Dumping data for table `erp_empreendimentos`
--

LOCK TABLES `erp_empreendimentos` WRITE;
/*!40000 ALTER TABLE `erp_empreendimentos` DISABLE KEYS */;
INSERT INTO `erp_empreendimentos` VALUES (1,'CEI','CEI','1','CEI',NULL,NULL,NULL,NULL,NULL,NULL,NULL,NULL),(16,'I9 Access',NULL,'3',NULL,NULL,'Alexandro Bordignon','10.764.316/0001-03',NULL,NULL,NULL,NULL,''),(17,'Aegro',NULL,'2',NULL,NULL,'Pedro Martins Dusso','23.706.398/0001-81',NULL,NULL,NULL,NULL,NULL),(18,'E-aware','','2','','','Jean Winter','16.478.689/0001-02','','','','',NULL),(19,'Cognitiva','','3','','','Marcos Nunes','16.370.973/0001-52','','','','',''),(20,'Bee IT',NULL,'2',NULL,NULL,'Sandro Pinheiro','07.884.486/0001-17',NULL,NULL,NULL,NULL,NULL),(21,'New Technologies','New Technologies','2','Carlos Cristiano Nunes ME','www.newtechnologies.com.br','Carlos Cristiano Nunes','12.346.913/0001-43','carloscristianonunes@gmail.com','','','',NULL),(22,'4DB',NULL,'1',NULL,NULL,'Sandro Favin Pinheiro','660.644.220-68',NULL,NULL,NULL,NULL,NULL),(23,'Clic Corretores',NULL,'1',NULL,NULL,'Arthur Rocha Kolbetz','016.390.190-22',NULL,NULL,NULL,NULL,''),(24,'Mobil Tracker',NULL,'1',NULL,NULL,'Filipe Quadros Borges','004.728.560-57',NULL,NULL,NULL,NULL,NULL),(25,'Alpha Vikings','','2','','','Leonardo Rosenbach','007.522.700-28','contato@alphavikings.com','','','',NULL),(26,'Data Mundus',NULL,'2',NULL,NULL,'Paulo Henrique Silla Jobim','13.424.491/0001-96',NULL,NULL,NULL,NULL,NULL),(27,'Arbra',NULL,'3',NULL,NULL,'Leandro Vanz de Andrade','09.162.252/0001-91',NULL,NULL,NULL,NULL,NULL),(29,'Mconf','','2','','https://mconf.com','Felipe Cecagno','17.466.795/0001-20','contato@mconf.com','','/home/www/gestaocei/public_html/uploads/MconfTec.png','',NULL),(30,'NSCAD',NULL,'4',NULL,NULL,'Hamilton Klimach','',NULL,NULL,NULL,NULL,NULL),(31,'System Advisor','System Advisor','2','SYSTEM ADVISOR CONSULTORIA EM SISTEMAS LTDA. - EPP','www.SystemAdvisor.com.br','Mario Oliveira Junior','28.005.485/0001-25','contato@SystemAdvisor.com.br','A System Advisor é uma nova plataforma de consultoria virtual totalmente independente, destinada a interligar compradores e vendedores de sistemas de gestão, com o propósito de tornar o processo de escolha e compra de um sistema de gestão mais assertivo e ágil.','','',NULL),(32,'CEI',NULL,'4',NULL,NULL,'','',NULL,NULL,NULL,NULL,NULL),(33,'Desenfila',NULL,'1',NULL,NULL,'Rodolfo Viola','',NULL,NULL,NULL,NULL,NULL),(34,'Dragonfly',NULL,'1',NULL,NULL,'Rodrigo Wiebbelling','',NULL,NULL,NULL,NULL,NULL),(35,'Otus',NULL,'1',NULL,NULL,'Diogo Rosas','',NULL,NULL,NULL,NULL,''),(36,'GlueLogic',NULL,'1',NULL,NULL,'André Reis','',NULL,NULL,NULL,NULL,NULL);
/*!40000 ALTER TABLE `erp_empreendimentos` ENABLE KEYS */;
UNLOCK TABLES;

--
-- Table structure for table `erp_empreendimentos_contrato`
--

DROP TABLE IF EXISTS `erp_empreendimentos_contrato`;
/*!40101 SET @saved_cs_client     = @@character_set_client */;
/*!40101 SET character_set_client = utf8 */;
CREATE TABLE `erp_empreendimentos_contrato` (
  `id` int(11) NOT NULL AUTO_INCREMENT,
  `id_empreendimento` int(11) NOT NULL,
  `contrato` varchar(255) DEFAULT NULL,
  `data` timestamp NULL DEFAULT NULL,
  `ativo` smallint(1) DEFAULT NULL,
  PRIMARY KEY (`id`)
) ENGINE=InnoDB DEFAULT CHARSET=latin1;
/*!40101 SET character_set_client = @saved_cs_client */;

--
-- Dumping data for table `erp_empreendimentos_contrato`
--

LOCK TABLES `erp_empreendimentos_contrato` WRITE;
/*!40000 ALTER TABLE `erp_empreendimentos_contrato` DISABLE KEYS */;
/*!40000 ALTER TABLE `erp_empreendimentos_contrato` ENABLE KEYS */;
UNLOCK TABLES;

--
-- Table structure for table `erp_empreendimentos_ps`
--

DROP TABLE IF EXISTS `erp_empreendimentos_ps`;
/*!40101 SET @saved_cs_client     = @@character_set_client */;
/*!40101 SET character_set_client = utf8 */;
CREATE TABLE `erp_empreendimentos_ps` (
  `id` int(11) NOT NULL AUTO_INCREMENT,
  `id_empreendimento` int(11) NOT NULL,
  `nome` varchar(255) DEFAULT NULL,
  `descricao` varchar(255) DEFAULT NULL,
  PRIMARY KEY (`id`)
) ENGINE=InnoDB DEFAULT CHARSET=latin1;
/*!40101 SET character_set_client = @saved_cs_client */;

--
-- Dumping data for table `erp_empreendimentos_ps`
--

LOCK TABLES `erp_empreendimentos_ps` WRITE;
/*!40000 ALTER TABLE `erp_empreendimentos_ps` DISABLE KEYS */;
/*!40000 ALTER TABLE `erp_empreendimentos_ps` ENABLE KEYS */;
UNLOCK TABLES;

--
-- Table structure for table `erp_faturamento`
--

DROP TABLE IF EXISTS `erp_faturamento`;
/*!40101 SET @saved_cs_client     = @@character_set_client */;
/*!40101 SET character_set_client = utf8 */;
CREATE TABLE `erp_faturamento` (
  `id` int(11) NOT NULL AUTO_INCREMENT,
  `id_empreendimento` int(11) DEFAULT NULL,
  `previsao` double DEFAULT NULL,
  `ano` varchar(45) DEFAULT NULL,
  PRIMARY KEY (`id`)
) ENGINE=InnoDB AUTO_INCREMENT=17 DEFAULT CHARSET=latin1;
/*!40101 SET character_set_client = @saved_cs_client */;

--
-- Dumping data for table `erp_faturamento`
--

LOCK TABLES `erp_faturamento` WRITE;
/*!40000 ALTER TABLE `erp_faturamento` DISABLE KEYS */;
INSERT INTO `erp_faturamento` VALUES (16,16,20000,'2016');
/*!40000 ALTER TABLE `erp_faturamento` ENABLE KEYS */;
UNLOCK TABLES;

--
-- Table structure for table `erp_faturamento_notas`
--

DROP TABLE IF EXISTS `erp_faturamento_notas`;
/*!40101 SET @saved_cs_client     = @@character_set_client */;
/*!40101 SET character_set_client = utf8 */;
CREATE TABLE `erp_faturamento_notas` (
  `id` int(11) NOT NULL AUTO_INCREMENT,
  `id_empreendimento` varchar(45) DEFAULT NULL,
  `numero` bigint(20) DEFAULT NULL,
  `data` date DEFAULT NULL,
  `valor` float DEFAULT NULL,
  `royalt` int(11) DEFAULT NULL,
  `data_royalt` datetime DEFAULT NULL,
  `arquivo_nota` varchar(255) DEFAULT NULL,
  PRIMARY KEY (`id`)
) ENGINE=InnoDB AUTO_INCREMENT=9 DEFAULT CHARSET=latin1;
/*!40101 SET character_set_client = @saved_cs_client */;

--
-- Dumping data for table `erp_faturamento_notas`
--

LOCK TABLES `erp_faturamento_notas` WRITE;
/*!40000 ALTER TABLE `erp_faturamento_notas` DISABLE KEYS */;
INSERT INTO `erp_faturamento_notas` VALUES (5,'23',30,'0000-00-00',150,NULL,NULL,''),(6,'23',20,'0000-00-00',150,NULL,NULL,''),(7,'23',50,'0000-00-00',150,NULL,NULL,''),(8,'16',654654,'2018-04-05',10,1,'2018-04-05 10:28:26','');
/*!40000 ALTER TABLE `erp_faturamento_notas` ENABLE KEYS */;
UNLOCK TABLES;

--
-- Table structure for table `erp_patrimonio_sala`
--

DROP TABLE IF EXISTS `erp_patrimonio_sala`;
/*!40101 SET @saved_cs_client     = @@character_set_client */;
/*!40101 SET character_set_client = utf8 */;
CREATE TABLE `erp_patrimonio_sala` (
  `id` int(11) NOT NULL AUTO_INCREMENT,
  `id_sala` int(11) NOT NULL,
  `id_patrimonio` int(11) NOT NULL,
  `data_atribuicao` datetime DEFAULT NULL,
  PRIMARY KEY (`id`)
) ENGINE=InnoDB AUTO_INCREMENT=5 DEFAULT CHARSET=latin1;
/*!40101 SET character_set_client = @saved_cs_client */;

--
-- Dumping data for table `erp_patrimonio_sala`
--

LOCK TABLES `erp_patrimonio_sala` WRITE;
/*!40000 ALTER TABLE `erp_patrimonio_sala` DISABLE KEYS */;
INSERT INTO `erp_patrimonio_sala` VALUES (1,22,2,'2018-03-23 00:00:00'),(2,22,2,'2018-03-23 00:00:00'),(3,22,2,'2018-03-23 00:00:00'),(4,22,2,'2018-03-23 00:00:00');
/*!40000 ALTER TABLE `erp_patrimonio_sala` ENABLE KEYS */;
UNLOCK TABLES;

--
-- Table structure for table `erp_patrimonio_sala_emp`
--

DROP TABLE IF EXISTS `erp_patrimonio_sala_emp`;
/*!40101 SET @saved_cs_client     = @@character_set_client */;
/*!40101 SET character_set_client = utf8 */;
CREATE TABLE `erp_patrimonio_sala_emp` (
  `id` int(11) NOT NULL AUTO_INCREMENT,
  `id_patrimonio` int(11) NOT NULL,
  `id_sala` int(11) NOT NULL,
  `data_atribuicao` datetime DEFAULT NULL,
  `id_emp` int(11) DEFAULT NULL,
  PRIMARY KEY (`id`)
) ENGINE=InnoDB AUTO_INCREMENT=240 DEFAULT CHARSET=latin1;
/*!40101 SET character_set_client = @saved_cs_client */;

--
-- Dumping data for table `erp_patrimonio_sala_emp`
--

LOCK TABLES `erp_patrimonio_sala_emp` WRITE;
/*!40000 ALTER TABLE `erp_patrimonio_sala_emp` DISABLE KEYS */;
INSERT INTO `erp_patrimonio_sala_emp` VALUES (1,2,5,'2018-03-23 00:00:00',16),(2,275,5,'2017-02-15 00:00:00',NULL),(3,329,5,'2017-02-10 00:00:00',NULL),(4,137,4,'2017-02-10 00:00:00',NULL),(5,207,17,'2017-08-23 00:00:00',NULL),(6,225,5,'2017-02-15 00:00:00',NULL),(7,71,4,'2017-02-15 00:00:00',NULL),(8,43,4,'2017-02-15 00:00:00',NULL),(9,86,4,'2017-02-15 00:00:00',NULL),(10,41,4,'2017-02-15 00:00:00',NULL),(11,2,5,'2018-03-23 00:00:00',16),(12,4,5,'2017-05-30 00:00:00',NULL),(13,224,17,'2017-07-28 00:00:00',NULL),(14,364,17,'2017-07-28 00:00:00',NULL),(15,365,17,'2017-07-28 00:00:00',NULL),(16,366,17,'2017-07-28 00:00:00',NULL),(17,29,17,'2017-08-23 00:00:00',NULL),(18,367,17,'2017-08-02 00:00:00',NULL),(19,368,0,'2017-08-23 00:00:00',NULL),(20,377,17,'2017-08-07 00:00:00',NULL),(21,389,5,'2017-08-08 00:00:00',NULL),(22,311,5,'2017-08-08 00:00:00',NULL),(23,113,14,'2017-08-11 00:00:00',NULL),(24,102,14,'2017-08-11 00:00:00',NULL),(25,165,14,'2017-08-23 00:00:00',NULL),(26,386,5,'2017-08-11 00:00:00',NULL),(27,390,9,'2017-08-11 00:00:00',NULL),(28,304,5,'2017-08-11 00:00:00',NULL),(29,293,5,'2017-08-11 00:00:00',NULL),(30,392,5,'2017-08-23 00:00:00',NULL),(31,391,5,'2017-08-23 00:00:00',NULL),(32,394,5,'2017-08-23 00:00:00',NULL),(33,395,5,'2017-08-23 00:00:00',NULL),(34,154,5,'2017-08-23 00:00:00',NULL),(35,248,5,'2017-08-23 00:00:00',NULL),(36,396,5,'2017-08-23 00:00:00',NULL),(37,397,5,'2017-08-23 00:00:00',NULL),(38,398,5,'2017-08-23 00:00:00',NULL),(39,75,5,'2017-08-23 00:00:00',NULL),(40,400,5,'2017-08-23 00:00:00',NULL),(41,251,5,'2017-08-23 00:00:00',NULL),(42,156,5,'2017-08-23 00:00:00',NULL),(43,401,5,'2017-08-23 00:00:00',NULL),(44,268,5,'2017-08-23 00:00:00',NULL),(45,313,5,'2017-08-23 00:00:00',NULL),(46,402,5,'2017-08-23 00:00:00',NULL),(47,278,5,'2017-08-23 00:00:00',NULL),(48,403,5,'2017-08-23 00:00:00',NULL),(49,233,5,'2017-08-23 00:00:00',NULL),(50,404,5,'2017-08-23 00:00:00',NULL),(51,39,5,'2017-08-23 00:00:00',NULL),(52,405,5,'2017-08-23 00:00:00',NULL),(53,406,5,'2017-08-23 00:00:00',NULL),(54,93,5,'2017-08-23 00:00:00',NULL),(55,179,5,'2017-08-23 00:00:00',NULL),(56,178,5,'2017-08-23 00:00:00',NULL),(57,222,5,'2017-08-23 00:00:00',NULL),(58,173,5,'2017-08-23 00:00:00',NULL),(59,256,5,'2017-08-23 00:00:00',NULL),(60,327,5,'2017-08-23 00:00:00',NULL),(61,64,5,'2017-08-23 00:00:00',NULL),(62,240,5,'2017-08-23 00:00:00',NULL),(63,239,5,'2017-08-23 00:00:00',NULL),(64,168,5,'2017-08-23 00:00:00',NULL),(65,167,5,'2017-08-23 00:00:00',NULL),(66,407,5,'2017-08-23 00:00:00',NULL),(67,37,5,'2017-08-23 00:00:00',NULL),(68,408,5,'2017-08-23 00:00:00',NULL),(69,409,5,'2017-08-23 00:00:00',NULL),(70,410,5,'2017-08-23 00:00:00',NULL),(71,246,5,'2017-08-23 00:00:00',NULL),(72,245,5,'2017-08-23 00:00:00',NULL),(73,411,23,'2017-08-23 00:00:00',NULL),(74,412,23,'2017-08-23 00:00:00',NULL),(75,413,23,'2017-08-23 00:00:00',NULL),(76,415,23,'2017-08-23 00:00:00',NULL),(77,417,14,'2017-08-23 00:00:00',NULL),(78,418,14,'2017-08-23 00:00:00',NULL),(79,419,14,'2017-08-23 00:00:00',NULL),(80,420,17,'2017-08-23 00:00:00',NULL),(81,421,17,'2017-08-23 00:00:00',NULL),(82,295,17,'2017-08-23 00:00:00',NULL),(83,212,17,'2017-08-23 00:00:00',NULL),(84,192,17,'2017-08-23 00:00:00',NULL),(85,117,17,'2017-08-23 00:00:00',NULL),(86,263,17,'2017-08-23 00:00:00',NULL),(87,422,17,'2017-08-23 00:00:00',NULL),(88,252,17,'2017-08-23 00:00:00',NULL),(89,89,17,'2017-08-23 00:00:00',NULL),(90,423,17,'2017-08-23 00:00:00',NULL),(91,368,17,'2017-08-23 00:00:00',NULL),(92,424,17,'2017-08-23 00:00:00',NULL),(93,425,17,'2017-08-23 00:00:00',NULL),(94,426,17,'2017-08-23 00:00:00',NULL),(95,427,17,'2017-08-23 00:00:00',NULL),(96,428,17,'2017-08-23 00:00:00',NULL),(97,429,17,'2017-08-23 00:00:00',NULL),(98,430,17,'2017-08-23 00:00:00',NULL),(99,431,17,'2017-08-23 00:00:00',NULL),(100,292,17,'2017-08-23 00:00:00',NULL),(101,108,17,'2017-08-23 00:00:00',NULL),(102,432,17,'2017-08-23 00:00:00',NULL),(103,148,17,'2017-08-23 00:00:00',NULL),(104,59,17,'2017-08-23 00:00:00',NULL),(105,433,17,'2017-08-23 00:00:00',NULL),(106,57,17,'2017-08-23 00:00:00',NULL),(107,434,17,'2017-08-23 00:00:00',NULL),(108,220,17,'2017-08-23 00:00:00',NULL),(109,435,17,'2017-08-23 00:00:00',NULL),(110,436,17,'2017-08-23 00:00:00',NULL),(111,437,17,'2017-08-23 00:00:00',NULL),(112,438,17,'2017-08-23 00:00:00',NULL),(113,299,17,'2017-08-23 00:00:00',NULL),(114,234,17,'2017-08-23 00:00:00',NULL),(115,141,17,'2017-08-23 00:00:00',NULL),(116,439,17,'2017-08-23 00:00:00',NULL),(117,440,17,'2017-08-23 00:00:00',NULL),(118,63,17,'2017-08-23 00:00:00',NULL),(119,441,17,'2017-08-23 00:00:00',NULL),(120,267,17,'2017-08-23 00:00:00',NULL),(121,310,17,'2017-08-23 00:00:00',NULL),(122,289,17,'2017-08-23 00:00:00',NULL),(123,298,17,'2017-08-23 00:00:00',NULL),(124,153,17,'2017-08-23 00:00:00',NULL),(125,442,17,'2017-08-23 00:00:00',NULL),(126,443,17,'2017-08-23 00:00:00',NULL),(127,286,13,'2017-08-23 00:00:00',NULL),(128,271,13,'2017-08-23 00:00:00',NULL),(129,318,13,'2017-08-23 00:00:00',NULL),(130,444,13,'2017-08-23 00:00:00',NULL),(131,106,13,'2017-08-23 00:00:00',NULL),(132,101,13,'2017-08-23 00:00:00',NULL),(133,208,13,'2017-08-23 00:00:00',NULL),(134,279,13,'2017-08-23 00:00:00',NULL),(135,305,13,'2017-08-23 00:00:00',NULL),(136,296,13,'2017-08-23 00:00:00',NULL),(137,97,13,'2017-08-23 00:00:00',NULL),(138,213,13,'2017-08-23 00:00:00',NULL),(139,276,13,'2017-08-23 00:00:00',NULL),(140,323,13,'2017-08-23 00:00:00',NULL),(141,205,13,'2017-08-23 00:00:00',NULL),(142,445,13,'2017-08-23 00:00:00',NULL),(143,303,13,'2017-08-23 00:00:00',NULL),(144,306,13,'2017-08-23 00:00:00',NULL),(145,294,13,'2017-08-23 00:00:00',NULL),(146,446,13,'2017-08-23 00:00:00',NULL),(147,202,13,'2017-08-23 00:00:00',NULL),(148,193,13,'2017-08-23 00:00:00',NULL),(149,104,13,'2017-08-23 00:00:00',NULL),(150,204,13,'2017-08-23 00:00:00',NULL),(151,302,13,'2017-08-23 00:00:00',NULL),(152,322,13,'2017-08-23 00:00:00',NULL),(153,288,13,'2017-08-23 00:00:00',NULL),(154,297,13,'2017-08-23 00:00:00',NULL),(155,290,13,'2017-08-23 00:00:00',NULL),(156,280,13,'2017-08-23 00:00:00',NULL),(157,321,13,'2017-08-23 00:00:00',NULL),(158,317,13,'2017-08-23 00:00:00',NULL),(159,119,13,'2017-08-23 00:00:00',NULL),(160,62,13,'2017-08-23 00:00:00',NULL),(161,447,13,'2017-08-23 00:00:00',NULL),(162,448,13,'2017-08-23 00:00:00',NULL),(163,449,13,'2017-08-23 00:00:00',NULL),(164,95,13,'2017-08-23 00:00:00',NULL),(165,450,13,'2017-08-23 00:00:00',NULL),(166,203,13,'2017-08-23 00:00:00',NULL),(167,320,13,'2017-08-23 00:00:00',NULL),(168,291,13,'2017-08-23 00:00:00',NULL),(169,315,13,'2017-08-23 00:00:00',NULL),(170,190,13,'2017-08-23 00:00:00',NULL),(171,210,13,'2017-08-23 00:00:00',NULL),(172,451,13,'2017-08-23 00:00:00',NULL),(173,273,13,'2017-08-23 00:00:00',NULL),(174,301,13,'2017-08-23 00:00:00',NULL),(175,194,13,'2017-08-23 00:00:00',NULL),(176,453,5,'2017-08-23 00:00:00',NULL),(177,452,5,'2017-08-23 00:00:00',NULL),(178,56,10,'2017-08-23 00:00:00',NULL),(179,455,10,'2017-08-23 00:00:00',NULL),(180,85,10,'2017-08-23 00:00:00',NULL),(181,456,10,'2017-08-23 00:00:00',NULL),(182,188,10,'2017-08-23 00:00:00',NULL),(183,457,10,'2017-08-23 00:00:00',NULL),(184,72,10,'2017-08-23 00:00:00',NULL),(185,116,10,'2017-08-23 00:00:00',NULL),(186,138,10,'2017-08-23 00:00:00',NULL),(187,65,10,'2017-08-23 00:00:00',NULL),(188,335,10,'2017-08-23 00:00:00',NULL),(189,172,10,'2017-08-23 00:00:00',NULL),(190,180,10,'2017-08-23 00:00:00',NULL),(191,185,10,'2017-08-23 00:00:00',NULL),(192,158,10,'2017-08-23 00:00:00',NULL),(193,143,10,'2017-08-23 00:00:00',NULL),(194,146,10,'2017-08-23 00:00:00',NULL),(195,150,10,'2017-08-23 00:00:00',NULL),(196,191,10,'2017-08-23 00:00:00',NULL),(197,121,10,'2017-08-23 00:00:00',NULL),(198,120,10,'2017-08-23 00:00:00',NULL),(199,151,10,'2017-08-23 00:00:00',NULL),(200,458,5,'2017-08-23 00:00:00',NULL),(201,459,23,'2017-08-23 00:00:00',NULL),(202,460,23,'2017-08-23 00:00:00',NULL),(203,461,23,'2017-08-23 00:00:00',NULL),(204,462,23,'2017-08-23 00:00:00',NULL),(205,463,23,'2017-08-23 00:00:00',NULL),(206,464,23,'2017-08-23 00:00:00',NULL),(207,465,23,'2017-08-23 00:00:00',NULL),(208,466,23,'2017-08-23 00:00:00',NULL),(209,467,23,'2017-08-23 00:00:00',NULL),(210,468,23,'2017-08-23 00:00:00',NULL),(211,469,23,'2017-08-23 00:00:00',NULL),(212,470,23,'2017-08-23 00:00:00',NULL),(213,471,23,'2017-08-23 00:00:00',NULL),(214,472,23,'2017-08-23 00:00:00',NULL),(215,473,23,'2017-08-23 00:00:00',NULL),(216,474,23,'2017-08-23 00:00:00',NULL),(217,475,23,'2017-08-23 00:00:00',NULL),(218,476,23,'2017-08-23 00:00:00',NULL),(219,477,23,'2017-08-23 00:00:00',NULL),(220,478,23,'2017-08-23 00:00:00',NULL),(221,479,23,'2017-08-23 00:00:00',NULL),(222,480,23,'2017-08-23 00:00:00',NULL),(223,481,23,'2017-08-23 00:00:00',NULL),(224,482,23,'2017-08-23 00:00:00',NULL),(225,483,23,'2017-08-23 00:00:00',NULL),(226,484,23,'2017-08-23 00:00:00',NULL),(227,485,23,'2017-08-23 00:00:00',NULL),(228,486,23,'2017-08-23 00:00:00',NULL),(229,487,23,'2017-08-23 00:00:00',NULL),(230,488,23,'2017-08-23 00:00:00',NULL),(231,489,23,'2017-08-23 00:00:00',NULL),(232,490,23,'2017-08-23 00:00:00',NULL),(233,491,23,'2017-08-23 00:00:00',NULL),(234,492,23,'2017-08-23 00:00:00',NULL),(235,493,23,'2017-08-23 00:00:00',NULL),(236,494,23,'2017-08-23 00:00:00',NULL),(237,495,23,'2017-08-23 00:00:00',NULL),(238,496,22,'2017-08-24 00:00:00',NULL),(239,18,6,'2018-03-23 00:00:00',17);
/*!40000 ALTER TABLE `erp_patrimonio_sala_emp` ENABLE KEYS */;
UNLOCK TABLES;

--
-- Table structure for table `erp_patrimonios`
--

DROP TABLE IF EXISTS `erp_patrimonios`;
/*!40101 SET @saved_cs_client     = @@character_set_client */;
/*!40101 SET character_set_client = utf8 */;
CREATE TABLE `erp_patrimonios` (
  `id` int(11) NOT NULL AUTO_INCREMENT,
  `nome` varchar(255) DEFAULT NULL,
  `nrpatrimonio` varchar(255) DEFAULT NULL,
  `responsavel` varchar(255) DEFAULT NULL,
  `descricao` longtext,
  `observacoes` varchar(45) DEFAULT NULL,
  PRIMARY KEY (`id`)
) ENGINE=InnoDB AUTO_INCREMENT=497 DEFAULT CHARSET=latin1;
/*!40101 SET character_set_client = @saved_cs_client */;

--
-- Dumping data for table `erp_patrimonios`
--

LOCK TABLES `erp_patrimonios` WRITE;
/*!40000 ALTER TABLE `erp_patrimonios` DISABLE KEYS */;
INSERT INTO `erp_patrimonios` VALUES (2,'CAMERA CCD/MONITORAMENTO\n','179011','CEI',' 12 LEDS; INFRAVERMELHO; SENSOR DIGITAL; ESTRUTURA DE PLÁSTICO; COR BRANCA.\n',NULL),(3,'CAMERA CCD/MONITORAMENTO\n','179012','CEI',' 12 LEDS; INFRAVERMELHO; SENSOR DIGITAL; ESTRUTURA DE PLÁSTICO; COR BRANCA.\n',NULL),(4,'CAMERA CCD/MONITORAMENTO\n','179013','CEI',' 12 LEDS; INFRAVERMELHO; SENSOR DIGITAL; ESTRUTURA DE PLÁSTICO; COR BRANCA.\n',NULL),(5,'CAMERA CCD/MONITORAMENTO\n','179014','CEI',' 12 LEDS; INFRAVERMELHO; SENSOR DIGITAL; ESTRUTURA DE PLÁSTICO; COR BRANCA.\n',NULL),(6,'CAMERA CCD/MONITORAMENTO\n','179015','CEI',' 12 LEDS; INFRAVERMELHO; SENSOR DIGITAL; ESTRUTURA DE PLÁSTICO; COR BRANCA.\n',NULL),(7,'CAMERA CCD/MONITORAMENTO\n','179016','CEI',' 12 LEDS; INFRAVERMELHO; SENSOR DIGITAL; ESTRUTURA DE PLÁSTICO; COR BRANCA.\n',NULL),(8,'CAMERA CCD/MONITORAMENTO\n','179017','CEI',' 12 LEDS; INFRAVERMELHO; SENSOR DIGITAL; ESTRUTURA DE PLÁSTICO; COR BRANCA.\n',NULL),(9,'CAMERA CCD/MONITORAMENTO\n','179018','CEI',' 12 LEDS; INFRAVERMELHO; SENSOR DIGITAL; ESTRUTURA DE PLÁSTICO; COR BRANCA.\n',NULL),(10,'CAMERA CCD/MONITORAMENTO\n','179019','CEI',' 12 LEDS; INFRAVERMELHO; SENSOR DIGITAL; ESTRUTURA DE PLÁSTICO; COR BRANCA.\n',NULL),(11,'CAMERA CCD/MONITORAMENTO\n','179020','CEI',' 12 LEDS; INFRAVERMELHO; SENSOR DIGITAL; ESTRUTURA DE PLÁSTICO; COR BRANCA.\n',NULL),(12,'CAMERA CCD/MONITORAMENTO\n','179021','CEI',' 12 LEDS; INFRAVERMELHO; SENSOR DIGITAL; ESTRUTURA DE PLÁSTICO; COR BRANCA.\n',NULL),(13,'CAMERA CCD/MONITORAMENTO\n','179022','CEI',' 12 LEDS; INFRAVERMELHO; SENSOR DIGITAL; ESTRUTURA DE PLÁSTICO; COR BRANCA.\n',NULL),(14,'CAMERA CCD/MONITORAMENTO\n','179023','CEI',' 12 LEDS; INFRAVERMELHO; SENSOR DIGITAL; ESTRUTURA DE PLÁSTICO; COR BRANCA.\n',NULL),(15,'CAMERA CCD/MONITORAMENTO\n','179024','CEI',' 12 LEDS; INFRAVERMELHO; SENSOR DIGITAL; ESTRUTURA DE PLÁSTICO; COR BRANCA.\n',NULL),(16,'CAMERA CCD/MONITORAMENTO\n','179025','CEI',' 24 LEDS; INFRAVERMELHO; SENSOR DIGITAL; ESTRUTURA EM METAL; COR BEGE.\n',NULL),(17,'CAMERA CCD/MONITORAMENTO\n','179026','CEI',' 24 LEDS; INFRAVERMELHO; SENSOR DIGITAL; ESTRUTURA EM METAL; COR BEGE.\n',NULL),(18,'BALCAO\n','393879','CEI',' ESTR.MADEIRA;REVEST.MELAM.COR OVO;2PORTAS;C/CHAVE;C/2PRATEL.;\n',NULL),(19,'ARMARIO\n','393880','CEI',' TIPO ESTANTE;ESTRUT.MADEIRA;COR OVO;REVEST.MELAM.;C/2PORTAS;\n',NULL),(20,'IMPRESSORA MULTIFUNCIONAL\n','398917','CEI',' DE MESA; 20 PPM EM PRETO E BRANCO E 13 PPM COLORIDO; MULTIFUNCIONAL; C/ SCANER; C\n',NULL),(21,'CPU\n','401032','CEI',' PROC. INTEL PENTIUM D DUAL CORE 2.8 GHZ; 1 GB RAM; HD 80 GB; 512 MB; C/ DRIVE 1.44; C/ D\n',NULL),(22,'VIDEO MONITOR','401034','CEI',' LCD; 17; COLORIDO; DIGITAL; RESOL. MAX. 1280X1024; BIVOLT; 50-60 HZ.\r\n',''),(23,'VIDEO MONITOR\n','401035','CEI',' LCD; 17\"; COLORIDO; DIGITAL; RESOL. MAX. 1280X1024; BIVOLT; 50-60 HZ.\n',NULL),(24,'CAIXA DE SOM P/MULTIMÍDIA\n','401038','CEI',' 180 W PMPO; C/ ENTRADA P/ FONES DE OUVIDO E C/ CONTROLADOR DE VOLUME; C/ PROTECA\n',NULL),(25,'CAIXA DE SOM P/MULTIMÍDIA\n','401039','CEI',' 180 W PMPO; C/ ENTRADA P/ FONES DE OUVIDO E C/ CONTROLADOR DE VOLUME; C/ PROTECA\n',NULL),(26,'PROJETOR MÚLTIPLO(DATASHOW)\n','401040','CEI',' DE MESA OU AEREO 2000 ANSI LUMENS; RESOL. NATIV 800X600X3; C/ CONTROLE REMOTO; C/\n',NULL),(27,'BALCAO\n','404180','CEI',' C/2PORTAS C/CHAVE;C/2PRATEL. EM MDF REVEST. MELAM. COR FEIJÃO/\n',NULL),(28,'MESA\n','406962','CEI',' REDONDA;ESTRUTURA METALICA;COR OVO;C/ TAMPO EM MDF; REVEST. EM MELAMINICO N\n',NULL),(29,'CADEIRA GIRATORIA ESTOFADA COM BRACO\n','406963','CEI',' ESTRUTURA METALICA PRETA; C/RODIZIOS;C/ASSENTO E ENCOSTO REVEST. EM TECIDO VER\n',NULL),(30,'NOTEBOOK\n','413107','CEI',' PROC. INTEL CORE 2DUO;PORTATIL;DVD-RW+DVD-RW;C/FONTE DE ALIM.;\n',NULL),(31,'PROJETOR MÚLTIPLO(DATASHOW)\n','418293','CEI',' DIGITAL;DE MESA OU TETO;C/TAMPA P/LENTE;C/CONTROLE REMOTO;\n',NULL),(32,'CAVALETE\n','454297','CEI',' CAVALETE DE MADEIRA COM FRENTE VERDE; MEDINDO 1,80M; COM ABERTURA.\n',NULL),(33,'CAVALETE\n','454298','CEI',' CAVALETE DE MADEIRA COM FRENTE VERDE; MEDINDO 1,80M; COM ABERTURA.\n',NULL),(34,'CAVALETE\n','454299','CEI',' CAVALETE DE MADEIRA COM FRENTE VERDE; MEDINDO 1,80M; COM ABERTURA.\n',NULL),(35,'CADEIRA GIRATORIA ESTOFADA COM BRACO\n','455055','CEI',' C/ BASE GIRATORIA C/ 5 RODIZIOS; C/ BRAÇOS REGULAVEIS; C/ REGULAGEM DE ALTURA; C/ A\n',NULL),(36,'CADEIRA GIRATORIA ESTOFADA COM BRACO\n','455056','CEI',' C/ BASE GIRATORIA C/ 5 RODIZIOS; C/ BRAÇOS REGULAVEIS; C/ REGULAGEM DE ALTURA; C/ A\n',NULL),(37,'CADEIRA GIRATORIA ESTOFADA COM BRACO\n','455057','CEI',' C/ BASE GIRATORIA C/ 5 RODIZIOS; C/ BRAÇOS REGULAVEIS; C/ REGULAGEM DE ALTURA; C/ A\n',NULL),(38,'CADEIRA GIRATORIA ESTOFADA COM BRACO\n','455058','CEI',' C/ BASE GIRATORIA C/ 5 RODIZIOS; C/ BRAÇOS REGULAVEIS; C/ REGULAGEM DE ALTURA; C/ A\n',NULL),(39,'CADEIRA GIRATORIA ESTOFADA COM BRACO\n','455059','CEI',' C/ BASE GIRATORIA C/ 5 RODIZIOS; C/ BRAÇOS REGULAVEIS; C/ REGULAGEM DE ALTURA; C/ A\n',NULL),(40,'CADEIRA GIRATORIA ESTOFADA COM BRACO\n','455060','CEI',' C/ BASE GIRATORIA C/ 5 RODIZIOS; C/ BRAÇOS REGULAVEIS; C/ REGULAGEM DE ALTURA; C/ A\n',NULL),(41,'CADEIRA GIRATORIA ESTOFADA COM BRACO\n','455061','CEI',' C/ BASE GIRATORIA C/ 5 RODIZIOS; C/ BRAÇOS REGULAVEIS; C/ REGULAGEM DE ALTURA; C/ A\n',NULL),(42,'CADEIRA GIRATORIA ESTOFADA COM BRACO\n','455062','CEI',' C/ BASE GIRATORIA C/ 5 RODIZIOS; C/ BRAÇOS REGULAVEIS; C/ REGULAGEM DE ALTURA; C/ A\n',NULL),(43,'CADEIRA GIRATORIA ESTOFADA COM BRACO\n','455063','CEI',' C/ BASE GIRATORIA C/ 5 RODIZIOS; C/ BRAÇOS REGULAVEIS; C/ REGULAGEM DE ALTURA; C/ A\n',NULL),(44,'CADEIRA GIRATORIA ESTOFADA COM BRACO\n','455064','CEI',' C/ BASE GIRATORIA C/ 5 RODIZIOS; C/ BRAÇOS REGULAVEIS; C/ REGULAGEM DE ALTURA; C/ A\n',NULL),(45,'CADEIRA GIRATORIA ESTOFADA COM BRACO\n','455065','CEI',' C/ BASE GIRATORIA C/ 5 RODIZIOS; C/ BRAÇOS REGULAVEIS; C/ REGULAGEM DE ALTURA; C/ A\n',NULL),(46,'CADEIRA GIRATORIA ESTOFADA COM BRACO\n','455066','CEI',' C/ BASE GIRATORIA C/ 5 RODIZIOS; C/ BRAÇOS REGULAVEIS; C/ REGULAGEM DE ALTURA; C/ A\n',NULL),(47,'CADEIRA GIRATORIA ESTOFADA COM BRACO\n','455067','CEI',' C/ BASE GIRATORIA C/ 5 RODIZIOS; C/ BRAÇOS REGULAVEIS; C/ REGULAGEM DE ALTURA; C/ A\n',NULL),(48,'CADEIRA GIRATORIA ESTOFADA COM BRACO\n','455068','CEI',' C/ BASE GIRATORIA C/ 5 RODIZIOS; C/ BRAÇOS REGULAVEIS; C/ REGULAGEM DE ALTURA; C/ A\n',NULL),(49,'CADEIRA GIRATORIA ESTOFADA COM BRACO\n','455069','CEI',' C/ BASE GIRATORIA C/ 5 RODIZIOS; C/ BRAÇOS REGULAVEIS; C/ REGULAGEM DE ALTURA; C/ A\n',NULL),(50,'CADEIRA GIRATORIA ESTOFADA COM BRACO\n','455070','CEI',' C/ BASE GIRATORIA C/ 5 RODIZIOS; C/ BRAÇOS REGULAVEIS; C/ REGULAGEM DE ALTURA; C/ A\n',NULL),(51,'CADEIRA GIRATORIA ESTOFADA COM BRACO\n','455071','CEI',' C/ BASE GIRATORIA C/ 5 RODIZIOS; C/ BRAÇOS REGULAVEIS; C/ REGULAGEM DE ALTURA; C/ A\n',NULL),(52,'CADEIRA GIRATORIA ESTOFADA COM BRACO\n','455072','CEI',' C/ BASE GIRATORIA C/ 5 RODIZIOS; C/ BRAÇOS REGULAVEIS; C/ REGULAGEM DE ALTURA; C/ A\n',NULL),(53,'CADEIRA GIRATORIA ESTOFADA COM BRACO\n','455073','CEI',' C/ BASE GIRATORIA C/ 5 RODIZIOS; C/ BRAÇOS REGULAVEIS; C/ REGULAGEM DE ALTURA; C/ A\n',NULL),(54,'CADEIRA GIRATORIA ESTOFADA COM BRACO\n','455074','CEI',' C/ BASE GIRATORIA C/ 5 RODIZIOS; C/ BRAÇOS REGULAVEIS; C/ REGULAGEM DE ALTURA; C/ A\n',NULL),(55,'CADEIRA GIRATORIA ESTOFADA COM BRACO\n','455075','CEI',' C/ BASE GIRATORIA C/ 5 RODIZIOS; C/ BRAÇOS REGULAVEIS; C/ REGULAGEM DE ALTURA; C/ A\n',NULL),(56,'CADEIRA GIRATORIA ESTOFADA COM BRACO\n','455076','CEI',' C/ BASE GIRATORIA C/ 5 RODIZIOS; C/ BRAÇOS REGULAVEIS; C/ REGULAGEM DE ALTURA; C/ A\n',NULL),(57,'CADEIRA GIRATORIA ESTOFADA COM BRACO\n','455077','CEI',' C/ BASE GIRATORIA C/ 5 RODIZIOS; C/ BRAÇOS REGULAVEIS; C/ REGULAGEM DE ALTURA; C/ A\n',NULL),(58,'CADEIRA GIRATORIA ESTOFADA COM BRACO\n','455078','CEI',' C/ BASE GIRATORIA C/ 5 RODIZIOS; C/ BRAÇOS REGULAVEIS; C/ REGULAGEM DE ALTURA; C/ A\n',NULL),(59,'CADEIRA GIRATORIA ESTOFADA COM BRACO\n','455079','CEI',' C/ BASE GIRATORIA C/ 5 RODIZIOS; C/ BRAÇOS REGULAVEIS; C/ REGULAGEM DE ALTURA; C/ A\n',NULL),(60,'CADEIRA GIRATORIA ESTOFADA COM BRACO\n','455080','CEI',' C/ BASE GIRATORIA C/ 5 RODIZIOS; C/ BRAÇOS REGULAVEIS; C/ REGULAGEM DE ALTURA; C/ A\n',NULL),(61,'CADEIRA GIRATORIA ESTOFADA COM BRACO\n','455081','CEI',' C/ BASE GIRATORIA C/ 5 RODIZIOS; C/ BRAÇOS REGULAVEIS; C/ REGULAGEM DE ALTURA; C/ A\n',NULL),(62,'CADEIRA GIRATORIA ESTOFADA COM BRACO\n','455082','CEI',' C/ BASE GIRATORIA C/ 5 RODIZIOS; C/ BRAÇOS REGULAVEIS; C/ REGULAGEM DE ALTURA; C/ A\n',NULL),(63,'CADEIRA GIRATORIA ESTOFADA COM BRACO\n','455083','CEI',' C/ BASE GIRATORIA C/ 5 RODIZIOS; C/ BRAÇOS REGULAVEIS; C/ REGULAGEM DE ALTURA; C/ A\n',NULL),(64,'CADEIRA GIRATORIA ESTOFADA COM BRACO\n','455084','CEI',' C/ BASE GIRATORIA C/ 5 RODIZIOS; C/ BRAÇOS REGULAVEIS; C/ REGULAGEM DE ALTURA; C/ A\n',NULL),(65,'CADEIRA SEM BRACO ESTOFADO\n','455085','CEI',' FIXA; C/ ASSENTO E ENCOSTO NA COR VERDE.\n',NULL),(66,'CADEIRA SEM BRACO ESTOFADO\n','455086','CEI',' FIXA; C/ ASSENTO E ENCOSTO NA COR VERDE.\n',NULL),(67,'CADEIRA SEM BRACO ESTOFADO\n','455087','CEI',' FIXA; C/ ASSENTO E ENCOSTO NA COR VERDE.\n',NULL),(68,'CADEIRA SEM BRACO ESTOFADO\n','455088','CEI',' FIXA; C/ ASSENTO E ENCOSTO NA COR VERDE.\n',NULL),(69,'CADEIRA SEM BRACO ESTOFADO\n','455089','CEI',' FIXA; C/ ASSENTO E ENCOSTO NA COR VERDE.\n',NULL),(70,'CADEIRA SEM BRACO ESTOFADO\n','455090','CEI',' FIXA; C/ ASSENTO E ENCOSTO NA COR VERDE.\n',NULL),(71,'CADEIRA SEM BRACO ESTOFADO\n','455091','CEI',' FIXA; C/ ASSENTO E ENCOSTO NA COR VERDE.\n',NULL),(72,'CADEIRA SEM BRACO ESTOFADO\n','455092','CEI',' FIXA; C/ ASSENTO E ENCOSTO NA COR VERDE.\n',NULL),(73,'MESA\n','455093','CEI',' REDONDA; ESTRUTURA METALICA; C/ TAMPO EM MDF; COR OVO; C/ 1 M DE DIAMETRO.\n',NULL),(74,'MESA\n','455094','CEI',' REDONDA; ESTRUTURA METALICA; C/ TAMPO EM MDF; COR OVO; C/ 1 M DE DIAMETRO.\n',NULL),(75,'GAVETEIRO\n','455095','CEI',' VOLANTE; C/ 2 GAVETAS P/ PASTAS SUSPENSAS; COR OVO; DIM. 460X535X685.\n',NULL),(76,'BALCAO\n','455096','CEI',' C/ 2 PORTAS C/ CHAVE; C/ PES NIVELADORES; C/ 2 PRATELEIRAS; COR OVO; DIM. 900X425X740\n',NULL),(77,'BALCAO\n','455097','CEI',' C/ 2 PORTAS C/ CHAVE; C/ PES NIVELADORES; C/ 2 PRATELEIRAS; COR OVO; DIM. 900X425X740\n',NULL),(78,'BALCAO\n','455098','CEI',' C/ 2 PORTAS C/ CHAVE; C/ PES NIVELADORES; C/ 2 PRATELEIRAS; COR OVO; DIM. 900X425X740\n',NULL),(79,'BALCAO\n','455099','CEI',' C/ 2 PORTAS C/ CHAVE; C/ PES NIVELADORES; C/ 2 PRATELEIRAS; COR OVO; DIM. 900X425X740\n',NULL),(80,'BALCAO\n','455100','CEI',' C/ 2 PORTAS C/ CHAVE; C/ PES NIVELADORES; C/ 2 PRATELEIRAS; COR OVO; DIM. 900X425X740\n',NULL),(81,'ARMARIO\n','455101','CEI',' C/ 2 PORTAS C/ CHAVE; C/ UMA DIVISORIA C/ 6 PRATELEIRAS; EM MDF; C/ PES NIVELADORES;\n',NULL),(82,'ARMARIO\n','455102','CEI',' C/ 2 PORTAS C/ CHAVE; C/ UMA DIVISORIA C/ 6 PRATELEIRAS; EM MDF; C/ PES NIVELADORES;\n',NULL),(83,'ARMARIO\n','455103','CEI',' C/ 2 PORTAS C/ CHAVE; C/ UMA DIVISORIA C/ 6 PRATELEIRAS; EM MDF; C/ PES NIVELADORES;\n',NULL),(84,'ARMARIO\n','455104','CEI',' C/ 2 PORTAS C/ CHAVE; C/ UMA DIVISORIA C/ 6 PRATELEIRAS; EM MDF; C/ PES NIVELADORES;\n',NULL),(85,'ARMARIO\n','455105','CEI',' ESTANTE; C/ 2 PORTAS BAIXAS C/ CHAVE; C/ 4 PRATELEIRAS; EM MDF; C/ PES NIVELADORES;\n',NULL),(86,'ARMARIO\n','455106','CEI',' ESTANTE; C/ 2 PORTAS BAIXAS C/ CHAVE; C/ 4 PRATELEIRAS; EM MDF; C/ PES NIVELADORES;\n',NULL),(87,'ARMARIO\n','455107','CEI',' ESTANTE; C/ 2 PORTAS BAIXAS C/ CHAVE; C/ 4 PRATELEIRAS; EM MDF; C/ PES NIVELADORES;\n',NULL),(88,'ARMARIO\n','455108','CEI',' ESTANTE; C/ 2 PORTAS BAIXAS C/ CHAVE; C/ 4 PRATELEIRAS; EM MDF; C/ PES NIVELADORES;\n',NULL),(89,'ARMARIO\n','455109','CEI',' ESTANTE; C/ 2 PORTAS BAIXAS C/ CHAVE; C/ 4 PRATELEIRAS; EM MDF; C/ PES NIVELADORES;\n',NULL),(90,'ARQUIVO\n','455110','CEI',' C/ 4 GAVETAS P/ PASTAS SUSPENSAS; COR OVO; EM MDF; C/ RODIZIOS C/ TRAVA; C/ CHAVE; D\n',NULL),(91,'MESA P/REUNIAO\n','455111','CEI',' OVAL; EM MDF; C/ PES NIVELADORES; COR OVO; DIM. 900X74.\n',NULL),(92,'MESA\n','455112','CEI',' EM L; EM MDF; C/ ESTRUTURA EM ALUMINIO; C/ PES NIVELADORES; C/ GAVETEIRO C/ 3 GAVE\n',NULL),(93,'MESA\n','455113','CEI',' EM L; EM MDF; C/ ESTRUTURA EM ALUMINIO; C/ PES NIVELADORES; C/ GAVETEIRO C/ 3 GAVE\n',NULL),(94,'MESA\n','455114','CEI',' EM L; EM MDF; C/ ESTRUTURA EM ALUMINIO; C/ PES NIVELADORES; C/ GAVETEIRO C/ 3 GAVE\n',NULL),(95,'MESA\n','455115','CEI',' EM L; EM MDF; C/ ESTRUTURA EM ALUMINIO; C/ PES NIVELADORES; C/ GAVETEIRO C/ 3 GAVE\n',NULL),(96,'MESA\n','455116','CEI',' EM L; EM MDF; C/ ESTRUTURA EM ALUMINIO; C/ PES NIVELADORES; C/ GAVETEIRO C/ 3 GAVE\n',NULL),(97,'MESA\n','455117','CEI',' EM L; EM MDF; C/ ESTRUTURA EM ALUMINIO; C/ PES NIVELADORES; C/ GAVETEIRO C/ 3 GAVE\n',NULL),(98,'MESA\n','455118','CEI',' EM L; EM MDF; C/ ESTRUTURA EM ALUMINIO; C/ PES NIVELADORES; C/ GAVETEIRO C/ 3 GAVE\n',NULL),(99,'MESA\n','455119','CEI',' EM L; EM MDF; C/ ESTRUTURA EM ALUMINIO; C/ PES NIVELADORES; C/ GAVETEIRO C/ 3 GAVE\n',NULL),(100,'MESA\n','455120','CEI',' EM L; EM MDF; C/ ESTRUTURA EM ALUMINIO; C/ PES NIVELADORES; C/ GAVETEIRO C/ 3 GAVE\n',NULL),(101,'MESA\n','455121','CEI',' EM L; EM MDF; C/ ESTRUTURA EM ALUMINIO; C/ PES NIVELADORES; C/ GAVETEIRO C/ 3 GAVE\n',NULL),(102,'MESA\n','455122','CEI',' EM L; EM MDF; C/ ESTRUTURA EM ALUMINIO; C/ PES NIVELADORES; C/ GAVETEIRO C/ 3 GAVE\n',NULL),(103,'MESA\n','455123','CEI',' EM L; EM MDF; C/ ESTRUTURA EM ALUMINIO; C/ PES NIVELADORES; C/ GAVETEIRO C/ 3 GAVE\n',NULL),(104,'MESA\n','455124','CEI',' EM L; EM MDF; C/ ESTRUTURA EM ALUMINIO; C/ PES NIVELADORES; C/ GAVETEIRO C/ 3 GAVE\n',NULL),(105,'MESA\n','455125','CEI',' EM L; EM MDF; C/ ESTRUTURA EM ALUMINIO; C/ PES NIVELADORES; C/ GAVETEIRO C/ 3 GAVE\n',NULL),(106,'MESA\n','455126','CEI',' EM L; EM MDF; C/ ESTRUTURA EM ALUMINIO; C/ PES NIVELADORES; C/ GAVETEIRO C/ 3 GAVE\n',NULL),(107,'MESA\n','455127','CEI',' EM L; EM MDF; C/ ESTRUTURA EM ALUMINIO; C/ PES NIVELADORES; C/ GAVETEIRO C/ 3 GAVE\n',NULL),(108,'MESA\n','455128','CEI',' EM L; EM MDF; C/ ESTRUTURA EM ALUMINIO; C/ PES NIVELADORES; C/ GAVETEIRO C/ 3 GAVE\n',NULL),(109,'MESA\n','455129','CEI',' EM L; EM MDF; C/ ESTRUTURA EM ALUMINIO; C/ PES NIVELADORES; C/ GAVETEIRO C/ 3 GAVE\n',NULL),(110,'MESA\n','455130','CEI',' EM L; EM MDF; C/ ESTRUTURA EM ALUMINIO; C/ PES NIVELADORES; C/ GAVETEIRO C/ 3 GAVE\n',NULL),(111,'MESA\n','455131','CEI',' EM L; EM MDF; C/ ESTRUTURA EM ALUMINIO; C/ PES NIVELADORES; C/ GAVETEIRO C/ 3 GAVE\n',NULL),(112,'MESA\n','455132','CEI',' EM L; EM MDF; C/ ESTRUTURA EM ALUMINIO; C/ PES NIVELADORES; C/ GAVETEIRO C/ 3 GAVE\n',NULL),(113,'MESA\n','455133','CEI',' EM L; EM MDF; C/ ESTRUTURA EM ALUMINIO; C/ PES NIVELADORES; COR OVO; DIM. 140X120X\n',NULL),(114,'MESA\n','455134','CEI',' EM L; EM MDF; C/ ESTRUTURA EM ALUMINIO; C/ PES NIVELADORES; COR OVO; DIM. 140X120X\n',NULL),(115,'MESA\n','455135','CEI',' EM L; EM MDF; C/ ESTRUTURA EM ALUMINIO; C/ PES NIVELADORES; COR OVO; DIM. 140X120X\n',NULL),(116,'MESA\n','455136','CEI',' EM L; EM MDF; C/ ESTRUTURA EM ALUMINIO; C/ PES NIVELADORES; COR OVO; DIM. 140X120X\n',NULL),(117,'MESA\n','455137','CEI',' EM L; EM MDF; C/ ESTRUTURA EM ALUMINIO; C/ PES NIVELADORES; COR OVO; DIM. 140X120X\n',NULL),(118,'MESA\n','455138','CEI',' EM L; EM MDF; C/ ESTRUTURA EM ALUMINIO; C/ PES NIVELADORES; COR OVO; DIM. 140X120X\n',NULL),(119,'MESA\n','455139','CEI',' EM L; EM MDF; C/ ESTRUTURA EM ALUMINIO; C/ PES NIVELADORES; COR OVO; DIM. 120X140X\n',NULL),(120,'MESA\n','455140','CEI',' EM L; EM MDF; C/ ESTRUTURA EM ALUMINIO; C/ PES NIVELADORES; COR OVO; DIM. 120X140X\n',NULL),(121,'MESA\n','455141','CEI',' EM L; EM MDF; C/ ESTRUTURA EM ALUMINIO; C/ PES NIVELADORES; COR OVO; DIM. 120X140X\n',NULL),(122,'CPU\n','455894','CEI',' PROC. INTEL CORE 2 DUO E7500; 2.93GHZ; MEMÓRIA 4GB; HD 364 GB; C/DVD RW; 50/60 HZ; BIV\n',NULL),(123,'CPU\n','455895','CEI',' PROC. INTEL CORE 2 DUO E7500; 2.93GHZ; MEMÓRIA 4GB; HD 364 GB; C/DVD RW; 50/60 HZ; BIV\n',NULL),(124,'CPU\n','455896','CEI',' PROC. INTEL CORE 2 DUO E7500; 2.93GHZ; MEMÓRIA 4GB; HD 364 GB; C/DVD RW; 50/60 HZ; BIV\n',NULL),(125,'CPU\n','455897','CEI',' PROC. INTEL CORE 2 DUO E7500; 2.93GHZ; MEMÓRIA 4GB; HD 364 GB; C/DVD RW; 50/60 HZ; BIV\n',NULL),(126,'VIDEO MONITOR\n','455899','CEI',' COLORIDO; LCD; 19\"; 50/60 HZ; BIVOLT; NA COR PRETO.\n',NULL),(127,'VIDEO MONITOR\n','455900','CEI',' COLORIDO; LCD; 19\"; 50/60 HZ; BIVOLT; NA COR PRETO.\n',NULL),(128,'VIDEO MONITOR\n','455901','CEI',' COLORIDO; LCD; 19\"; 50/60 HZ; BIVOLT; NA COR PRETO.\n',NULL),(129,'VIDEO MONITOR\n','455902','CEI',' COLORIDO; LCD; 19\"; 50/60 HZ; BIVOLT; NA COR PRETO.\n',NULL),(130,'VIDEO MONITOR\n','455903','CEI',' COLORIDO; LCD; 22\"; 50/60 HZ; BIVOLT; NA COR PRETO.\n',NULL),(131,'CPU\n','457979','CEI',' 2 PROC. INTEL XEON QUAD CORE E5504 2.0 800/4MB; MEM. 8 GB; 2 HD 500 GB; C/ TECLADO E M\n',NULL),(132,'NOTEBOOK\n','458728','CEI',' PROC. INTEL CORE 2 DUO P8600 2.6GHZ; HD 320 GB; MEMÓRIA 4GB; C/CD E DVD RW; C/WEB CA\n',NULL),(133,'CADEIRA SEM BRACO ESTOFADO\n','460979','CEI',' FIXA; ESTRUTURA METÁLICA; ENCOSTO E ASSENTO NA COR VERDE.\n',NULL),(134,'CADEIRA SEM BRACO ESTOFADO\n','460980','CEI',' FIXA; ESTRUTURA METÁLICA; ENCOSTO E ASSENTO NA COR VERDE.\n',NULL),(135,'CADEIRA SEM BRACO ESTOFADO\n','460982','CEI',' FIXA; ESTRUTURA METÁLICA; ENCOSTO E ASSENTO NA COR VERDE.\n',NULL),(136,'CADEIRA SEM BRACO ESTOFADO\n','460984','CEI',' FIXA; ESTRUTURA METÁLICA; ENCOSTO E ASSENTO NA COR VERDE.\n',NULL),(137,'CADEIRA SEM BRACO ESTOFADO','460985','CEI',' FIXA; ESTRUTURA METÁLICA; ENCOSTO E ASSENTO NA COR VERDE.\r\n',''),(138,'CADEIRA SEM BRACO ESTOFADO\n','460986','CEI',' FIXA; ESTRUTURA METÁLICA; ENCOSTO E ASSENTO NA COR VERDE.\n',NULL),(139,'CADEIRA SEM BRACO ESTOFADO\n','460987','CEI',' FIXA; ESTRUTURA METÁLICA; ENCOSTO E ASSENTO NA COR VERDE.\n',NULL),(140,'CADEIRA GIRATORIA ESTOFADA COM BRACO\n','460988','CEI',' C/RODÍZIO DUPLO; C/BRAÇOS REGULÁVEIS; C/ENCOSTO E ASSENTO EM TECIDO NA COR VER\n',NULL),(141,'CADEIRA GIRATORIA ESTOFADA COM BRACO\n','460989','CEI',' C/RODÍZIO DUPLO; C/BRAÇOS REGULÁVEIS; C/ENCOSTO E ASSENTO EM TECIDO NA COR VER\n',NULL),(142,'CADEIRA GIRATORIA ESTOFADA COM BRACO\n','460990','CEI',' C/RODÍZIO DUPLO; C/BRAÇOS REGULÁVEIS; C/ENCOSTO E ASSENTO EM TECIDO NA COR VER\n',NULL),(143,'CADEIRA GIRATORIA ESTOFADA COM BRACO\n','460991','CEI',' C/RODÍZIO DUPLO; C/BRAÇOS REGULÁVEIS; C/ENCOSTO E ASSENTO EM TECIDO NA COR VER\n',NULL),(144,'CADEIRA GIRATORIA ESTOFADA COM BRACO\n','460992','CEI',' C/RODÍZIO DUPLO; C/BRAÇOS REGULÁVEIS; C/ENCOSTO E ASSENTO EM TECIDO NA COR VER\n',NULL),(145,'CADEIRA GIRATORIA ESTOFADA COM BRACO\n','460993','CEI',' C/RODÍZIO DUPLO; C/BRAÇOS REGULÁVEIS; C/ENCOSTO E ASSENTO EM TECIDO NA COR VER\n',NULL),(146,'CADEIRA GIRATORIA ESTOFADA COM BRACO\n','460994','CEI',' C/RODÍZIO DUPLO; C/BRAÇOS REGULÁVEIS; C/ENCOSTO E ASSENTO EM TECIDO NA COR VER\n',NULL),(147,'CADEIRA GIRATORIA ESTOFADA COM BRACO\n','460995','CEI',' C/RODÍZIO DUPLO; C/BRAÇOS REGULÁVEIS; C/ENCOSTO E ASSENTO EM TECIDO NA COR VER\n',NULL),(148,'CADEIRA GIRATORIA ESTOFADA COM BRACO\n','460996','CEI',' C/RODÍZIO DUPLO; C/BRAÇOS REGULÁVEIS; C/ENCOSTO E ASSENTO EM TECIDO NA COR VER\n',NULL),(149,'CADEIRA GIRATORIA ESTOFADA COM BRACO\n','460997','CEI',' C/RODÍZIO DUPLO; C/BRAÇOS REGULÁVEIS; C/ENCOSTO E ASSENTO EM TECIDO NA COR VER\n',NULL),(150,'CADEIRA GIRATORIA ESTOFADA COM BRACO\n','460998','CEI',' C/RODÍZIO DUPLO; C/BRAÇOS REGULÁVEIS; C/ENCOSTO E ASSENTO EM TECIDO NA COR VER\n',NULL),(151,'CADEIRA GIRATORIA ESTOFADA COM BRACO\n','460999','CEI',' C/RODÍZIO DUPLO; C/BRAÇOS REGULÁVEIS; C/ENCOSTO E ASSENTO EM TECIDO NA COR VER\n',NULL),(152,'CADEIRA GIRATORIA ESTOFADA COM BRACO\n','461000','CEI',' C/RODÍZIO DUPLO; C/BRAÇOS REGULÁVEIS; C/ENCOSTO E ASSENTO EM TECIDO NA COR VER\n',NULL),(153,'CADEIRA GIRATORIA ESTOFADA COM BRACO\n','461001','CEI',' C/RODÍZIO DUPLO; C/BRAÇOS REGULÁVEIS; C/ENCOSTO E ASSENTO EM TECIDO NA COR VER\n',NULL),(154,'CADEIRA GIRATORIA ESTOFADA COM BRACO\n','461002','CEI',' C/RODÍZIO DUPLO; C/BRAÇOS REGULÁVEIS; C/ENCOSTO E ASSENTO EM TECIDO NA COR VER\n',NULL),(155,'CADEIRA GIRATORIA ESTOFADA COM BRACO\n','461003','CEI',' C/RODÍZIO DUPLO; C/BRAÇOS REGULÁVEIS; C/ENCOSTO E ASSENTO EM TECIDO NA COR VER\n',NULL),(156,'CADEIRA GIRATORIA ESTOFADA COM BRACO\n','461004','CEI',' C/RODÍZIO DUPLO; C/BRAÇOS REGULÁVEIS; C/ENCOSTO E ASSENTO EM TECIDO NA COR VER\n',NULL),(157,'CADEIRA GIRATORIA ESTOFADA COM BRACO\n','461005','CEI',' C/RODÍZIO DUPLO; C/BRAÇOS REGULÁVEIS; C/ENCOSTO E ASSENTO EM TECIDO NA COR VER\n',NULL),(158,'MESA P/REUNIAO\n','461006','CEI',' REDONDA; ESTRUTURA METÁLICA; NA COR OVO; EM MDP; 1,00 X 0,74; REVESTIDO EM MELAM\n',NULL),(159,'ARMARIO\n','461007','CEI',' ALTO; 2 PORTAS BAIXAS; 1 DIVISÓRIA; 4 PRATELEIRAS; EM MDP; C/CHAVE; C/BASE METÁLICA\n',NULL),(160,'MESA\n','461008','CEI',' EM \"L\"; EM MDP; ESTRUTURA METÁLICA; REVESTIDO EM MELAMÍNICO; COR OVO; 1,10 X 1,60\n',NULL),(161,'MESA\n','461009','CEI',' EM \"L\"; EM MDP; ESTRUTURA METÁLICA; REVESTIDO EM MELAMÍNICO; COR OVO; 1,10 X 1,60\n',NULL),(162,'MESA\n','461010','CEI',' EM \"L\"; EM MDP; ESTRUTURA METÁLICA; REVESTIDO EM MELAMÍNICO; COR OVO; 1,10 X 1,60\n',NULL),(163,'QUADRO BRANCO\n','462914','CEI',' C/MOLDURA EM ALUMÍNIO; 1,50 X 1,20; C/SUPORTE P/APAGADOR.\n',NULL),(164,'QUADRO BRANCO\n','462915','CEI',' C/MOLDURA EM ALUMÍNIO; 1,50 X 1,20; C/SUPORTE P/APAGADOR.\n',NULL),(165,'QUADRO BRANCO\n','462916','CEI',' C/MOLDURA EM ALUMÍNIO; 1,50 X 1,20; C/SUPORTE P/APAGADOR.\n',NULL),(166,'ESTABILIZADOR ALTERNADO DE CORRENTE\n','465565','CEI',' C/ 4 TOMADAS;C/ENTRADA P/ FUSIVEL;115V; 500 VA; 60HZ; NA COR PRETA\n',NULL),(167,'ESTABILIZADOR ALTERNADO DE CORRENTE\n','465566','CEI',' C/ 4 TOMADAS;C/ENTRADA P/ FUSIVEL;115V; 500 VA; 60HZ; NA COR PRETA\n',NULL),(168,'ESTABILIZADOR ALTERNADO DE CORRENTE\n','465567','CEI',' C/ 4 TOMADAS;C/ENTRADA P/ FUSIVEL;115V; 500 VA; 60HZ; NA COR PRETA\n',NULL),(169,'CADEIRA SEM BRACO ESTOFADO\n','469124','CEI',' DIGITADORA; BASE FIXA; C/ 4 PES; C/ ENCOSTO; S/ BRAÇO; NA COR VERDE XADREZ\n',NULL),(170,'CADEIRA SEM BRACO ESTOFADO\n','469125','CEI',' DIGITADORA; BASE FIXA; C/ 4 PES; C/ ENCOSTO; S/ BRAÇO; NA COR VERDE XADREZ\n',NULL),(171,'CADEIRA SEM BRACO ESTOFADO\n','469126','CEI',' DIGITADORA; BASE FIXA; C/ 4 PES; C/ ENCOSTO; S/ BRAÇO; NA COR VERDE XADREZ\n',NULL),(172,'CADEIRA SEM BRACO ESTOFADO\n','469127','CEI',' DIGITADORA; BASE FIXA; C/ 4 PES; C/ ENCOSTO; S/ BRAÇO; NA COR VERDE XADREZ\n',NULL),(173,'CADEIRA SEM BRACO ESTOFADO\n','469128','CEI',' DIGITADORA; BASE FIXA; C/ 4 PES; C/ ENCOSTO; S/ BRAÇO; NA COR VERDE XADREZ\n',NULL),(174,'CADEIRA SEM BRACO ESTOFADO\n','469129','CEI',' DIGITADORA; BASE FIXA; C/ 4 PES; C/ ENCOSTO; S/ BRAÇO; NA COR VERDE XADREZ\n',NULL),(175,'CADEIRA SEM BRACO ESTOFADO\n','469130','CEI',' DIGITADORA; BASE FIXA; C/ 4 PES; C/ ENCOSTO; S/ BRAÇO; NA COR VERDE XADREZ\n',NULL),(176,'CADEIRA SEM BRACO ESTOFADO\n','469131','CEI',' DIGITADORA; BASE FIXA; C/ 4 PES; C/ ENCOSTO; S/ BRAÇO; NA COR VERDE XADREZ\n',NULL),(177,'CADEIRA SEM BRACO ESTOFADO\n','469132','CEI',' DIGITADORA; BASE FIXA; C/ 4 PES; C/ ENCOSTO; S/ BRAÇO; NA COR VERDE XADREZ\n',NULL),(178,'CADEIRA SEM BRACO ESTOFADO\n','469133','CEI',' DIGITADORA; BASE FIXA; C/ 4 PES; C/ ENCOSTO; S/ BRAÇO; NA COR VERDE XADREZ\n',NULL),(179,'CADEIRA SEM BRACO ESTOFADO\n','469134','CEI',' DIGITADORA; BASE FIXA; C/ 4 PES; C/ ENCOSTO; S/ BRAÇO; NA COR VERDE XADREZ\n',NULL),(180,'CADEIRA SEM BRACO ESTOFADO\n','469135','CEI',' DIGITADORA; BASE FIXA; C/ 4 PES; C/ ENCOSTO; S/ BRAÇO; NA COR VERDE XADREZ\n',NULL),(181,'MESA\n','469743','CEI',' RETANGULAR; EM MDP; ESTRUTURA METALICA; C/ PES NIVELADORES; COR OVO; DIM. 110X6\n',NULL),(182,'MESA\n','469744','CEI',' RETANGULAR; EM MDP; ESTRUTURA METALICA; C/ PES NIVELADORES; COR OVO; DIM. 110X6\n',NULL),(183,'MESA\n','469745','CEI',' RETANGULAR; EM MDP; ESTRUTURA METALICA; C/ PES NIVELADORES; COR OVO; DIM. 110X6\n',NULL),(184,'MESA\n','469746','CEI',' RETANGULAR; EM MDP; ESTRUTURA METALICA; C/ PES NIVELADORES; COR OVO; DIM. 110X6\n',NULL),(185,'MESA\n','469747','CEI',' RETANGULAR; EM MDP; ESTRUTURA METALICA; C/ PES NIVELADORES; COR OVO; DIM. 120X6\n',NULL),(186,'MESA\n','469748','CEI',' RETANGULAR; EM MDP; ESTRUTURA METALICA; C/ PES NIVELADORES; COR OVO; DIM. 120X6\n',NULL),(187,'MESA\n','469749','CEI',' RETANGULAR; EM MDP; ESTRUTURA METALICA; C/ PES NIVELADORES; COR OVO; DIM. 120X6\n',NULL),(188,'MESA\n','469750','CEI',' RETANGULAR; EM MDP; ESTRUTURA METALICA; C/ PES NIVELADORES; COR OVO; DIM. 120X6\n',NULL),(189,'MESA\n','469751','CEI',' RETANGULAR; EM MDP; ESTRUTURA METALICA; C/ PES NIVELADORES; COR OVO; DIM. 120X6\n',NULL),(190,'MESA\n','469752','CEI',' EM L; ESTRUTURA EM PVC; C/ TAMPA EM MDP; C/ PES NIVELADORES; DIM. 160X120X60X74; C/\n',NULL),(191,'MESA\n','469753','CEI',' EM L; ESTRUTURA EM PVC; C/ TAMPA EM MDP; C/ PES NIVELADORES; DIM. 160X120X60X74; C/\n',NULL),(192,'MESA\n','469754','CEI',' EM L; ESTRUTURA EM PVC; C/ TAMPA EM MDP; C/ PES NIVELADORES; C/ GAVETEIRO FIXO; DI\n',NULL),(193,'MESA\n','469755','CEI',' EM L; ESTRUTURA EM PVC; C/ TAMPA EM MDP; C/ PES NIVELADORES; C/ GAVETEIRO FIXO; DI\n',NULL),(194,'MESA\n','469756','CEI',' EM L; ESTRUTURA EM PVC; C/ TAMPA EM MDP; C/ PES NIVELADORES; C/ GAVETEIRO FIXO; DI\n',NULL),(195,'MESA\n','469757','CEI',' EM L; ESTRUTURA EM PVC; C/ TAMPA EM MDP; C/ PES NIVELADORES; C/ GAVETEIRO FIXO; DI\n',NULL),(196,'MESA\n','469758','CEI',' EM L; ESTRUTURA EM PVC; C/ TAMPA EM MDP; C/ PES NIVELADORES; C/ GAVETEIRO FIXO; DI\n',NULL),(197,'BALCAO\n','469759','CEI',' 2 PORTAS; C/ 1 DIVISORIA; 2 PRATELEIRAS; EM MDP; C/ CHAVE; COR OVO; DIM. 90X42X74\n',NULL),(198,'BALCAO\n','469760','CEI',' 2 PORTAS; C/ 1 DIVISORIA; 2 PRATELEIRAS; EM MDP; C/ CHAVE; COR OVO; DIM. 90X42X74\n',NULL),(199,'GAVETEIRO\n','469761','CEI',' 2 GAVETAS; EM MDP; C/ RODIZIO DUPLO; EM MDP; COR OVO; DIM. 46X53X68.\n',NULL),(200,'MESA P/REUNIAO\n','469762','CEI',' REDONDA; C/ TAMPO EM MDP; C/ PES NIVELADORES; COR OVO.\n',NULL),(201,'MESA P/REUNIAO\n','469763','CEI',' EM L; ESTRUTURA DE PVC; C/ TAMPO EM MDP; C/ PES NIVELADORES; C/ GAVETEIRO FIXO; CO\n',NULL),(202,'CADEIRA GIRATORIA ESTOFADA COM BRACO\n','480509','CEI',' C/ REGULAGEM DE ALTURA; C/ ENCOSTO E ASSENTO REV. EM TECIDO; C/ RODIZIO; COR VERD\n',NULL),(203,'CADEIRA GIRATORIA ESTOFADA COM BRACO\n','480510','CEI',' C/ REGULAGEM DE ALTURA; C/ ENCOSTO E ASSENTO REV. EM TECIDO; C/ RODIZIO; COR VERD\n',NULL),(204,'CADEIRA GIRATORIA ESTOFADA COM BRACO\n','480511','CEI',' C/ REGULAGEM DE ALTURA; C/ ENCOSTO E ASSENTO REV. EM TECIDO; C/ RODIZIO; COR VERD\n',NULL),(205,'CADEIRA GIRATORIA ESTOFADA COM BRACO\n','480512','CEI',' C/ REGULAGEM DE ALTURA; C/ ENCOSTO E ASSENTO REV. EM TECIDO; C/ RODIZIO; COR VERD\n',NULL),(206,'CADEIRA GIRATORIA ESTOFADA COM BRACO\n','480513','CEI',' C/ REGULAGEM DE ALTURA; C/ ENCOSTO E ASSENTO REV. EM TECIDO; C/ RODIZIO; COR VERD\n',NULL),(207,'CADEIRA GIRATORIA ESTOFADA COM BRACO\n','480514','CEI',' C/ REGULAGEM DE ALTURA; C/ ENCOSTO E ASSENTO REV. EM TECIDO; C/ RODIZIO; COR VERD\n',NULL),(208,'CADEIRA GIRATORIA ESTOFADA COM BRACO\n','480515','CEI',' C/ REGULAGEM DE ALTURA; C/ ENCOSTO E ASSENTO REV. EM TECIDO; C/ RODIZIO; COR VERD\n',NULL),(209,'CADEIRA GIRATORIA ESTOFADA COM BRACO\n','480516','CEI',' C/ REGULAGEM DE ALTURA; C/ ENCOSTO E ASSENTO REV. EM TECIDO; C/ RODIZIO; COR VERD\n',NULL),(210,'CADEIRA GIRATORIA ESTOFADA COM BRACO\n','480517','CEI',' C/ REGULAGEM DE ALTURA; C/ ENCOSTO E ASSENTO REV. EM TECIDO; C/ RODIZIO; COR VERD\n',NULL),(211,'CADEIRA GIRATORIA ESTOFADA COM BRACO\n','480518','CEI',' C/ REGULAGEM DE ALTURA; C/ ENCOSTO E ASSENTO REV. EM TECIDO; C/ RODIZIO; COR VERD\n',NULL),(212,'CADEIRA GIRATORIA ESTOFADA COM BRACO\n','480519','CEI',' C/ REGULAGEM DE ALTURA; C/ ENCOSTO E ASSENTO REV. EM TECIDO; C/ RODIZIO; COR VERD\n',NULL),(213,'CADEIRA GIRATORIA ESTOFADA COM BRACO\n','480520','CEI',' C/ REGULAGEM DE ALTURA; C/ ENCOSTO E ASSENTO REV. EM TECIDO; C/ RODIZIO; COR VERD\n',NULL),(214,'IMPRESSORA\n','513358','CEI',' DE MESA; BIVOLT; 50/60 HZ; 5.3A; C/BOTÃO LIGA/DESL.; C/PAINEL DE CONTROLE; C/TAMPA; N\n',NULL),(215,'CPU\n','521777','CEI',' PROC. INTEL CORE I7; MEMÓRIA 8GB; HD 1TB; C/LEITOR DE CD/DVD; C/TECLADO E MOUSE; C/\n',NULL),(216,'CPU\n','521778','CEI',' PROC. INTEL CORE I7; MEMÓRIA 8GB; HD 1TB; C/LEITOR DE CD/DVD; C/TECLADO E MOUSE; C/\n',NULL),(217,'VIDEO MONITOR\n','521779','CEI',' LED; 22\"; LCD; BIVOLT; C/ACESSÓRIOS; NA COR PRETO.\n',NULL),(218,'VIDEO MONITOR\n','521780','CEI',' LED; 22\"; LCD; BIVOLT; C/ACESSÓRIOS; NA COR PRETO.\n',NULL),(219,'CPU C/ VÍDEO MONITOR INTEGRADO\n','531100','CEI',' PROC. CORE I3; HD 500GB; MEMÓRIA 4GB; C/TECLADO E MOUSE; 23\"; C/BASE; C/ENTRADA USB\n',NULL),(220,'CPU C/ VÍDEO MONITOR INTEGRADO\n','531101','CEI',' PROC. CORE I3; HD 500GB; MEMÓRIA 4GB; C/TECLADO E MOUSE; 23\"; C/BASE; C/ENTRADA USB\n',NULL),(221,'CPU C/ VÍDEO MONITOR INTEGRADO\n','531102','CEI',' PROC. CORE I3; HD 500GB; MEMÓRIA 4GB; C/TECLADO E MOUSE; 23\"; C/BASE; C/ENTRADA USB\n',NULL),(222,'CPU C/ VÍDEO MONITOR INTEGRADO\n','531103','CEI',' PROC. CORE I3; HD 500GB; MEMÓRIA 4GB; C/TECLADO E MOUSE; 23\"; C/BASE; C/ENTRADA USB\n',NULL),(223,'VIDEO MONITOR\n','537763','CEI',' 23 POLEGADAS; C/ BASE; C/ FONTE; C/ REGULAGEM DE ALTURA; C/ LED; C/ ACESSORIOS; NA C\n',NULL),(224,'VIDEO MONITOR','537764','CEI',' 23 POLEGADAS; C/ BASE; C/ FONTE; C/ REGULAGEM DE ALTURA; C/ LED; C/ ACESSORIOS; NA C\r\n',NULL),(225,'VIDEO MONITOR\n','537765','CEI',' 23 POLEGADAS; C/ BASE; C/ FONTE; C/ REGULAGEM DE ALTURA; C/ LED; C/ ACESSORIOS; NA C\n',NULL),(226,'VIDEO MONITOR\n','537766','CEI',' 23 POLEGADAS; C/ BASE; C/ FONTE; C/ REGULAGEM DE ALTURA; C/ LED; C/ ACESSORIOS; NA C\n',NULL),(227,'VIDEO MONITOR\n','537767','CEI',' 23 POLEGADAS; C/ BASE; C/ FONTE; C/ REGULAGEM DE ALTURA; C/ LED; C/ ACESSORIOS; NA C\n',NULL),(228,'VIDEO MONITOR\n','537768','CEI',' 23 POLEGADAS; C/ BASE; C/ FONTE; C/ REGULAGEM DE ALTURA; C/ LED; C/ ACESSORIOS; NA C\n',NULL),(229,'CPU\n','537769','CEI',' C/ TECLADO E MOUSE; C/ ENTRADA USB; C/ LEITOR DE CD/DVD; C/ LED; C/ ENTRADA HDMI; P\n',NULL),(230,'CPU\n','537770','CEI',' C/ TECLADO E MOUSE; C/ ENTRADA USB; C/ LEITOR DE CD/DVD; C/ LED; C/ ENTRADA HDMI; P\n',NULL),(231,'CPU\n','537771','CEI',' C/ TECLADO E MOUSE; C/ ENTRADA USB; C/ LEITOR DE CD/DVD; C/ LED; C/ ENTRADA HDMI; P\n',NULL),(232,'CPU\n','537772','CEI',' C/ TECLADO E MOUSE; C/ ENTRADA USB; C/ LEITOR DE CD/DVD; C/ LED; C/ ENTRADA HDMI; P\n',NULL),(233,'CPU\n','537773','CEI',' C/ TECLADO E MOUSE; C/ ENTRADA USB; C/ LEITOR DE CD/DVD; C/ LED; C/ ENTRADA HDMI; P\n',NULL),(234,'CPU\n','537774','CEI',' C/ TECLADO E MOUSE; C/ ENTRADA USB; C/ LEITOR DE CD/DVD; C/ LED; C/ ENTRADA HDMI; P\n',NULL),(235,'CAIXA DE SOM P/MULTIMÍDIA\n','537778','CEI',' C/ SAIDA USB; C/ ESTRUTURA PLASTICA; NA COR PRETO; C/ AJUSTE DE VOLUME;C/ LED\n',NULL),(236,'CAIXA DE SOM P/MULTIMÍDIA\n','537779','CEI',' C/ SAIDA USB; C/ ESTRUTURA PLASTICA; NA COR PRETO; C/ AJUSTE DE VOLUME;C/ LED\n',NULL),(237,'CAIXA DE SOM P/MULTIMÍDIA\n','537780','CEI',' C/ SAIDA USB; C/ ESTRUTURA PLASTICA; NA COR PRETO; C/ AJUSTE DE VOLUME;C/ LED\n',NULL),(238,'CAIXA DE SOM P/MULTIMÍDIA\n','537781','CEI',' C/ SAIDA USB; C/ ESTRUTURA PLASTICA; NA COR PRETO; C/ AJUSTE DE VOLUME;C/ LED\n',NULL),(239,'CAIXA DE SOM P/MULTIMÍDIA\n','537782','CEI',' C/ SAIDA USB; C/ ESTRUTURA PLASTICA; NA COR PRETO; C/ AJUSTE DE VOLUME;C/ LED\n',NULL),(240,'CAIXA DE SOM P/MULTIMÍDIA\n','537783','CEI',' C/ SAIDA USB; C/ ESTRUTURA PLASTICA; NA COR PRETO; C/ AJUSTE DE VOLUME;C/ LED\n',NULL),(241,'CAIXA DE SOM P/MULTIMÍDIA\n','537784','CEI',' C/ SAIDA USB; C/ ESTRUTURA PLASTICA; NA COR PRETO; C/ AJUSTE DE VOLUME;C/ LED\n',NULL),(242,'CAIXA DE SOM P/MULTIMÍDIA\n','537785','CEI',' C/ SAIDA USB; C/ ESTRUTURA PLASTICA; NA COR PRETO; C/ AJUSTE DE VOLUME;C/ LED\n',NULL),(243,'CAIXA DE SOM P/MULTIMÍDIA\n','537786','CEI',' C/ SAIDA USB; C/ ESTRUTURA PLASTICA; NA COR PRETO; C/ AJUSTE DE VOLUME;C/ LED\n',NULL),(244,'CAIXA DE SOM P/MULTIMÍDIA\n','537787','CEI',' C/ SAIDA USB; C/ ESTRUTURA PLASTICA; NA COR PRETO; C/ AJUSTE DE VOLUME;C/ LED\n',NULL),(245,'CAIXA DE SOM P/MULTIMÍDIA\n','537788','CEI',' C/ SAIDA USB; C/ ESTRUTURA PLASTICA; NA COR PRETO; C/ AJUSTE DE VOLUME;C/ LED\n',NULL),(246,'CAIXA DE SOM P/MULTIMÍDIA\n','537789','CEI',' C/ SAIDA USB; C/ ESTRUTURA PLASTICA; NA COR PRETO; C/ AJUSTE DE VOLUME;C/ LED\n',NULL),(247,'TELEFONE\n','540408','CEI',' DIGITAL; DE MESA; C/PAINEL DE CONTROLE; NA COR CINZA.\n',NULL),(248,'TELEFONE\n','541341','CEI',' DE PAREDE OU MESA; C/CHAVE; C/CONTROLE DE VOLUME; C/IDENTIFICAÇÃO DE CHAMADAS\n',NULL),(249,'IMPRESSORA\n','547500','CEI',' C/VISOR; PAINEL DE CONTROLE; CABO USB; 127V; NA COR CINZA.\n',NULL),(250,'TELEFONE\n','556154','CEI',' C/FIO; C/AGENDA ELETRÔNICA; C/MICROFONE; C/CONTROLE DE VOLUME; C/ESPERA P/ATÉ 3\n',NULL),(251,'CENTRAL DE MONITORAMENTO\n','560462','CEI',' 16 CANAIS; USB; HDMI; LED; ESTRUTURA EM METAL; HD DE 1TB; COR PRETA.\n',NULL),(252,'VIDEO MONITOR\n','562558','CEI',' 23\"; VGA; DVI; HDMI; USB; BIVOLT; 1.5A; 50/60HZ; COR PRETA.\n',NULL),(253,'VIDEO MONITOR\n','562559','CEI',' 23\"; VGA; DVI; HDMI; USB; BIVOLT; 1.5A; 50/60HZ; COR PRETA.\n',NULL),(254,'VIDEO MONITOR\n','562560','CEI',' 23\"; VGA; DVI; HDMI; USB; BIVOLT; 1.5A; 50/60HZ; COR PRETA.\n',NULL),(255,'VIDEO MONITOR\n','562561','CEI',' 23\"; VGA; DVI; HDMI; USB; BIVOLT; 1.5A; 50/60HZ; COR PRETA.\n',NULL),(256,'VIDEO MONITOR\n','562562','CEI',' 23\"; VGA; DVI; HDMI; USB; BIVOLT; 1.5A; 50/60HZ; COR PRETA.\n',NULL),(257,'VIDEO MONITOR\n','562563','CEI',' 23\"; VGA; DVI; HDMI; USB; BIVOLT; 1.5A; 50/60HZ; COR PRETA.\n',NULL),(258,'VIDEO MONITOR\n','562564','CEI',' 23\"; VGA; DVI; HDMI; USB; BIVOLT; 1.5A; 50/60HZ; COR PRETA.\n',NULL),(259,'VIDEO MONITOR\n','562565','CEI',' 23\"; VGA; DVI; HDMI; USB; BIVOLT; 1.5A; 50/60HZ; COR PRETA.\n',NULL),(260,'CPU\n','562566','CEI',' 4GB DE MEMÓRIA RAM; PREOCESSADOR CORE I5; 1TB DE HD; HDMI; USB 3.0; VGA; COR PRETA\n',NULL),(261,'CPU\n','562567','CEI',' 4GB DE MEMÓRIA RAM; PREOCESSADOR CORE I5; 1TB DE HD; HDMI; USB 3.0; VGA; COR PRETA\n',NULL),(262,'CPU\n','562568','CEI',' 4GB DE MEMÓRIA RAM; PREOCESSADOR CORE I5; 1TB DE HD; HDMI; USB 3.0; VGA; COR PRETA\n',NULL),(263,'CPU\n','562569','CEI',' 4GB DE MEMÓRIA RAM; PREOCESSADOR CORE I5; 1TB DE HD; HDMI; USB 3.0; VGA; COR PRETA\n',NULL),(264,'CPU\n','562570','CEI',' 4GB DE MEMÓRIA RAM; PREOCESSADOR CORE I5; 1TB DE HD; HDMI; USB 3.0; VGA; COR PRETA\n',NULL),(265,'CPU\n','562571','CEI',' 4GB DE MEMÓRIA RAM; PREOCESSADOR CORE I5; 1TB DE HD; HDMI; USB 3.0; VGA; COR PRETA\n',NULL),(266,'CPU\n','562572','CEI',' 4GB DE MEMÓRIA RAM; PREOCESSADOR CORE I5; 1TB DE HD; HDMI; USB 3.0; VGA; COR PRETA\n',NULL),(267,'CPU\n','562573','CEI',' 4GB DE MEMÓRIA RAM; PREOCESSADOR CORE I5; 1TB DE HD; HDMI; USB 3.0; VGA; COR PRETA\n',NULL),(268,'TELEFONE\n','569196','CEI',' C/FIO; C/DISPLAY LUMINOSO; VIVA VOZ; C/IDENTIFICAÇÃO DE CHAMADA; DISCAGEM INDIRE\n',NULL),(269,'TELEFONE\n','569197','CEI',' C/FIO; C/DISPLAY LUMINOSO; VIVA VOZ; C/IDENTIFICAÇÃO DE CHAMADA; DISCAGEM INDIRE\n',NULL),(270,'TELEFONE\n','569198','CEI',' C/FIO; C/DISPLAY LUMINOSO; VIVA VOZ; C/IDENTIFICAÇÃO DE CHAMADA; DISCAGEM INDIRE\n',NULL),(271,'TELEFONE\n','569199','CEI',' C/FIO; C/DISPLAY LUMINOSO; VIVA VOZ; C/IDENTIFICAÇÃO DE CHAMADA; DISCAGEM INDIRE\n',NULL),(272,'TELEFONE\n','569200','CEI',' C/FIO; C/DISPLAY LUMINOSO; VIVA VOZ; C/IDENTIFICAÇÃO DE CHAMADA; DISCAGEM INDIRE\n',NULL),(273,'CPU\n','569501','CEI',' PROCESSADOR AMD A10; 8GB DE MEMÓRIA RAM; 1TB DE HD; WINDOWS 8.1 PRÓ; COM TECLA\n',NULL),(274,'CPU\n','569502','CEI',' PROCESSADOR AMD A10; 8GB DE MEMÓRIA RAM; 1TB DE HD; WINDOWS 8.1 PRÓ; COM TECLA\n',NULL),(275,'CPU\n','569503','CEI',' PROCESSADOR AMD A10; 8GB DE MEMÓRIA RAM; 1TB DE HD; WINDOWS 8.1 PRÓ; COM TECLA\n',NULL),(276,'CPU\n','569504','CEI',' PROCESSADOR AMD A10; 8GB DE MEMÓRIA RAM; 1TB DE HD; WINDOWS 8.1 PRÓ; COM TECLA\n',NULL),(277,'CPU\n','569505','CEI',' PROCESSADOR AMD A10; 8GB DE MEMÓRIA RAM; 1TB DE HD; WINDOWS 8.1 PRÓ; COM TECLA\n',NULL),(278,'CPU\n','569506','CEI',' PROCESSADOR AMD A10; 8GB DE MEMÓRIA RAM; 1TB DE HD; WINDOWS 8.1 PRÓ; COM TECLA\n',NULL),(279,'CPU\n','569507','CEI',' PROCESSADOR AMD A10; 8GB DE MEMÓRIA RAM; 1TB DE HD; WINDOWS 8.1 PRÓ; COM TECLA\n',NULL),(280,'CPU\n','569508','CEI',' PROCESSADOR AMD A10; 8GB DE MEMÓRIA RAM; 1TB DE HD; WINDOWS 8.1 PRÓ; COM TECLA\n',NULL),(281,'CPU\n','569509','CEI',' PROCESSADOR AMD A10; 8GB DE MEMÓRIA RAM; 1TB DE HD; WINDOWS 8.1 PRÓ; COM TECLA\n',NULL),(282,'CPU\n','569510','CEI',' PROCESSADOR AMD A10; 8GB DE MEMÓRIA RAM; 1TB DE HD; WINDOWS 8.1 PRÓ; COM TECLA\n',NULL),(283,'CPU\n','569511','CEI',' PROCESSADOR AMD A10; 8GB DE MEMÓRIA RAM; 1TB DE HD; WINDOWS 8.1 PRÓ; COM TECLA\n',NULL),(284,'CPU\n','569512','CEI',' PROCESSADOR AMD A10; 8GB DE MEMÓRIA RAM; 1TB DE HD; WINDOWS 8.1 PRÓ; COM TECLA\n',NULL),(285,'CPU\n','569513','CEI',' PROCESSADOR AMD A10; 8GB DE MEMÓRIA RAM; 1TB DE HD; WINDOWS 8.1 PRÓ; COM TECLA\n',NULL),(286,'CPU\n','569514','CEI',' PROCESSADOR AMD A10; 8GB DE MEMÓRIA RAM; 1TB DE HD; WINDOWS 8.1 PRÓ; COM TECLA\n',NULL),(287,'CPU\n','569515','CEI',' PROCESSADOR AMD A10; 8GB DE MEMÓRIA RAM; 1TB DE HD; WINDOWS 8.1 PRÓ; COM TECLA\n',NULL),(288,'CPU\n','569516','CEI',' PROCESSADOR AMD A10; 8GB DE MEMÓRIA RAM; 1TB DE HD; WINDOWS 8.1 PRÓ; COM TECLA\n',NULL),(289,'CPU\n','569517','CEI',' PROCESSADOR AMD A10; 8GB DE MEMÓRIA RAM; 1TB DE HD; WINDOWS 8.1 PRÓ; COM TECLA\n',NULL),(290,'CPU\n','569518','CEI',' PROCESSADOR AMD A10; 8GB DE MEMÓRIA RAM; 1TB DE HD; WINDOWS 8.1 PRÓ; COM TECLA\n',NULL),(291,'CPU\n','569519','CEI',' PROCESSADOR AMD A10; 8GB DE MEMÓRIA RAM; 1TB DE HD; WINDOWS 8.1 PRÓ; COM TECLA\n',NULL),(292,'CPU\n','569520','CEI',' PROCESSADOR AMD A10; 8GB DE MEMÓRIA RAM; 1TB DE HD; WINDOWS 8.1 PRÓ; COM TECLA\n',NULL),(293,'CPU\n','569521','CEI',' PROCESSADOR AMD A10; 8GB DE MEMÓRIA RAM; 1TB DE HD; WINDOWS 8.1 PRÓ; COM TECLA\n',NULL),(294,'CPU\n','569522','CEI',' PROCESSADOR AMD A10; 8GB DE MEMÓRIA RAM; 1TB DE HD; WINDOWS 8.1 PRÓ; COM TECLA\n',NULL),(295,'CPU\n','569523','CEI',' PROCESSADOR AMD A10; 8GB DE MEMÓRIA RAM; 1TB DE HD; WINDOWS 8.1 PRÓ; COM TECLA\n',NULL),(296,'VIDEO MONITOR\n','569524','CEI',' TELA DE 24\"; LED; DVI; VGA; BIVOLT; 50-60HZ; COM CABOS; 1.5A; COR PRETO.\n',NULL),(297,'VIDEO MONITOR\n','569525','CEI',' TELA DE 24\"; LED; DVI; VGA; BIVOLT; 50-60HZ; COM CABOS; 1.5A; COR PRETO.\n',NULL),(298,'VIDEO MONITOR\n','569526','CEI',' TELA DE 24\"; LED; DVI; VGA; BIVOLT; 50-60HZ; COM CABOS; 1.5A; COR PRETO.\n',NULL),(299,'VIDEO MONITOR\n','569527','CEI',' TELA DE 24\"; LED; DVI; VGA; BIVOLT; 50-60HZ; COM CABOS; 1.5A; COR PRETO.\n',NULL),(300,'VIDEO MONITOR\n','569528','CEI',' TELA DE 24\"; LED; DVI; VGA; BIVOLT; 50-60HZ; COM CABOS; 1.5A; COR PRETO.\n',NULL),(301,'VIDEO MONITOR\n','569529','CEI',' TELA DE 24\"; LED; DVI; VGA; BIVOLT; 50-60HZ; COM CABOS; 1.5A; COR PRETO.\n',NULL),(302,'VIDEO MONITOR\n','569530','CEI',' TELA DE 24\"; LED; DVI; VGA; BIVOLT; 50-60HZ; COM CABOS; 1.5A; COR PRETO.\n',NULL),(303,'VIDEO MONITOR\n','569531','CEI',' TELA DE 24\"; LED; DVI; VGA; BIVOLT; 50-60HZ; COM CABOS; 1.5A; COR PRETO.\n',NULL),(304,'VIDEO MONITOR\n','569532','CEI',' TELA DE 24\"; LED; DVI; VGA; BIVOLT; 50-60HZ; COM CABOS; 1.5A; COR PRETO.\n',NULL),(305,'VIDEO MONITOR\n','569533','CEI',' TELA DE 24\"; LED; DVI; VGA; BIVOLT; 50-60HZ; COM CABOS; 1.5A; COR PRETO.\n',NULL),(306,'VIDEO MONITOR\n','569534','CEI',' TELA DE 24\"; LED; DVI; VGA; BIVOLT; 50-60HZ; COM CABOS; 1.5A; COR PRETO.\n',NULL),(307,'VIDEO MONITOR\n','569535','CEI',' TELA DE 24\"; LED; DVI; VGA; BIVOLT; 50-60HZ; COM CABOS; 1.5A; COR PRETO.\n',NULL),(308,'VIDEO MONITOR\n','569536','CEI',' TELA DE 24\"; LED; DVI; VGA; BIVOLT; 50-60HZ; COM CABOS; 1.5A; COR PRETO.\n',NULL),(309,'VIDEO MONITOR\n','569537','CEI',' TELA DE 24\"; LED; DVI; VGA; BIVOLT; 50-60HZ; COM CABOS; 1.5A; COR PRETO.\n',NULL),(310,'VIDEO MONITOR\n','569538','CEI',' TELA DE 24\"; LED; DVI; VGA; BIVOLT; 50-60HZ; COM CABOS; 1.5A; COR PRETO.\n',NULL),(311,'VIDEO MONITOR\n','569539','CEI',' TELA DE 24\"; LED; DVI; VGA; BIVOLT; 50-60HZ; COM CABOS; 1.5A; COR PRETO.\n',NULL),(312,'VIDEO MONITOR\n','569540','CEI',' TELA DE 24\"; LED; DVI; VGA; BIVOLT; 50-60HZ; COM CABOS; 1.5A; COR PRETO.\n',NULL),(313,'VIDEO MONITOR\n','569541','CEI',' TELA DE 24\"; LED; DVI; VGA; BIVOLT; 50-60HZ; COM CABOS; 1.5A; COR PRETO.\n',NULL),(314,'VIDEO MONITOR\n','569542','CEI',' TELA DE 24\"; LED; DVI; VGA; BIVOLT; 50-60HZ; COM CABOS; 1.5A; COR PRETO.\n',NULL),(315,'VIDEO MONITOR\n','569543','CEI',' TELA DE 24\"; LED; DVI; VGA; BIVOLT; 50-60HZ; COM CABOS; 1.5A; COR PRETO.\n',NULL),(316,'VIDEO MONITOR\n','569544','CEI',' TELA DE 24\"; LED; DVI; VGA; BIVOLT; 50-60HZ; COM CABOS; 1.5A; COR PRETO.\n',NULL),(317,'VIDEO MONITOR\n','569545','CEI',' TELA DE 24\"; LED; DVI; VGA; BIVOLT; 50-60HZ; COM CABOS; 1.5A; COR PRETO.\n',NULL),(318,'VIDEO MONITOR\n','569546','CEI',' TELA DE 24\"; LED; DVI; VGA; BIVOLT; 50-60HZ; COM CABOS; 1.5A; COR PRETO.\n',NULL),(319,'ARMARIO\n','570174','CEI',' ALTO; MDF; MEDIDAS: 1500x600x500; COM 1 PORTA; PRATELEIRA; CHAVE; COR BEGE.\n',NULL),(320,'ARMARIO\n','570175','CEI',' ALTO; MDF; MEDIDAS: 1500x600x500; COM 1 PORTA; PRATELEIRA; CHAVE; COR BEGE.\n',NULL),(321,'ARMARIO\n','570176','CEI',' ALTO; MDF; MEDIDAS: 1500x600x500; COM 1 PORTA; PRATELEIRA; CHAVE; COR BEGE.\n',NULL),(322,'ARMARIO\n','570177','CEI',' ALTO; MDF; MEDIDAS: 1500x600x500; COM 1 PORTA; PRATELEIRA; CHAVE; COR BEGE.\n',NULL),(323,'ARMARIO\n','570178','CEI',' ALTO; MDF; MEDIDAS: 1500x600x500; COM 1 PORTA; PRATELEIRA; CHAVE; COR BEGE.\n',NULL),(324,'MESA\n','570186','CEI',' EM L; EM MADEIRA; PÉS METÁLICOS; COM GAVETEIRO; 3 GAVETAS COM CHAVE; MEDIDAS: 1\n',NULL),(325,'MESA\n','570187','CEI',' EM L; EM MADEIRA; PÉS METÁLICOS; COM GAVETEIRO; 3 GAVETAS COM CHAVE; MEDIDAS: 1\n',NULL),(326,'MESA\n','570188','CEI',' EM L; EM MADEIRA; PÉS METÁLICOS; COM GAVETEIRO; 3 GAVETAS COM CHAVE; MEDIDAS: 1\n',NULL),(327,'MESA\n','570189','CEI',' EM L; EM MADEIRA; REDONDA; PÉS METÁLICOS; MEDIDAS: 1000x750; COR BEGE.\n',NULL),(328,'IMPRESSORA\n','571369','CEI',' IMPRIME PRETO/BRANCO E COLORIDO; TELA SENSÍVEL AO TOQUE; WI-FI; 110V; NA COR BRAN\n',NULL),(329,'IMPRESSORA MULTIFUNCIONAL\n','571370','CEI',' FAX; SCANNER; TELA SENSÍVEL AO TOQUE; WI-FI; 110V; NA COR PRETO.\n',NULL),(330,'IMPRESSORA\n','573108','CEI',' 127V; 50/60 HZ; ENTRADA USB; ENTRADA DE REDE; C/PAINEL DIGITAL; NA COR BRANCO.\n',NULL),(331,'PROJETOR MÚLTIPLO(DATASHOW)\n','573182','CEI',' BIVOLT; 50/60HZ; COM PAINEL DE CONTROLE; CONTROLE REMOTO; COR BRANCO.\n',NULL),(332,'PROJETOR MÚLTIPLO(DATASHOW)\n','573183','CEI',' BIVOLT; 50/60; COM PAINEL DE CONTROLE; CONTROLE REMOTO; COR BRANCO.\n',NULL),(333,'APARELHO DE TELEVISAO\n','573524','CEI',' 60\"; SMARTV; LED; COR PRETO.\n',NULL),(334,'SERVIDOR DE REDE\n','574635','CEI',' PROC. INTEL XEON; HD 2TB; MEMÓRIA 16GB; GABINETE EM RACK 1U; 50/60 HZ; BIVOLT; 5.5A;\n',NULL),(335,'MESA\n','574654','CEI',' REDONDA; EM MADEIRA; C/PÉS METÁLICOS; MED. 1200 X 1200 X 740; NA COR BRANCO.\n',NULL),(336,'MESA\n','574655','CEI',' REDONDA; EM MADEIRA; C/PÉS METÁLICOS; MED. 1200 X 1200 X 740; NA COR BRANCO.\n',NULL),(337,'MESA\n','574656','CEI',' REDONDA; EM MADEIRA; C/PÉS METÁLICOS; MED. 1200 X 1200 X 740; NA COR BRANCO.\n',NULL),(338,'CADEIRA\n','574657','CEI',' FIXA; ESTOFADA; S/BRAÇO; NA COR VERDE.\n',NULL),(339,'CADEIRA\n','574658','CEI',' FIXA; ESTOFADA; S/BRAÇO; NA COR VERDE.\n',NULL),(340,'CADEIRA\n','574659','CEI',' FIXA; ESTOFADA; S/BRAÇO; NA COR VERDE.\n',NULL),(341,'CADEIRA\n','574660','CEI',' FIXA; ESTOFADA; S/BRAÇO; NA COR VERDE.\n',NULL),(342,'CADEIRA\n','574661','CEI',' FIXA; ESTOFADA; S/BRAÇO; NA COR VERDE.\n',NULL),(343,'CADEIRA\n','574662','CEI',' FIXA; ESTOFADA; S/BRAÇO; NA COR VERDE.\n',NULL),(344,'ARMARIO\n','575065','CEI',' 79x38x1,50; COM DUAS PORTAS; COM CHAVE; 3 PRATELEIRAS; COR BEGE.\n',NULL),(345,'ARMARIO\n','575066','CEI',' 79x38x1,50; COM DUAS PORTAS; COM CHAVE; 3 PRATELEIRAS; COR BEGE.\n',NULL),(346,'ARMARIO\n','575067','CEI',' 79x38x1,50; COM DUAS PORTAS; COM CHAVE; 3 PRATELEIRAS; COR BEGE.\n',NULL),(364,'Video Monitor','576953','CEI','Monitor LG 23\"; LED; modelo 23MB35; Full HD 1920x1080; na cor preto',NULL),(365,'Lousa','384826','CEI','Quadro Branco; Marca Master; em madeira; com moldura em alumínio; com suporte para apagador e giz; 100x100 cm',NULL),(366,'Cadeira Digitador','383128','CEI','',NULL),(367,'Video Monitor','576947','CEI','Monitor LG 23\"; LED; modelo 23MB35; Full HD 1920x1080; na cor preto',NULL),(368,'Video Monitor','576949','CEI','Monitor LG 23\"; LED; modelo 23MB35; Full HD 1920x1080; na cor preto',NULL),(369,'Ipad','902453','CEI','Ipad Air 2 16 Gb',NULL),(377,'Cadeira Digitador','356926','CEI','Cadeira Digitador Verde - Sem rodinhas',NULL),(386,'Impressora 3D','578441','CEI','Impressora 3D Cliever',NULL),(389,'Ipad air','902459','CEI','Ipad air branco',NULL),(390,'Arquivo','576997','Cei','Arquivo de 4 gavetas com chave ',NULL),(391,'Mesa em L','383139','CEI','Mesa do cassio',NULL),(392,'Armario 2 portas ','383134','Cei','Armario 2 portas 160cm',NULL),(393,'Mesa em L','383139','CEI','Mesa do cassio',''),(394,'Bebedouro','480303','CEI','Bebedouro masterfrio',NULL),(395,'Armario 2 portas ','383133','Cei','Armario 2p   80cm',NULL),(396,'Arquivo marrom','1286','Cei','',NULL),(397,'Fax','290875','CEI','Maquina de fax',NULL),(398,'Armario 2 portas','383140','CEI','Armario 2 portas 80cm - do cassio',NULL),(400,'Mesa L','383138','Cei','Mesa leonel',NULL),(401,'Monitor lenovo','448571','CEI','Monitor lenovo thinkvision - monitoramento com as cameras',NULL),(402,'Caixinha de som','357622','CEI','Caixinha de som - pc cassio',NULL),(403,'Caixinha de som','357623','CEI','Caixinha de som - pc cassio',NULL),(404,'Mesa L','383137','Cei','Mesa giane ',NULL),(405,'Mesa em L','383136','CEI','Mesa Alan',NULL),(406,'Telefone','291027','Cei','Telefone branco',NULL),(407,'Cortina','255239','CEI','Cortina de cima',NULL),(408,'Cortina','247555','CEI','Cortina da frente',NULL),(409,'Cortina','247553','CEI','Cortina de baixo - leonel',NULL),(410,'Cortina','247554','CEI','Cortina de baixo - giane',NULL),(411,'Mesa basculante','578963','CEI','Mesa basculante',NULL),(412,'Mesa basculante','578960','CEI','Mesa basculante',NULL),(413,'Mesa basculante','578962','CEI','Mesa basculante',NULL),(414,'Mesa basculante','578962','CEI','Mesa basculante',NULL),(415,'Mesa basculante','578961','CEI','Mesa basculante',NULL),(416,'Mesa basculante','578961','CEI','Mesa basculante',NULL),(417,'Mesa L','577438','Cei',NULL,NULL),(418,'Mesa L','577440','Cei',NULL,NULL),(419,'Mesa L','577439','Cei',NULL,NULL),(420,'Mesa L','503397','Mconf','120',NULL),(421,'Lousa','384426','CEI','Lousa branca 100x100 cm (?)',NULL),(422,'CPU Lenovo ','448580','CEI','COU Lenovo core2quad; windows vista',NULL),(423,'Mesa  Reta','503391','Mconf','120',NULL),(424,'Ipad','178142','CEI','Ipad Air A1474',NULL),(425,'Cpu','460784','Mconf','120',NULL),(426,'IMac','462423','CEI','IMac 21.5 4Gb ram',NULL),(427,'Cpu','460801','Mconf','120',NULL),(428,'Cadeira giratoria','383129','CEI','Cadeira giratoria digitador verde com rodinhas',NULL),(429,'Monitor Lg','576954','Mconf','120',NULL),(430,'Mesa reta','503393','Mconf','120',NULL),(431,'Monitor dell','447486','CEI','Monitor Dell',NULL),(432,'Mesa retangular','503394','CEI','Mesa retangular ',NULL),(433,'Mesa retangular','503395','CEI','Mesa retangular ',NULL),(434,'Cadeira estofada sem braco ','298677','Mconf','120',NULL),(435,'Mesa L','480703','Mconf','120',NULL),(436,'Mesa em L','503398','CEI','Mesa em L',NULL),(437,'Cadeira estofada com braco ','576961','Mconf','120',NULL),(438,'Mesa L ','503400','Mconf','120',NULL),(439,'Monitor Lg ','576948','Mconf','120',NULL),(440,'Mesa em L','503399','CEI','Mesa em L',NULL),(441,'Mesa reta ','503392','Mconf','120',NULL),(442,'Cadeira giratoria verde com rodinhas','576957','CEI','Cadeira giratoria com braço verde com rodinhas',NULL),(443,'Cadeira estofada com braco ','382138','Mconf','120',NULL),(444,'Balcao','480709','Cei','117',NULL),(445,'Mesa L','480700','Cei','117',NULL),(446,'CPU hp ','560505','CEI','CPU hp elitedesk 705 g1 sff',NULL),(447,'Cadeira estudante','296511','CEI','Cadeira estudante com braço de escrever na direita',NULL),(448,'Cadeira estofada com braco','383131','Cei',NULL,NULL),(449,'Cadeira estudante','296513','CEI','Cadeira estudante com braço de escrever na direita',NULL),(450,'Cadeira estudante','296503','CEI','Cadeira estudante com braço de escrever na direita',NULL),(451,'Cadeira giratoria','576959','CEI','Cadeira giratoria verde com braços e rodinhas',NULL),(452,'Impressora hp','447107','Cei',NULL,NULL),(453,'Mesa retangular','243528','CEI','Mesa retangular aluno - impressora do corredor',NULL),(454,'Impressora hp','447107','Cei',NULL,NULL),(455,'Armario 2 portas com prateleiras','480711','CEI','Igual o da 120',NULL),(456,'Armario 2 portas com prateleiras','480712','CEI','Igual o da 120',NULL),(457,'Arquivo 4 gavetas','480706','CEI','Arquivo 4 gavetas com rodinhas',NULL),(458,'Mesa redonda ','383135','Cei','Saguao',NULL),(459,'Mesa basculante','578954','CEI','Mesa basculante',NULL),(460,'Mesa basculante','578959','CEI','Mesa basculante',NULL),(461,'Mesa basculante','578953','CEI','Mesa basculante',NULL),(462,'Mesa basculante','578956','CEI','Mesa basculante',NULL),(463,'Mesa basculante','578964','CEI','Mesa basculante',NULL),(464,'Mesa basculante','578957','CEI','Mesa basculante',NULL),(465,'Mesa basculante','578955','CEI','Mesa basculante',NULL),(466,'Mesa basculante','578958','CEI','Mesa basculante',NULL),(467,'Lousa com cavalete','578172','CEI','Lousa com cavalete',NULL),(468,'Lousa com cavalete','578171','CEI','Lousa com cavalete',NULL),(469,'Lousa com cavalete','578174','CEI','Lousa com cavalete',NULL),(470,'Lousa com cavalete','578173','CEI','Lousa com cavalete',NULL),(471,'Lousa digital com cavalete','545535','CEI','Lousa digital com cavalete',NULL),(472,'Cadeira giratoria preta','578329','CEI','Cadeira giratoria preta',NULL),(473,'Cadeira giratoria preta','578333','CEI','Cadeira giratoria preta',NULL),(474,'Cadeira giratoria preta','578326','CEI','Cadeira giratoria preta',NULL),(475,'Cadeira giratoria preta','578321','CEI','Cadeira giratoria preta',NULL),(476,'Cadeira giratoria preta','578311','CEI','Cadeira giratoria preta',NULL),(477,'Cadeira giratoria preta','578314','CEI','Cadeira giratoria preta',NULL),(478,'Cadeira giratoria preta','578323','CEI','Cadeira giratoria preta',NULL),(479,'Cadeira giratoria preta','578324','CEI','Cadeira giratoria preta',NULL),(480,'Cadeira giratoria preta','578317','CEI','Cadeira giratoria preta',NULL),(481,'Cadeira giratoria preta','578322','CEI','Cadeira giratoria preta',NULL),(482,'Cadeira giratoria preta','578330','CEI','Cadeira giratoria preta',NULL),(483,'Cadeira giratoria preta','578325','CEI','Cadeira giratoria preta',NULL),(484,'Cadeira giratoria preta','578332','CEI','Cadeira giratoria preta',NULL),(485,'Cadeira giratoria preta','578320','CEI','Cadeira giratoria preta',NULL),(486,'Cadeira giratoria preta','578331','CEI','Cadeira giratoria preta',NULL),(487,'Cadeira giratoria preta','578313','CEI','Cadeira giratoria preta',NULL),(488,'Cadeira giratoria preta','578316','CEI','Cadeira giratoria preta',NULL),(489,'Cadeira giratoria preta','578315','CEI','Cadeira giratoria preta',NULL),(490,'Cadeira giratoria preta','578328','CEI','Cadeira giratoria preta',NULL),(491,'Cadeira giratoria preta','578312','CEI','Cadeira giratoria preta',NULL),(492,'Cadeira giratoria preta','578327','CEI','Cadeira giratoria preta',NULL),(493,'Cadeira giratoria preta','578319','CEI','Cadeira giratoria preta',NULL),(494,'Cadeira giratoria preta','578318','CEI','Cadeira giratoria preta',NULL),(495,'Cadeira giratoria preta','578334','CEI','Cadeira giratoria preta',NULL),(496,'Monitor Lg','576952','E-awere',NULL,NULL);
/*!40000 ALTER TABLE `erp_patrimonios` ENABLE KEYS */;
UNLOCK TABLES;

--
-- Table structure for table `erp_pendencia_dados`
--

DROP TABLE IF EXISTS `erp_pendencia_dados`;
/*!40101 SET @saved_cs_client     = @@character_set_client */;
/*!40101 SET character_set_client = utf8 */;
CREATE TABLE `erp_pendencia_dados` (
  `id` int(11) NOT NULL AUTO_INCREMENT,
  `id_pendencia` int(11) NOT NULL,
  `situacao` int(11) DEFAULT NULL,
  `descricao` longtext,
  `id_usuario` int(11) DEFAULT NULL,
  `data_modificada` datetime DEFAULT NULL,
  PRIMARY KEY (`id`)
) ENGINE=InnoDB AUTO_INCREMENT=63 DEFAULT CHARSET=latin1;
/*!40101 SET character_set_client = @saved_cs_client */;

--
-- Dumping data for table `erp_pendencia_dados`
--

LOCK TABLES `erp_pendencia_dados` WRITE;
/*!40000 ALTER TABLE `erp_pendencia_dados` DISABLE KEYS */;
INSERT INTO `erp_pendencia_dados` VALUES (3,2,3,'Boa tarde,<br><br>\r\n\r\nprimeiramente, a aba \"Colaboradores\" estava apresentando um hardcoded no título, esqueci de tirar na fase de testes, deve estar funcionando normalmente agora.<br><br>\r\n\r\nA questão do dropdown de colaboradores foi resolvida tirando o dropdown e colocando automaticamente a empresa do colaborador na hora do cadastro, tendo em vista que, apenas o adm da empresa tem permissão para a inserção de colaboradores.<br><br>\r\n\r\nAtt',22,'2016-12-12 00:00:00'),(4,3,3,'Já foi resolvido.<br><br>\r\n\r\nEra um problema relativo a uma alteração de permissões que fizemos em cima da hora.<br><br>\r\n\r\nAtt',22,'2016-12-12 00:00:00'),(5,5,3,'Da mesma forma que o dropdown em colaboradores, foi resolvido colocando automaticamente a empresa no release.<br><br>\r\n\r\nAtt',22,'2016-12-12 00:00:00'),(6,4,2,'Esta questão ainda está em desenvolvimento. Logo (em uma ou duas semanas) estará disponível.<br><br>\r\n\r\nAtt',22,'2016-12-12 00:00:00'),(7,7,3,'Atualizei o nome da Mconf Tecnologia na sala 119, e a sala que aparecia em empreendimentos estava errada até porque foi retirado a ligação via banco de dados que tinha entre sala e empreendimento por motivos internos. Sendo assim foi retirado o item \"sala\" da listagem do empreendimento.<br><br>\r\n\r\nAtt',22,'2016-12-13 00:00:00'),(8,6,1,'Solicitado ao inf a troca das lâmpadas.',24,'2016-12-13 00:00:00'),(9,4,3,'Na última atualização do sistema foi adicionada essa feature de inserção de logo e canvas.<br><br>\r\n\r\nAtt',22,'2016-12-14 00:00:00'),(10,8,3,'O sistema foi feito para ser utilizado com o Google Chrome tendo em vista a facilidade de instalação em qualquer sistema (móvel ou desktop). No momento não preparamos o mesmo para outros navegadores, podendo ou não, funcionar nos mesmos.<br><br>\r\n\r\nAtt',22,'2016-12-15 00:00:00'),(11,6,1,'Resolvido. Foram trocadas as 8 lâmpadas no dia 05/01/17. ',24,'2017-01-06 00:00:00'),(12,9,0,'Solicitado ao inf a troca das lâmpadas.',11,'2017-01-09 00:00:00'),(13,6,3,'',24,'2017-01-09 00:00:00'),(14,9,1,'',11,'2017-01-09 00:00:00'),(15,10,2,'Olá!\r\nApesar do desktop não ter placa de patrimônio, vocês tem certeza que é do Instituto de Informática? Receberam de quem? É só para nos ajudar...\r\n1) Neste momento, não há disponibilidade de desktops. Temos um processo de compra pela frente, a partir de computadores de um registro de preços, mas o processo licitatório ainda não foi concluído. Vocês teriam condições de remanejar internamente a máquina antiga com alguém que não esteja trabalhando em desenvolvimento?\r\n2) Também lembro que tínhamos conversado para transferir um dos computadores que estavam na sala da eaware para a sala da mconf. Isso chegou a ser feito?\r\n3) Quanto ao monitor, há disponibilidade. Favor falar com o Eduardo para retirar a peça.\r\nIngrid',22,'2017-01-11 00:00:00'),(16,9,3,'As lâmpadas foram trocadas no dia 24/01/17.',11,'2017-01-26 00:00:00'),(17,10,3,'Foi entregue um computador para a empresa MConf no dia 19/01/17.',22,'2017-01-26 00:00:00'),(18,11,2,'Encaminhado a solicitação a informat.',6,'2017-03-13 00:00:00'),(19,14,1,'Solicitado a demanda ao setor responsável. ',13,'2017-03-23 00:00:00'),(20,16,2,'Pedido de solicitação para limpeza do ar-condicionado realizado. ',24,'2017-03-24 00:00:00'),(21,15,2,'Pedido de solicitação para troca de lâmpada queimada realizado.',24,'2017-03-24 00:00:00'),(22,13,4,'',7,'2017-03-30 00:00:00'),(23,11,3,'Situação resolvida, conserto do piso da sala 120 realizado.',6,'2017-03-31 00:00:00'),(24,17,3,'Troca realizada no dia 04/04/2017.',7,'2017-04-04 00:00:00'),(25,18,2,'A solicitação para conserto da persiana foi encaminhada dia 13/04/17.',11,'2017-04-17 00:00:00'),(26,19,2,'Foi encaminhada a solicitação para troca de duas lâmpadas. ',27,'2017-04-17 00:00:00'),(27,12,3,'Troca efetuada.',6,'2017-04-26 00:00:00'),(28,15,3,'Troca efetuada.',24,'2017-04-26 00:00:00'),(29,19,3,'Troca efetuada.',27,'2017-04-26 00:00:00'),(30,21,2,'Estou em processo de testes do mesmo. Em princípio no sistema hospedado no servidor local o tempo novo funciona, mas lá no servidor do instituto o tempo está fixado em um padrão. Logo terei mais informações.\r\n\r\nAtt',25,'2017-04-27 00:00:00'),(31,22,3,'Era erro no sistema devido a uma falha em um dos testes após a implementação do sistema de auditoria dentro das reservas de sala.\r\n\r\nJá está resolvido.\r\n\r\nAtt',25,'2017-05-03 00:00:00'),(32,18,3,'',11,'2017-05-11 00:00:00'),(33,23,3,'',11,'2017-05-11 00:00:00'),(34,24,3,'',11,'2017-05-11 00:00:00'),(35,24,3,'',11,'2017-05-11 00:00:00'),(36,24,3,'',11,'2017-05-11 00:00:00'),(37,25,1,'Solicitação encaminhada ao setor responsável.',31,'2017-05-17 00:00:00'),(38,14,2,'No final de abril, foi assinado contrato com a nova empresa. A partir disso, iniciou o repasse de solicitações de reparos. A prioridade é para aparelhos que não estão funcionando. Assim, os serviços de limpeza (embora necessários, não são considerados emergenciais) serão feitos apenas na segunda etapa. \r\nDiante das regras vigentes, nós não podemos contratar outra empresa para fazer serviços relativos a aparelhos de ar condicionado. Caso não seja possível esperar, a única maneira possível para efetuar este serviço imediatamente, é por contratação direta (pela empresa). \r\nEntão, esta mensagem é apenas para dizer que continuamos à espera! :-(',13,'2017-05-18 00:00:00'),(39,16,2,'No final de abril, foi assinado contrato com a nova empresa. A partir disso, iniciou o repasse de solicitações de reparos. A prioridade é para aparelhos que não estão funcionando. Assim, os serviços de limpeza (embora necessários, não são considerados emergenciais) serão feitos apenas na segunda etapa. \r\nDiante das regras vigentes, nós não podemos contratar outra empresa para fazer serviços relativos a aparelhos de ar condicionado. Caso não seja possível esperar, a única maneira possível para efetuar este serviço imediatamente, é por contratação direta (pelos usuários das salas). \r\nEntão, esta mensagem é apenas para dizer que continuamos à espera! :-(',24,'2017-05-18 00:00:00'),(40,26,2,'Solicitado a troca das lâmpadas.',10,'2017-05-30 00:00:00'),(41,27,2,'Solicitação encaminhada ao setor responsável.',11,'2017-06-06 00:00:00'),(42,29,2,'Solicitação encaminhada ao setor responsável.',27,'2017-06-08 00:00:00'),(43,29,3,'Troca de lâmpadas realizada no dia 08/06/17.',27,'2017-06-08 00:00:00'),(44,26,3,'Troca de lâmpadas realizada no dia 08/06/17',10,'2017-06-09 00:00:00'),(45,25,3,'Troca de lâmpadas realizada no dia 08/06/17.',31,'2017-06-09 00:00:00'),(46,28,3,'Foi trocado o cartucho no dia 20/06/17 e está funcionando corretamente. ',11,'2017-06-21 00:00:00'),(47,28,3,'Foi trocado o cartucho no dia 20/06/17 e está funcionando corretamente. ',11,'2017-06-21 00:00:00'),(48,30,2,'Encaminhada solicitação para o setor responsável',13,'2017-07-10 00:00:00'),(49,32,2,'Olá,\r\né possível sim, inclusive, criei um usuário para o Leonardo.',22,'2017-07-17 00:00:00'),(50,34,1,'Foi enviado o pedido ao setor responsável.',22,'2017-08-04 00:00:00'),(51,14,2,'Estamos com a empresa licitada para conserto e manutenção dos ar condicionados, não temos previsão para que ocorra o serviço.',13,'2017-08-31 00:00:00'),(52,16,2,'Estamos com a empresa licitada para conserto e manutenção dos ar condicionados, não temos previsão para que ocorra o serviço.',24,'2017-08-31 00:00:00'),(53,20,2,'Estamos com a empresa licitada para conserto e manutenção dos ar condicionados, não temos previsão para que ocorra o serviço.',22,'2017-08-31 00:00:00'),(54,32,3,'',22,'2017-08-31 00:00:00'),(55,31,3,'',22,'2017-08-31 00:00:00'),(56,33,2,'Enviado novamente o pedido de troca de lâmpadas. São poucas pessoas trabalhando com essa atividade, a demora está sendo maior que o habitual.',36,'2017-08-31 00:00:00'),(57,34,3,'',22,'2017-08-31 00:00:00'),(58,35,2,'A informática está elaborando o processo de licitação para conserto de diversas persianas. Infelizmente esse tipo de processo é bem demorado.',27,'2017-08-31 00:00:00'),(59,39,1,'Solicitada a troca junto à secretaria do INF.',13,'2017-09-19 00:00:00'),(60,39,1,'Solicitada a troca junto à secretaria do INF.',13,'2017-09-19 00:00:00'),(61,40,1,'Enviada a solicitação para a Secretaria do INF.',13,'2017-09-27 00:00:00'),(62,38,3,'Foi trocado em 08/2017',11,'2017-09-27 00:00:00');
/*!40000 ALTER TABLE `erp_pendencia_dados` ENABLE KEYS */;
UNLOCK TABLES;

--
-- Table structure for table `erp_pendencias`
--

DROP TABLE IF EXISTS `erp_pendencias`;
/*!40101 SET @saved_cs_client     = @@character_set_client */;
/*!40101 SET character_set_client = utf8 */;
CREATE TABLE `erp_pendencias` (
  `id` int(11) NOT NULL AUTO_INCREMENT,
  `nome` varchar(255) DEFAULT NULL,
  `situacao` varchar(45) DEFAULT NULL,
  `descricao` longtext,
  `id_usuario` int(11) DEFAULT NULL,
  `data_modificada` date NOT NULL,
  `visto` int(11) NOT NULL,
  `empresa` int(11) DEFAULT NULL,
  PRIMARY KEY (`id`)
) ENGINE=InnoDB AUTO_INCREMENT=41 DEFAULT CHARSET=latin1;
/*!40101 SET character_set_client = @saved_cs_client */;

--
-- Dumping data for table `erp_pendencias`
--

LOCK TABLES `erp_pendencias` WRITE;
/*!40000 ALTER TABLE `erp_pendencias` DISABLE KEYS */;
INSERT INTO `erp_pendencias` VALUES (2,'Pequenos problemas no software','0','Bom dia.\r\nQuando clico na aba \"Colaboradores\", aparece um ítem \"Colaboradores - Cognitiva Brasil\" e um botão para incluir novos colaboradores. Me parece estranho aparecer Cognitiva Brasil, mas imagino que seja porque a Cognitiva já cadastrou algum colaborador, não sei o que era pra aparecer nessa tela.\r\n\r\nQuando clico pra incluir um novo colaborador, no dropdown \"Empresa\" aparecem diversos ítens sem nome, e o único nome que aparece é \"New Technologies\", o que dá a entender que eu só posso cadastrar colaboradores de outra empresa. Fiz algumas tentativas de cadastro de colaborador, mas não funcionou.',22,'2016-12-12',1,NULL),(3,'Pequenos problemas no software v2','0','Quando cliquei para incluir nova requisição, deu um erro no PHP, pelo que eu entendi por falta de um status (pois eu não modifiquei o campo \"Situação\").',22,'2016-12-12',1,NULL),(4,'Como coloca o logo da empresa?','0','Na aba empreendimentos só existem as opções para baixar o Canvas e o Logo, mas não encontrei onde subir o Canvas e o Logo.',22,'2016-12-12',1,NULL),(5,'Pequenos problemas no software v3','0','Quando clico na aba \"Release\", e depois em \"Novo\", no dropdown \"Selecione a empresa\" aparecem diversos ítens sem nome, e os únicos nomes exibidos são \"CEI\" e \"New Technologies\".',22,'2016-12-12',1,NULL),(6,'Luminárias sala 117','1','As 3 fileiras de lâmpadas da sala 117 estão queimadas ou não estão funcionando. Poderiam verificar?\r\n\r\nAtt.,\r\nRenan',24,'2016-12-12',1,NULL),(7,'Informação incorreta de sala','0','Na aba empreendimentos aparece Mconf Tecnologia na sala 107, não encontrei onde alterar essa informação, o correto é sala 119. No mapa das salas aparece a sala correta, 119, porém com o nome MConf (C maiúsculo).',22,'2016-12-13',1,NULL),(8,'Problema na reserva de salas','0','A máscara de data na reserva de salas não está funcionando no Firefox, o que impossibilita a realização de reserva de salas.\r\nDá uma mensagem de sucesso ao reservar, mas não aparece nas reservas. Não sei se funcionaria em outro navegador.',22,'2016-12-14',1,NULL),(9,'Luminárias','0','Necessário troca de lâmpadas ou reator - 1 luminária - sala 106.\r\nGrato',11,'2017-01-09',1,NULL),(10,'Troca de máquina','0','Boa tarde,\r\nGostaríamos de solicitar a troca de uma máquina em uso na sala 119, um gabinete Dell etiqueta de serviço F9M4JN1, sem etiqueta de patrimônio. É uma máquina Core 2 Quad com 3,7GB de memória, e o motivo da troca é o desempenho insuficiente mesmo para rodar aplicações de escritório (editor de texto, planilha, navegador web).\r\nAproveitando, gostaríamos de se possível atualizar um monitor Dell patrimônio 404412 que tem apenas 17 polegadas, e gostaríamos de substituir por um maior, de preferência wide.',22,'2017-01-11',1,NULL),(11,'Luiz Henrique Boff','1','Solicito o conserto de uma placa do piso da sala 120. Está descolada.',6,'2017-03-13',1,28),(12,'Giane','1','Necessária a troca de lâmpadas da sala 103.',6,'2017-03-22',1,32),(13,'CEI','1','Solicitação à secretária para a troca de lâmpadas da sala 103. ',7,'2017-03-22',1,32),(14,'Thais','0','Solicito que nós envie alguém para limpeza do Ar, sala 108. Obrigada',13,'2017-03-22',1,NULL),(15,'Renan Biegelmeyer da Silva','0','Lampada queimada na sala 117.',24,'2017-03-24',1,NULL),(16,'Renan Biegelmeyer da Silva','0','Solicito a limpeza do filtro do ar-condicionado da sala 117.',24,'2017-03-24',1,NULL),(17,'Eduardo','1','Solicitação à secretária para a troca de lâmpadas da sala 120.',7,'2017-03-27',1,28),(18,'E-AWARE Technologies','1','Problema persiana. Necessário conserto.\r\nGrato\r\nJean',11,'2017-04-17',1,NULL),(19,'NSCAD','0','Olá Equipe CEI! Gostaria de informar que tem um conjunto de duas lâmpadas piscando na sala 122. \r\nDaria para solicitar para o pessoal da manutenção vir arrumar, por favor? Muito obrigada!',27,'2017-04-17',1,NULL),(20,'Ar condicionado','0','Boa tarde,\r\nEstamos com um problema no ar condicionado aqui da sala 119. Ele liga e resfria, porém não conseguimos modificar a temperatura nem nenhuma outra função através do controle remoto.',22,'2017-04-18',1,NULL),(21,'Ingrid','0','Alan: acho que não está funcionando a funcionalidade de manter a janela do \"Gestão\", se a gente não está utilizando o sistema. Podes ver que devo ter atualizado requisições em torno de 10h30 e, quando fui reservar sala às 11h40, perdi a tentativa porque o sistema fechou ao encaminhar o pedido de reserva.\r\nPodes dar uma olhada nisso?',25,'2017-04-26',1,32),(22,'Ingrid','0','Alan:\r\nParece que houve um tilt numa funcionalidade do sistema...\r\nA Tati do NSCAD tinha uma reserva da sala 103 para as 9h30; daí se deu conta que não precisaria mais e cancelou, liberando a sala. Daí apareceu alguém do NSCAD e disse que precisaria de uma sala de reuniões para as 9h30 e pediu para a Tati reservar. Ela tentou e o sistema indicou: \"sala reservada por outra empresa\". Ela olhou no sistema e enxergou a sala como desocupada (ou pelo menos ela não exigia a reserva). Veio aqui no CEI e eu a atendi.\r\nOlhei: sala desocupada. Tentei fazer a reserva e recebi a mensagem:  \"sala reservada por outra empresa\". Olhei novamente e a sala permanecia sem reserva. O NSCAD está lá usando a sala e, até o momento, não apareceu ninguém para usar a sala 103. \r\nA essas alturas, estou convencida que o problema não é de usuário, mas de sistema!...\r\nIngrid',25,'2017-05-03',1,32),(23,'E-AWARE Technologies','0','Conserto persiana. Pedido realizado em 13/04/17, ainda sem retorno.',11,'2017-05-10',1,NULL),(24,'E-AWARE Technologies','0','Limpeza sala.',11,'2017-05-10',1,NULL),(25,'Luís Felipe ','0','Troca ou reparo de lâmpadas na sala 117 - NAPI. ',31,'2017-05-17',1,NULL),(26,'Lâmpada Piscando','1','Temos uma lâmpada que está piscando e fazendo barulho. ',10,'2017-05-29',1,NULL),(27,'E-AWARE','1','Troca reator/lampadas luminária próximo a janela.\r\ngrato',11,'2017-06-05',1,NULL),(28,'Impressora','1','Problema na impressora da cozinha.\r\nImpressão está com falha e baixa qualidade.',11,'2017-06-08',1,NULL),(29,'NSCAD','0','Há um conjunto de 2 lâmpadas que queimou na sala 116. Obrigada!',27,'2017-06-08',1,NULL),(30,'BeeIT','0','Solicito a troca de duas lampadas, é arrumação de uma cortina.\r\nDesda já grata',13,'2017-07-10',1,NULL),(31,'Novo usuário','0','Bom dia, é possível criar uma nova conta para um colaborador no sistema de gestão, especificamente para agendamento de salas?',22,'2017-07-13',1,NULL),(32,'Novo usuário','0','Bom dia, é possível criar uma nova conta para um colaborador no sistema de gestão, especificamente para agendamento de salas?',22,'2017-07-13',1,NULL),(33,'Jerson','2','Troca de lâmpadas queimadas, e verificação do reator. Sala 122.',36,'2017-07-27',1,30),(34,'Fechadura Mconf Tecnologia','0','Bom dia, a fechadura da sala 120, da Mconf Tecnologia, está com problema, a porta não permanece fechada quando não está chaveada, é necessário verificar a instalação da fechadura.',22,'2017-08-04',1,NULL),(35,'NSCAD','0','Olá! o fio de uma persiana da sala 116 do NSCAD rompeu. Verificamos que o fio está bem velho, já arrebentou em dois lugares. Não sei se uma requisição dessas devo enviar para o CEI. Se não for, aguardo suas orientações. Obrigada desde já. ',27,'2017-08-08',1,NULL),(36,'NSCAD','0','Gostaria de informar que os parafusos que prendiam uma persiana da sala 122 afrouxaram, fazendo com que a persiana caisse na sexta dia 01/09. Está faltando parafusos para fixar melhor também.\r\nGostaria de solicitar a manutenção, por favor.',27,'2017-09-04',1,NULL),(37,'NSCAD Lâmpadas','0','Referente à solicitação de lâmpadas que o Jerson informou em julho/agosto, gostaria de informar que a situação na sala 122 piorou: agora 2 dos três conjuntos de lâmpadas estão queimados, ou seja, das 6 lâmpadas, só duas estão funcionando na sala. ',27,'2017-09-05',1,NULL),(38,'E-AWARE','0','Troca e limpeza (filtro) do purificador de água ao lado da máquina de café.\r\nobrigado',11,'2017-09-08',1,NULL),(39,'BeeIT','0','Troca de linha telefônica. sala 108 para sala 113. nosso numero é 33086239. gostaríamos de continuar com o mesmo.\r\n\r\nDesde já grata ',13,'2017-09-19',1,NULL),(40,'BeeIT','0','O rebite da nossa janela esta estragado, assim quando fechamos a janela ela não fica 100 % fechada. ',13,'2017-09-26',1,NULL);
/*!40000 ALTER TABLE `erp_pendencias` ENABLE KEYS */;
UNLOCK TABLES;

--
-- Table structure for table `erp_releasing`
--

DROP TABLE IF EXISTS `erp_releasing`;
/*!40101 SET @saved_cs_client     = @@character_set_client */;
/*!40101 SET character_set_client = utf8 */;
CREATE TABLE `erp_releasing` (
  `id` int(11) NOT NULL AUTO_INCREMENT,
  `nome` varchar(45) DEFAULT NULL,
  `id_empreendimento` varchar(45) DEFAULT NULL,
  `data` datetime DEFAULT NULL,
  `descricao` text,
  `anexo` varchar(255) DEFAULT NULL,
  `visto` int(11) NOT NULL,
  PRIMARY KEY (`id`)
) ENGINE=InnoDB AUTO_INCREMENT=2 DEFAULT CHARSET=latin1;
/*!40101 SET character_set_client = @saved_cs_client */;

--
-- Dumping data for table `erp_releasing`
--

LOCK TABLES `erp_releasing` WRITE;
/*!40000 ALTER TABLE `erp_releasing` DISABLE KEYS */;
INSERT INTO `erp_releasing` VALUES (1,'BigBlueButton Developer Summit','29','0000-00-00 00:00:00','Evento que a Mconf Tecnologia participou em parceria com outras empresas de tecnologia. Release e fotos aqui: http://gg.gg/imprensaMconf',NULL,1);
/*!40000 ALTER TABLE `erp_releasing` ENABLE KEYS */;
UNLOCK TABLES;

--
-- Table structure for table `erp_reservas_salas`
--

DROP TABLE IF EXISTS `erp_reservas_salas`;
/*!40101 SET @saved_cs_client     = @@character_set_client */;
/*!40101 SET character_set_client = utf8 */;
CREATE TABLE `erp_reservas_salas` (
  `id` int(11) NOT NULL AUTO_INCREMENT,
  `id_sala` int(11) NOT NULL,
  `id_usuario` int(11) NOT NULL,
  `horario` varchar(45) DEFAULT NULL,
  `dia` date DEFAULT NULL,
  `titulo` varchar(255) DEFAULT NULL,
  `deletado` int(11) NOT NULL DEFAULT '0',
  `id_usuario_del` int(11) NOT NULL DEFAULT '0',
  `horario_del` timestamp NOT NULL DEFAULT CURRENT_TIMESTAMP ON UPDATE CURRENT_TIMESTAMP,
  PRIMARY KEY (`id`)
) ENGINE=InnoDB AUTO_INCREMENT=3752 DEFAULT CHARSET=latin1;
/*!40101 SET character_set_client = @saved_cs_client */;

--
-- Dumping data for table `erp_reservas_salas`
--

LOCK TABLES `erp_reservas_salas` WRITE;
/*!40000 ALTER TABLE `erp_reservas_salas` DISABLE KEYS */;
INSERT INTO `erp_reservas_salas` VALUES (82,6,7,'8_30','2016-12-06','CEI',0,0,'0000-00-00 00:00:00'),(83,6,7,'9_00','2016-12-06','CEI',0,0,'0000-00-00 00:00:00'),(84,6,7,'9_30','2016-12-06','CEI',0,0,'0000-00-00 00:00:00'),(85,6,7,'10_00','2016-12-06','CEI',0,0,'0000-00-00 00:00:00'),(86,6,7,'10_30','2016-12-06','CEI',0,0,'0000-00-00 00:00:00'),(87,6,7,'11_00','2016-12-06','CEI',0,0,'0000-00-00 00:00:00'),(88,6,7,'11_30','2016-12-06','CEI',0,0,'0000-00-00 00:00:00'),(89,6,7,'12_00','2016-12-06','CEI',0,0,'0000-00-00 00:00:00'),(90,6,7,'12_30','2016-12-06','CEI',0,0,'0000-00-00 00:00:00'),(91,6,7,'13_00','2016-12-06','CEI',0,0,'0000-00-00 00:00:00'),(92,6,7,'13_30','2016-12-06','CEI',0,0,'0000-00-00 00:00:00'),(93,6,7,'14_00','2016-12-06','CEI',0,0,'0000-00-00 00:00:00'),(94,6,7,'14_30','2016-12-06','CEI',0,0,'0000-00-00 00:00:00'),(95,6,7,'15_00','2016-12-06','CEI',0,0,'0000-00-00 00:00:00'),(96,6,7,'15_30','2016-12-06','CEI',0,0,'0000-00-00 00:00:00'),(97,6,7,'16_00','2016-12-06','CEI',0,0,'0000-00-00 00:00:00'),(98,6,7,'16_30','2016-12-06','CEI',0,0,'0000-00-00 00:00:00'),(99,6,7,'17_00','2016-12-06','CEI',0,0,'0000-00-00 00:00:00'),(100,6,7,'17_30','2016-12-06','CEI',0,0,'0000-00-00 00:00:00'),(101,6,7,'8_30','2016-12-05','CEI',0,0,'0000-00-00 00:00:00'),(102,6,7,'9_00','2016-12-05','CEI',0,0,'0000-00-00 00:00:00'),(103,6,7,'9_30','2016-12-05','CEI',0,0,'0000-00-00 00:00:00'),(104,6,7,'10_00','2016-12-05','CEI',0,0,'0000-00-00 00:00:00'),(105,6,7,'10_30','2016-12-05','CEI',0,0,'0000-00-00 00:00:00'),(106,6,7,'11_00','2016-12-05','CEI',0,0,'0000-00-00 00:00:00'),(107,6,7,'11_30','2016-12-05','CEI',0,0,'0000-00-00 00:00:00'),(108,6,7,'12_00','2016-12-05','CEI',0,0,'0000-00-00 00:00:00'),(109,6,7,'12_30','2016-12-05','CEI',0,0,'0000-00-00 00:00:00'),(110,6,7,'13_00','2016-12-05','CEI',0,0,'0000-00-00 00:00:00'),(111,6,7,'13_30','2016-12-05','CEI',0,0,'0000-00-00 00:00:00'),(112,6,7,'14_00','2016-12-05','CEI',0,0,'0000-00-00 00:00:00'),(113,6,7,'14_30','2016-12-05','CEI',0,0,'0000-00-00 00:00:00'),(114,6,7,'15_00','2016-12-05','CEI',0,0,'0000-00-00 00:00:00'),(115,6,7,'15_30','2016-12-05','CEI',0,0,'0000-00-00 00:00:00'),(116,6,7,'16_00','2016-12-05','CEI',0,0,'0000-00-00 00:00:00'),(117,6,7,'16_30','2016-12-05','CEI',0,0,'0000-00-00 00:00:00'),(118,6,7,'17_00','2016-12-05','CEI',0,0,'0000-00-00 00:00:00'),(119,6,7,'17_30','2016-12-05','CEI',0,0,'0000-00-00 00:00:00'),(121,6,7,'16_00','2016-12-08','CEI',0,0,'0000-00-00 00:00:00'),(122,6,7,'16_30','2016-12-08','CEI',0,0,'0000-00-00 00:00:00'),(123,6,7,'17_00','2016-12-08','CEI',0,0,'0000-00-00 00:00:00'),(124,6,7,'17_30','2016-12-08','CEI',0,0,'0000-00-00 00:00:00'),(126,6,7,'13_30','2016-12-12','CEI',0,0,'0000-00-00 00:00:00'),(127,6,7,'14_00','2016-12-12','CEI',0,0,'0000-00-00 00:00:00'),(128,6,7,'14_30','2016-12-12','CEI',0,0,'0000-00-00 00:00:00'),(129,6,7,'15_00','2016-12-12','CEI',0,0,'0000-00-00 00:00:00'),(130,6,7,'13_30','2016-12-13','CEI',0,0,'0000-00-00 00:00:00'),(131,6,7,'14_00','2016-12-13','CEI',0,0,'0000-00-00 00:00:00'),(132,6,7,'14_30','2016-12-13','CEI',0,0,'0000-00-00 00:00:00'),(133,6,7,'15_00','2016-12-13','CEI',0,0,'0000-00-00 00:00:00'),(134,6,7,'15_30','2016-12-13','CEI',0,0,'0000-00-00 00:00:00'),(135,6,7,'16_00','2016-12-13','CEI',0,0,'0000-00-00 00:00:00'),(136,6,7,'16_30','2016-12-13','CEI',0,0,'0000-00-00 00:00:00'),(137,6,7,'13_00','2016-12-02','CEI',0,0,'0000-00-00 00:00:00'),(138,6,7,'13_30','2016-12-02','CEI',0,0,'0000-00-00 00:00:00'),(139,6,7,'14_00','2016-12-02','CEI',0,0,'0000-00-00 00:00:00'),(140,6,7,'14_30','2016-12-02','CEI',0,0,'0000-00-00 00:00:00'),(141,6,7,'15_00','2016-12-02','CEI',0,0,'0000-00-00 00:00:00'),(142,6,7,'15_30','2016-12-02','CEI',0,0,'0000-00-00 00:00:00'),(143,6,7,'16_00','2016-12-02','CEI',0,0,'0000-00-00 00:00:00'),(144,6,7,'16_30','2016-12-02','CEI',0,0,'0000-00-00 00:00:00'),(145,6,7,'17_00','2016-12-02','CEI',0,0,'0000-00-00 00:00:00'),(146,6,7,'17_30','2016-12-02','CEI',0,0,'0000-00-00 00:00:00'),(147,2,7,'14_30','2016-12-02','MConf - CEI',0,0,'0000-00-00 00:00:00'),(148,2,7,'15_00','2016-12-02','MConf - CEI',0,0,'0000-00-00 00:00:00'),(149,2,7,'15_30','2016-12-02','MConf - CEI',0,0,'0000-00-00 00:00:00'),(150,2,7,'8_30','2016-12-06','NAPI',0,0,'0000-00-00 00:00:00'),(151,2,7,'9_00','2016-12-06','NAPI',0,0,'0000-00-00 00:00:00'),(152,2,7,'9_30','2016-12-06','NAPI',0,0,'0000-00-00 00:00:00'),(153,2,7,'10_00','2016-12-06','NAPI',0,0,'0000-00-00 00:00:00'),(154,2,7,'10_30','2016-12-06','NAPI',0,0,'0000-00-00 00:00:00'),(155,2,7,'11_00','2016-12-06','NAPI',0,0,'0000-00-00 00:00:00'),(156,2,7,'11_30','2016-12-06','NAPI',0,0,'0000-00-00 00:00:00'),(157,2,7,'12_00','2016-12-06','NAPI',0,0,'0000-00-00 00:00:00'),(158,2,7,'12_30','2016-12-06','NAPI',0,0,'0000-00-00 00:00:00'),(159,2,7,'13_00','2016-12-06','NAPI',0,0,'0000-00-00 00:00:00'),(160,2,7,'13_30','2016-12-06','NAPI',0,0,'0000-00-00 00:00:00'),(161,2,7,'14_00','2016-12-06','NAPI',0,0,'0000-00-00 00:00:00'),(162,2,7,'14_30','2016-12-06','NAPI',0,0,'0000-00-00 00:00:00'),(163,2,7,'15_00','2016-12-06','NAPI',0,0,'0000-00-00 00:00:00'),(164,2,7,'15_30','2016-12-06','NAPI',0,0,'0000-00-00 00:00:00'),(165,2,7,'16_00','2016-12-06','NAPI',0,0,'0000-00-00 00:00:00'),(166,2,7,'16_30','2016-12-06','NAPI',0,0,'0000-00-00 00:00:00'),(167,2,7,'17_00','2016-12-06','NAPI',0,0,'0000-00-00 00:00:00'),(168,2,7,'17_30','2016-12-06','NAPI',0,0,'0000-00-00 00:00:00'),(169,2,7,'8_30','2016-12-08','I9 - CEI',0,0,'0000-00-00 00:00:00'),(177,6,7,'8_30','2016-12-08','I9 - CEI',0,0,'0000-00-00 00:00:00'),(178,6,7,'9_00','2016-12-08','I9 - CEI',0,0,'0000-00-00 00:00:00'),(179,6,7,'9_30','2016-12-08','I9 - CEI',0,0,'0000-00-00 00:00:00'),(180,6,7,'10_00','2016-12-08','I9 - CEI',0,0,'0000-00-00 00:00:00'),(181,6,7,'10_30','2016-12-08','I9 - CEI',0,0,'0000-00-00 00:00:00'),(182,6,7,'11_00','2016-12-08','I9 - CEI',0,0,'0000-00-00 00:00:00'),(183,6,7,'11_30','2016-12-08','I9 - CEI',0,0,'0000-00-00 00:00:00'),(184,6,7,'12_00','2016-12-08','I9 - CEI',0,0,'0000-00-00 00:00:00'),(194,6,7,'14_00','2016-12-07','NEW - CEI',0,0,'0000-00-00 00:00:00'),(195,6,7,'14_30','2016-12-07','NEW - CEI',0,0,'0000-00-00 00:00:00'),(196,6,7,'15_00','2016-12-07','NEW - CEI',0,0,'0000-00-00 00:00:00'),(197,6,7,'15_30','2016-12-07','NEW - CEI',0,0,'0000-00-00 00:00:00'),(198,6,7,'16_00','2016-12-07','NEW - CEI',0,0,'0000-00-00 00:00:00'),(199,6,7,'16_30','2016-12-07','NEW - CEI',0,0,'0000-00-00 00:00:00'),(200,6,7,'17_00','2016-12-07','NEW - CEI',0,0,'0000-00-00 00:00:00'),(201,6,7,'17_30','2016-12-07','NEW - CEI',0,0,'0000-00-00 00:00:00'),(202,2,7,'12_00','2016-12-07','I',0,0,'0000-00-00 00:00:00'),(203,2,7,'12_30','2016-12-07','I',0,0,'0000-00-00 00:00:00'),(204,2,7,'13_00','2016-12-07','I',0,0,'0000-00-00 00:00:00'),(205,2,7,'13_30','2016-12-07','I',0,0,'0000-00-00 00:00:00'),(206,2,7,'14_00','2016-12-07','I',0,0,'0000-00-00 00:00:00'),(207,2,7,'14_30','2016-12-07','I',0,0,'0000-00-00 00:00:00'),(208,2,7,'15_00','2016-12-07','I',0,0,'0000-00-00 00:00:00'),(209,6,7,'13_30','2016-12-08','CEI - ARBRA',0,0,'0000-00-00 00:00:00'),(210,6,7,'14_00','2016-12-08','CEI - ARBRA',0,0,'0000-00-00 00:00:00'),(211,6,7,'14_30','2016-12-08','CEI - ARBRA',0,0,'0000-00-00 00:00:00'),(212,6,7,'15_00','2016-12-08','CEI - ARBRA',0,0,'0000-00-00 00:00:00'),(213,6,7,'15_30','2016-12-08','CEI - ARBRA',0,0,'0000-00-00 00:00:00'),(214,2,1,'8_30','2016-12-09','Teste',0,0,'0000-00-00 00:00:00'),(216,6,11,'15_30','2016-12-12','Reunião E-AWARE',0,0,'0000-00-00 00:00:00'),(217,6,11,'16_00','2016-12-12','Reunião E-AWARE',0,0,'0000-00-00 00:00:00'),(218,6,11,'16_30','2016-12-12','Reunião E-AWARE',0,0,'0000-00-00 00:00:00'),(219,6,11,'17_00','2016-12-12','Reunião E-AWARE',0,0,'0000-00-00 00:00:00'),(220,6,11,'17_30','2016-12-12','Reunião E-AWARE',0,0,'0000-00-00 00:00:00'),(221,2,7,'13_00','2016-12-12','MCON',0,0,'0000-00-00 00:00:00'),(222,2,7,'13_30','2016-12-12','MCON',0,0,'0000-00-00 00:00:00'),(223,2,7,'14_00','2016-12-12','MCON',0,0,'0000-00-00 00:00:00'),(224,2,7,'16_00','2016-12-12','MConf - CEI',0,0,'0000-00-00 00:00:00'),(225,2,7,'16_30','2016-12-12','MConf - CEI',0,0,'0000-00-00 00:00:00'),(226,2,7,'17_00','2016-12-12','MConf - CEI',0,0,'0000-00-00 00:00:00'),(227,2,7,'17_30','2016-12-12','MConf - CEI',0,0,'0000-00-00 00:00:00'),(234,2,7,'12_30','2016-12-14','I9 - CEI',0,0,'0000-00-00 00:00:00'),(235,2,7,'13_00','2016-12-14','I9 - CEI',0,0,'0000-00-00 00:00:00'),(236,2,7,'13_30','2016-12-14','I9 - CEI',0,0,'0000-00-00 00:00:00'),(237,2,7,'14_00','2016-12-14','I9 - CEI',0,0,'0000-00-00 00:00:00'),(238,2,7,'14_30','2016-12-14','I9 - CEI',0,0,'0000-00-00 00:00:00'),(239,2,7,'15_00','2016-12-14','I9 - CEI',0,0,'0000-00-00 00:00:00'),(240,2,7,'12_30','2016-12-21','I9 - CEI',0,0,'0000-00-00 00:00:00'),(241,2,7,'13_00','2016-12-21','I9 - CEI',0,0,'0000-00-00 00:00:00'),(242,2,7,'13_30','2016-12-21','I9 - CEI',0,0,'0000-00-00 00:00:00'),(243,2,7,'14_00','2016-12-21','I9 - CEI',0,0,'0000-00-00 00:00:00'),(244,2,7,'14_30','2016-12-21','I9 - CEI',0,0,'0000-00-00 00:00:00'),(245,2,7,'15_00','2016-12-21','I9 - CEI',0,0,'0000-00-00 00:00:00'),(246,2,7,'12_30','2016-12-28','I9 - CEI',0,0,'0000-00-00 00:00:00'),(247,2,7,'13_00','2016-12-28','I9 - CEI',0,0,'0000-00-00 00:00:00'),(248,2,7,'13_30','2016-12-28','I9 - CEI',0,0,'0000-00-00 00:00:00'),(249,2,7,'14_00','2016-12-28','I9 - CEI',0,0,'0000-00-00 00:00:00'),(250,2,7,'14_30','2016-12-28','I9 - CEI',0,0,'0000-00-00 00:00:00'),(251,2,7,'15_00','2016-12-28','I9 - CEI',0,0,'0000-00-00 00:00:00'),(252,2,22,'15_00','0000-00-00','',0,0,'0000-00-00 00:00:00'),(253,2,22,'15_30','0000-00-00','',0,0,'0000-00-00 00:00:00'),(254,2,22,'15_00','0000-00-00','MConf',0,0,'0000-00-00 00:00:00'),(255,2,22,'16_00','0000-00-00','MConf',0,0,'0000-00-00 00:00:00'),(256,2,22,'15_00','0000-00-00','MConf',0,0,'0000-00-00 00:00:00'),(257,2,22,'16_00','0000-00-00','MConf',0,0,'0000-00-00 00:00:00'),(258,2,22,'15_00','0000-00-00','MConf',0,0,'0000-00-00 00:00:00'),(259,2,22,'16_00','0000-00-00','MConf',0,0,'0000-00-00 00:00:00'),(260,2,22,'15_00','0000-00-00','Mconf',0,0,'0000-00-00 00:00:00'),(261,2,22,'15_30','0000-00-00','Mconf',0,0,'0000-00-00 00:00:00'),(262,2,22,'15_00','0000-00-00','Mconf',0,0,'0000-00-00 00:00:00'),(263,2,22,'15_30','0000-00-00','Mconf',0,0,'0000-00-00 00:00:00'),(264,2,22,'15_00','0000-00-00','Mconf',0,0,'0000-00-00 00:00:00'),(265,2,22,'15_30','0000-00-00','Mconf',0,0,'0000-00-00 00:00:00'),(266,2,7,'14_30','2016-12-12','MConf - CEI',0,0,'0000-00-00 00:00:00'),(267,2,7,'15_00','2016-12-12','MConf - CEI',0,0,'0000-00-00 00:00:00'),(268,2,7,'15_30','2016-12-12','MConf - CEI',0,0,'0000-00-00 00:00:00'),(273,6,7,'14_00','2016-12-21','CEI',0,0,'0000-00-00 00:00:00'),(274,6,7,'14_30','2016-12-21','CEI',0,0,'0000-00-00 00:00:00'),(275,6,7,'11_00','2016-12-14','Bee It - CEI',0,0,'0000-00-00 00:00:00'),(276,6,7,'11_30','2016-12-14','Bee It - CEI',0,0,'0000-00-00 00:00:00'),(277,6,7,'13_00','2016-12-14','Aegro - CEI',0,0,'0000-00-00 00:00:00'),(278,6,7,'13_30','2016-12-14','Aegro - CEI',0,0,'0000-00-00 00:00:00'),(279,6,7,'14_00','2016-12-14','Aegro - CEI',0,0,'0000-00-00 00:00:00'),(280,6,7,'14_30','2016-12-14','Aegro - CEI',0,0,'0000-00-00 00:00:00'),(281,6,7,'15_00','2016-12-14','Aegro - CEI',0,0,'0000-00-00 00:00:00'),(282,6,7,'15_30','2016-12-14','Aegro - CEI',0,0,'0000-00-00 00:00:00'),(283,6,7,'16_00','2016-12-14','Aegro - CEI',0,0,'0000-00-00 00:00:00'),(284,6,7,'16_30','2016-12-14','Aegro - CEI',0,0,'0000-00-00 00:00:00'),(285,6,7,'17_00','2016-12-14','Aegro - CEI',0,0,'0000-00-00 00:00:00'),(286,6,7,'8_30','2016-12-16','NAPI',0,0,'0000-00-00 00:00:00'),(287,6,7,'9_00','2016-12-16','NAPI',0,0,'0000-00-00 00:00:00'),(288,6,7,'9_30','2016-12-16','NAPI',0,0,'0000-00-00 00:00:00'),(289,6,7,'10_00','2016-12-16','NAPI',0,0,'0000-00-00 00:00:00'),(290,6,7,'10_30','2016-12-16','NAPI',0,0,'0000-00-00 00:00:00'),(291,6,7,'11_00','2016-12-16','NAPI',0,0,'0000-00-00 00:00:00'),(292,6,7,'11_30','2016-12-16','NAPI',0,0,'0000-00-00 00:00:00'),(293,6,7,'12_00','2016-12-16','NAPI',0,0,'0000-00-00 00:00:00'),(294,6,7,'12_30','2016-12-16','NAPI',0,0,'0000-00-00 00:00:00'),(295,2,22,'9_00','0000-00-00','Teste, favor desconsiderar',0,0,'0000-00-00 00:00:00'),(296,2,7,'12_00','2016-12-15','I9 - CEI',0,0,'0000-00-00 00:00:00'),(297,2,7,'12_30','2016-12-15','I9 - CEI',0,0,'0000-00-00 00:00:00'),(298,2,7,'13_00','2016-12-15','I9 - CEI',0,0,'0000-00-00 00:00:00'),(299,2,7,'13_30','2016-12-15','I9 - CEI',0,0,'0000-00-00 00:00:00'),(300,6,7,'10_30','2016-12-15','Aegro - CEI',0,0,'0000-00-00 00:00:00'),(301,6,7,'11_00','2016-12-15','Aegro - CEI',0,0,'0000-00-00 00:00:00'),(302,6,7,'11_30','2016-12-15','Aegro - CEI',0,0,'0000-00-00 00:00:00'),(303,6,7,'12_00','2016-12-15','Aegro - CEI',0,0,'0000-00-00 00:00:00'),(304,6,7,'12_30','2016-12-15','Aegro - CEI',0,0,'0000-00-00 00:00:00'),(305,6,7,'13_00','2016-12-15','Aegro - CEI',0,0,'0000-00-00 00:00:00'),(306,6,7,'13_30','2016-12-15','Aegro - CEI',0,0,'0000-00-00 00:00:00'),(307,6,7,'14_00','2016-12-15','Aegro - CEI',0,0,'0000-00-00 00:00:00'),(308,6,7,'14_30','2016-12-15','Aegro - CEI',0,0,'0000-00-00 00:00:00'),(309,6,7,'15_00','2016-12-15','Aegro - CEI',0,0,'0000-00-00 00:00:00'),(310,6,7,'15_30','2016-12-15','Aegro - CEI',0,0,'0000-00-00 00:00:00'),(311,6,7,'16_00','2016-12-15','Aegro - CEI',0,0,'0000-00-00 00:00:00'),(312,6,7,'16_30','2016-12-15','Aegro - CEI',0,0,'0000-00-00 00:00:00'),(313,6,7,'17_00','2016-12-15','Aegro - CEI',0,0,'0000-00-00 00:00:00'),(314,6,7,'13_30','2016-12-16','I9 - CEI',0,0,'0000-00-00 00:00:00'),(315,6,7,'14_00','2016-12-16','I9 - CEI',0,0,'0000-00-00 00:00:00'),(316,6,7,'14_30','2016-12-16','I9 - CEI',0,0,'0000-00-00 00:00:00'),(317,6,7,'15_00','2016-12-16','I9 - CEI',0,0,'0000-00-00 00:00:00'),(318,6,7,'15_30','2016-12-16','I9 - CEI',0,0,'0000-00-00 00:00:00'),(319,6,7,'16_00','2016-12-16','I9 - CEI',0,0,'0000-00-00 00:00:00'),(320,6,7,'16_30','2016-12-16','I9 - CEI',0,0,'0000-00-00 00:00:00'),(321,6,20,'8_30','2016-12-20','ARBRA',0,0,'0000-00-00 00:00:00'),(322,6,20,'9_00','2016-12-20','ARBRA',0,0,'0000-00-00 00:00:00'),(323,6,20,'9_30','2016-12-20','ARBRA',0,0,'0000-00-00 00:00:00'),(324,6,20,'10_00','2016-12-20','ARBRA',0,0,'0000-00-00 00:00:00'),(325,6,20,'10_30','2016-12-20','ARBRA',0,0,'0000-00-00 00:00:00'),(326,6,20,'11_00','2016-12-20','ARBRA',0,0,'0000-00-00 00:00:00'),(327,6,20,'11_30','2016-12-20','ARBRA',0,0,'0000-00-00 00:00:00'),(328,6,20,'12_00','2016-12-20','ARBRA',0,0,'0000-00-00 00:00:00'),(329,6,20,'12_30','2016-12-20','ARBRA',0,0,'0000-00-00 00:00:00'),(330,6,20,'13_00','2016-12-20','ARBRA',0,0,'0000-00-00 00:00:00'),(331,6,20,'13_30','2016-12-20','ARBRA',0,0,'0000-00-00 00:00:00'),(332,6,20,'14_00','2016-12-20','ARBRA',0,0,'0000-00-00 00:00:00'),(333,6,20,'14_30','2016-12-20','ARBRA',0,0,'0000-00-00 00:00:00'),(334,6,20,'15_00','2016-12-20','ARBRA',0,0,'0000-00-00 00:00:00'),(335,6,20,'15_30','2016-12-20','ARBRA',0,0,'0000-00-00 00:00:00'),(336,6,20,'16_00','2016-12-20','ARBRA',0,0,'0000-00-00 00:00:00'),(337,6,20,'16_30','2016-12-20','ARBRA',0,0,'0000-00-00 00:00:00'),(338,2,6,'11_00','2016-12-20','Bee It',0,0,'0000-00-00 00:00:00'),(339,2,6,'11_30','2016-12-20','Bee It',0,0,'0000-00-00 00:00:00'),(340,6,6,'9_00','2016-12-21','Endeeper',0,0,'0000-00-00 00:00:00'),(341,6,6,'9_30','2016-12-21','Endeeper',0,0,'0000-00-00 00:00:00'),(342,6,6,'10_00','2016-12-21','Endeeper',0,0,'0000-00-00 00:00:00'),(343,6,6,'10_30','2016-12-21','Endeeper',0,0,'0000-00-00 00:00:00'),(344,6,6,'11_00','2016-12-21','Endeeper',0,0,'0000-00-00 00:00:00'),(345,6,6,'11_30','2016-12-21','Endeeper',0,0,'0000-00-00 00:00:00'),(346,6,6,'12_00','2016-12-21','Endeeper',0,0,'0000-00-00 00:00:00'),(347,6,22,'14_00','0000-00-00','Mconf',0,0,'0000-00-00 00:00:00'),(348,2,1,'14_00','2016-12-20','MConf',0,0,'0000-00-00 00:00:00'),(349,2,1,'14_30','2016-12-20','MConf',0,0,'0000-00-00 00:00:00'),(351,6,6,'15_00','2016-12-21','Endeeper',0,0,'0000-00-00 00:00:00'),(352,6,6,'15_30','2016-12-21','Endeeper',0,0,'0000-00-00 00:00:00'),(353,6,6,'16_00','2016-12-21','Endeeper',0,0,'0000-00-00 00:00:00'),(354,6,6,'16_30','2016-12-21','Endeeper',0,0,'0000-00-00 00:00:00'),(355,6,6,'17_00','2016-12-21','Endeeper',0,0,'0000-00-00 00:00:00'),(356,2,22,'16_00','2016-12-21','Mconf',0,0,'0000-00-00 00:00:00'),(357,2,22,'16_30','2016-12-21','Mconf',0,0,'0000-00-00 00:00:00'),(358,2,6,'10_30','2016-12-23','Endeeper',0,0,'0000-00-00 00:00:00'),(359,2,6,'11_00','2016-12-23','Endeeper',0,0,'0000-00-00 00:00:00'),(360,2,6,'11_30','2016-12-23','Endeeper',0,0,'0000-00-00 00:00:00'),(361,6,7,'10_00','2017-01-06','Endepeer',0,0,'0000-00-00 00:00:00'),(362,6,7,'10_30','2017-01-06','Endepeer',0,0,'0000-00-00 00:00:00'),(363,6,7,'11_00','2017-01-06','Endepeer',0,0,'0000-00-00 00:00:00'),(364,6,7,'11_30','2017-01-06','Endepeer',0,0,'0000-00-00 00:00:00'),(365,6,22,'14_30','2017-01-04','Mconf Tecnologia',0,0,'0000-00-00 00:00:00'),(366,6,22,'15_00','2017-01-04','Mconf Tecnologia',0,0,'0000-00-00 00:00:00'),(370,6,7,'15_30','2017-01-04','CEI',0,0,'0000-00-00 00:00:00'),(371,6,7,'16_00','2017-01-04','CEI',0,0,'0000-00-00 00:00:00'),(378,6,7,'12_00','2017-01-06','Endepeer',0,0,'0000-00-00 00:00:00'),(379,6,7,'12_30','2017-01-06','Endepeer',0,0,'0000-00-00 00:00:00'),(380,2,7,'13_00','0000-00-00','Aegro',0,0,'0000-00-00 00:00:00'),(381,2,7,'13_30','0000-00-00','Aegro',0,0,'0000-00-00 00:00:00'),(382,2,7,'14_00','0000-00-00','Aegro',0,0,'0000-00-00 00:00:00'),(383,2,7,'14_30','0000-00-00','Aegro',0,0,'0000-00-00 00:00:00'),(384,2,7,'15_00','0000-00-00','Aegro',0,0,'0000-00-00 00:00:00'),(385,2,7,'15_30','0000-00-00','Aegro',0,0,'0000-00-00 00:00:00'),(386,2,7,'16_00','0000-00-00','Aegro',0,0,'0000-00-00 00:00:00'),(387,2,7,'16_30','0000-00-00','Aegro',0,0,'0000-00-00 00:00:00'),(388,2,7,'17_00','0000-00-00','Aegro',0,0,'0000-00-00 00:00:00'),(391,6,7,'16_30','2017-01-06','CEI',0,0,'0000-00-00 00:00:00'),(392,6,7,'17_00','2017-01-06','CEI',0,0,'0000-00-00 00:00:00'),(393,6,7,'11_00','2017-01-09','Arbra',0,0,'0000-00-00 00:00:00'),(394,6,7,'11_30','2017-01-09','Arbra',0,0,'0000-00-00 00:00:00'),(395,6,7,'8_30','2017-01-13','NAPI',0,0,'0000-00-00 00:00:00'),(396,6,7,'9_00','2017-01-13','NAPI',0,0,'0000-00-00 00:00:00'),(397,6,7,'9_30','2017-01-13','NAPI',0,0,'0000-00-00 00:00:00'),(398,6,7,'10_00','2017-01-13','NAPI',0,0,'0000-00-00 00:00:00'),(408,6,7,'14_00','2017-01-09','Aegro',0,0,'0000-00-00 00:00:00'),(409,6,7,'14_30','2017-01-09','Aegro',0,0,'0000-00-00 00:00:00'),(410,6,7,'11_30','2017-01-11','NSCAD',0,0,'0000-00-00 00:00:00'),(411,6,7,'12_00','2017-01-11','NSCAD',0,0,'0000-00-00 00:00:00'),(412,6,7,'12_30','2017-01-11','NSCAD',0,0,'0000-00-00 00:00:00'),(413,6,7,'13_00','2017-01-11','NSCAD',0,0,'0000-00-00 00:00:00'),(414,6,7,'14_30','2017-01-10','Endepeer',0,0,'0000-00-00 00:00:00'),(415,6,7,'15_00','2017-01-10','Endepeer',0,0,'0000-00-00 00:00:00'),(416,6,7,'15_30','2017-01-10','Endepeer',0,0,'0000-00-00 00:00:00'),(417,2,7,'11_00','2017-01-10','I9',0,0,'0000-00-00 00:00:00'),(418,2,7,'11_30','2017-01-10','I9',0,0,'0000-00-00 00:00:00'),(419,2,7,'12_00','2017-01-10','I9',0,0,'0000-00-00 00:00:00'),(420,2,7,'12_30','2017-01-10','I9',0,0,'0000-00-00 00:00:00'),(421,2,10,'14_00','0000-00-00','',0,0,'0000-00-00 00:00:00'),(422,2,7,'14_00','2017-01-10','Aegro',0,0,'0000-00-00 00:00:00'),(423,2,7,'14_30','2017-01-10','Aegro',0,0,'0000-00-00 00:00:00'),(424,6,7,'10_30','2017-01-13','NAPI',0,0,'0000-00-00 00:00:00'),(425,6,20,'14_00','0000-00-00','',0,0,'0000-00-00 00:00:00'),(426,6,20,'14_30','0000-00-00','',0,0,'0000-00-00 00:00:00'),(427,6,20,'15_00','0000-00-00','',0,0,'0000-00-00 00:00:00'),(428,6,20,'15_30','0000-00-00','',0,0,'0000-00-00 00:00:00'),(429,6,7,'14_00','2017-01-11','Arbra',0,0,'0000-00-00 00:00:00'),(430,6,7,'14_30','2017-01-11','Arbra',0,0,'0000-00-00 00:00:00'),(431,6,7,'15_00','2017-01-11','Arbra',0,0,'0000-00-00 00:00:00'),(432,6,7,'15_30','2017-01-11','Arbra',0,0,'0000-00-00 00:00:00'),(433,2,7,'12_30','2017-01-11','I9',0,0,'0000-00-00 00:00:00'),(434,2,7,'13_00','2017-01-11','I9',0,0,'0000-00-00 00:00:00'),(435,2,7,'13_30','2017-01-11','I9',0,0,'0000-00-00 00:00:00'),(436,2,22,'16_00','2017-01-11','Mconf Tecnologia',0,0,'0000-00-00 00:00:00'),(437,2,22,'16_30','2017-01-11','Mconf Tecnologia',0,0,'0000-00-00 00:00:00'),(438,6,7,'14_30','2017-01-12','Endepeer',0,0,'0000-00-00 00:00:00'),(439,6,7,'15_00','2017-01-12','Endepeer',0,0,'0000-00-00 00:00:00'),(440,6,7,'15_30','2017-01-12','Endepeer',0,0,'0000-00-00 00:00:00'),(441,2,24,'14_00','2017-01-12','Reunião AlphaVikings',0,0,'0000-00-00 00:00:00'),(442,2,24,'14_30','2017-01-12','Reunião AlphaVikings',0,0,'0000-00-00 00:00:00'),(443,2,24,'15_00','2017-01-12','Reunião AlphaVikings',0,0,'0000-00-00 00:00:00'),(448,6,7,'16_30','2017-01-18','Endepeer',0,0,'0000-00-00 00:00:00'),(449,6,7,'17_00','2017-01-18','Endepeer',0,0,'0000-00-00 00:00:00'),(450,6,7,'14_30','2017-01-19','Endepeer',0,0,'0000-00-00 00:00:00'),(451,6,7,'15_00','2017-01-19','Endepeer',0,0,'0000-00-00 00:00:00'),(452,6,7,'15_30','2017-01-19','Endepeer',0,0,'0000-00-00 00:00:00'),(453,6,7,'16_00','2017-01-19','Endepeer',0,0,'0000-00-00 00:00:00'),(454,6,22,'14_00','2017-01-16','Mconf Tecnologia',0,0,'0000-00-00 00:00:00'),(455,6,22,'14_30','2017-01-16','Mconf Tecnologia',0,0,'0000-00-00 00:00:00'),(456,6,22,'15_00','2017-01-16','Mconf Tecnologia',0,0,'0000-00-00 00:00:00'),(457,2,7,'15_00','2017-01-16','Endepeer',0,0,'0000-00-00 00:00:00'),(458,2,7,'15_30','2017-01-16','Endepeer',0,0,'0000-00-00 00:00:00'),(459,2,7,'16_00','2017-01-16','Endepeer',0,0,'0000-00-00 00:00:00'),(460,2,25,'14_30','2017-01-19','CEI',0,0,'0000-00-00 00:00:00'),(461,2,25,'15_00','2017-01-19','CEI',0,0,'0000-00-00 00:00:00'),(462,6,22,'14_00','2017-01-17','Mconf Tecnologia',0,0,'0000-00-00 00:00:00'),(463,6,22,'14_30','2017-01-17','Mconf Tecnologia',0,0,'0000-00-00 00:00:00'),(464,6,7,'14_30','2017-01-20','Endepeer',0,0,'0000-00-00 00:00:00'),(465,6,7,'15_00','2017-01-20','Endepeer',0,0,'0000-00-00 00:00:00'),(466,6,7,'15_30','2017-01-20','Endepeer',0,0,'0000-00-00 00:00:00'),(467,6,7,'16_30','2017-01-19','Endepeer',0,0,'0000-00-00 00:00:00'),(468,6,10,'10_30','2017-01-18','AEGRO',0,0,'0000-00-00 00:00:00'),(469,6,10,'11_00','2017-01-18','AEGRO',0,0,'0000-00-00 00:00:00'),(470,6,10,'11_30','2017-01-18','AEGRO',0,0,'0000-00-00 00:00:00'),(471,6,10,'14_30','2017-01-18','AEGRO',0,0,'0000-00-00 00:00:00'),(472,6,10,'15_00','2017-01-18','AEGRO',0,0,'0000-00-00 00:00:00'),(473,6,10,'15_30','2017-01-18','AEGRO',0,0,'0000-00-00 00:00:00'),(474,2,7,'11_30','2017-01-18','NSCAD',0,0,'0000-00-00 00:00:00'),(475,2,7,'12_00','2017-01-18','NSCAD',0,0,'0000-00-00 00:00:00'),(476,2,7,'12_30','2017-01-18','NSCAD',0,0,'0000-00-00 00:00:00'),(477,2,7,'13_00','2017-01-18','NSCAD',0,0,'0000-00-00 00:00:00'),(478,6,10,'12_00','2017-01-18','AEGRO',0,0,'0000-00-00 00:00:00'),(479,6,10,'12_30','2017-01-18','AEGRO',0,0,'0000-00-00 00:00:00'),(480,6,10,'13_00','2017-01-18','AEGRO',0,0,'0000-00-00 00:00:00'),(481,6,10,'13_30','2017-01-18','AEGRO',0,0,'0000-00-00 00:00:00'),(482,6,10,'14_00','2017-01-18','AEGRO',0,0,'0000-00-00 00:00:00'),(483,2,22,'14_00','2017-01-18','Mconf Tecnologia',0,0,'0000-00-00 00:00:00'),(484,2,22,'14_30','2017-01-18','Mconf Tecnologia',0,0,'0000-00-00 00:00:00'),(485,2,22,'15_00','2017-01-18','Mconf Tecnologia',0,0,'0000-00-00 00:00:00'),(486,2,22,'15_30','2017-01-18','Mconf Tecnologia',0,0,'0000-00-00 00:00:00'),(487,2,22,'16_00','2017-01-19','Mconf Tecnologia',0,0,'0000-00-00 00:00:00'),(488,2,22,'16_30','2017-01-19','Mconf Tecnologia',0,0,'0000-00-00 00:00:00'),(489,6,25,'13_30','2017-01-24','CEI',0,0,'0000-00-00 00:00:00'),(490,6,25,'14_00','2017-01-24','CEI',0,0,'0000-00-00 00:00:00'),(491,2,7,'15_00','2017-01-20','Arbra',0,0,'0000-00-00 00:00:00'),(492,2,7,'15_30','2017-01-20','Arbra',0,0,'0000-00-00 00:00:00'),(493,6,6,'12_00','2017-01-23','I9ACCESS',0,0,'0000-00-00 00:00:00'),(494,6,6,'12_30','2017-01-23','I9ACCESS',0,0,'0000-00-00 00:00:00'),(495,6,6,'13_00','2017-01-23','I9ACCESS',0,0,'0000-00-00 00:00:00'),(496,6,10,'14_00','2017-01-23','AEGRO',0,0,'0000-00-00 00:00:00'),(497,6,10,'14_30','2017-01-23','AEGRO',0,0,'0000-00-00 00:00:00'),(498,6,7,'11_30','2017-01-25','NSCAD',0,0,'0000-00-00 00:00:00'),(499,6,7,'12_00','2017-01-25','NSCAD',0,0,'0000-00-00 00:00:00'),(500,6,7,'12_30','2017-01-25','NSCAD',0,0,'0000-00-00 00:00:00'),(501,6,7,'13_00','2017-01-25','NSCAD',0,0,'0000-00-00 00:00:00'),(502,6,7,'13_30','2017-01-25','CEI',0,0,'0000-00-00 00:00:00'),(503,6,7,'14_00','2017-01-25','CEI',0,0,'0000-00-00 00:00:00'),(504,6,7,'14_30','2017-01-25','CEI',0,0,'0000-00-00 00:00:00'),(505,6,7,'15_00','2017-01-25','CEI',0,0,'0000-00-00 00:00:00'),(506,6,7,'15_30','2017-01-25','CEI',0,0,'0000-00-00 00:00:00'),(507,6,7,'16_00','2017-01-25','CEI',0,0,'0000-00-00 00:00:00'),(508,6,7,'16_30','2017-01-25','CEI',0,0,'0000-00-00 00:00:00'),(509,6,7,'17_00','2017-01-25','CEI',0,0,'0000-00-00 00:00:00'),(510,6,22,'10_00','2017-01-26','Mconf Tecnologia',0,0,'0000-00-00 00:00:00'),(511,6,22,'10_30','2017-01-26','Mconf Tecnologia',0,0,'0000-00-00 00:00:00'),(512,6,22,'11_00','2017-01-26','Mconf Tecnologia',0,0,'0000-00-00 00:00:00'),(513,6,22,'11_30','2017-01-26','Mconf Tecnologia',0,0,'0000-00-00 00:00:00'),(514,2,6,'14_00','2017-01-26','Bee It',0,0,'0000-00-00 00:00:00'),(515,2,6,'14_30','2017-01-26','Bee It',0,0,'0000-00-00 00:00:00'),(516,6,7,'14_30','2017-01-26','Arbra',0,0,'0000-00-00 00:00:00'),(517,6,7,'15_00','2017-01-26','Arbra',0,0,'0000-00-00 00:00:00'),(518,6,7,'16_00','2017-01-26','Aegro',0,0,'0000-00-00 00:00:00'),(519,6,7,'16_30','2017-01-26','Aegro',0,0,'0000-00-00 00:00:00'),(520,6,7,'17_00','2017-01-26','Aegro',0,0,'0000-00-00 00:00:00'),(528,6,13,'8_30','2017-01-27','reuniao beeit',0,0,'0000-00-00 00:00:00'),(529,6,13,'9_00','2017-01-27','reuniao beeit',0,0,'0000-00-00 00:00:00'),(530,6,13,'9_30','2017-01-27','reuniao beeit',0,0,'0000-00-00 00:00:00'),(531,6,13,'10_00','2017-01-27','reuniao beeit',0,0,'0000-00-00 00:00:00'),(532,6,13,'10_30','2017-01-27','reuniao beeit',0,0,'0000-00-00 00:00:00'),(533,6,13,'11_00','2017-01-27','reuniao beeit',0,0,'0000-00-00 00:00:00'),(534,6,13,'11_30','2017-01-27','reuniao beeit',0,0,'0000-00-00 00:00:00'),(535,6,13,'12_00','2017-01-27','reuniao beeit',0,0,'0000-00-00 00:00:00'),(536,6,13,'12_30','2017-01-27','reuniao beeit',0,0,'0000-00-00 00:00:00'),(537,6,27,'11_30','2017-02-01','NSCAD',0,0,'0000-00-00 00:00:00'),(538,6,27,'12_00','2017-02-01','NSCAD',0,0,'0000-00-00 00:00:00'),(539,6,27,'12_30','2017-02-01','NSCAD',0,0,'0000-00-00 00:00:00'),(540,6,27,'13_00','2017-02-01','NSCAD',0,0,'0000-00-00 00:00:00'),(541,6,7,'15_00','2017-01-27','Click',0,0,'0000-00-00 00:00:00'),(542,6,7,'15_30','2017-01-27','Click',0,0,'0000-00-00 00:00:00'),(543,6,7,'16_00','2017-01-27','Click',0,0,'0000-00-00 00:00:00'),(544,6,11,'11_00','2017-01-30','Reunião E-AWARE',0,0,'0000-00-00 00:00:00'),(545,6,11,'11_30','2017-01-30','Reunião E-AWARE',0,0,'0000-00-00 00:00:00'),(546,6,7,'9_00','2017-02-06','CEI - NAPI',0,0,'0000-00-00 00:00:00'),(547,6,7,'9_30','2017-02-06','CEI - NAPI',0,0,'0000-00-00 00:00:00'),(548,6,7,'10_00','2017-02-06','CEI - NAPI',0,0,'0000-00-00 00:00:00'),(549,6,7,'10_30','2017-02-06','CEI - NAPI',0,0,'0000-00-00 00:00:00'),(550,6,7,'11_00','2017-02-06','CEI - NAPI',0,0,'0000-00-00 00:00:00'),(551,6,7,'11_30','2017-02-06','CEI - NAPI',0,0,'0000-00-00 00:00:00'),(552,6,25,'14_00','2017-02-06','CEI',0,0,'0000-00-00 00:00:00'),(553,6,25,'14_30','2017-02-06','CEI',0,0,'0000-00-00 00:00:00'),(554,6,25,'15_00','2017-02-06','CEI',0,0,'0000-00-00 00:00:00'),(555,6,25,'15_30','2017-02-06','CEI',0,0,'0000-00-00 00:00:00'),(556,6,13,'9_30','2017-01-31','reuniao beeit',0,0,'0000-00-00 00:00:00'),(557,6,13,'10_00','2017-01-31','reuniao beeit',0,0,'0000-00-00 00:00:00'),(558,6,13,'10_30','2017-01-31','reuniao beeit',0,0,'0000-00-00 00:00:00'),(559,6,13,'11_00','2017-01-31','reuniao beeit',0,0,'0000-00-00 00:00:00'),(560,6,13,'11_30','2017-01-31','reuniao beeit',0,0,'0000-00-00 00:00:00'),(561,6,13,'12_00','2017-01-31','reuniao beeit',0,0,'0000-00-00 00:00:00'),(562,6,13,'12_30','2017-01-31','reuniao beeit',0,0,'0000-00-00 00:00:00'),(563,6,27,'11_30','2017-02-08','NSCAD',0,0,'0000-00-00 00:00:00'),(564,6,27,'12_00','2017-02-08','NSCAD',0,0,'0000-00-00 00:00:00'),(565,6,27,'12_30','2017-02-08','NSCAD',0,0,'0000-00-00 00:00:00'),(566,6,27,'13_00','2017-02-08','NSCAD',0,0,'0000-00-00 00:00:00'),(567,6,27,'11_30','2017-02-22','NSCAD',0,0,'0000-00-00 00:00:00'),(568,6,27,'12_00','2017-02-22','NSCAD',0,0,'0000-00-00 00:00:00'),(569,6,27,'12_30','2017-02-22','NSCAD',0,0,'0000-00-00 00:00:00'),(570,6,27,'13_00','2017-02-22','NSCAD',0,0,'0000-00-00 00:00:00'),(571,6,20,'15_00','2017-02-01','Arbra',0,0,'0000-00-00 00:00:00'),(572,6,20,'15_30','2017-02-01','Arbra',0,0,'0000-00-00 00:00:00'),(573,6,22,'16_30','2017-02-03','Mconf Tecnologia',0,0,'0000-00-00 00:00:00'),(574,6,22,'17_00','2017-02-03','Mconf Tecnologia',0,0,'0000-00-00 00:00:00'),(575,2,7,'16_30','2017-02-03','CEI',0,0,'0000-00-00 00:00:00'),(576,2,7,'17_00','2017-02-03','CEI',0,0,'0000-00-00 00:00:00'),(577,2,25,'10_30','2017-02-09','CEI',0,0,'0000-00-00 00:00:00'),(578,2,25,'11_00','2017-02-09','CEI',0,0,'0000-00-00 00:00:00'),(579,2,25,'11_30','2017-02-09','CEI',0,0,'0000-00-00 00:00:00'),(580,6,11,'9_30','2017-02-07','E-AWARE',0,0,'0000-00-00 00:00:00'),(581,6,11,'10_00','2017-02-07','E-AWARE',0,0,'0000-00-00 00:00:00'),(582,6,11,'10_30','2017-02-07','E-AWARE',0,0,'0000-00-00 00:00:00'),(583,6,11,'11_00','2017-02-07','E-AWARE',0,0,'0000-00-00 00:00:00'),(584,6,11,'11_30','2017-02-07','E-AWARE',0,0,'0000-00-00 00:00:00'),(585,6,11,'12_00','2017-02-07','E-AWARE',0,0,'0000-00-00 00:00:00'),(587,6,11,'13_00','2017-02-07','E-AWARE',0,0,'0000-00-00 00:00:00'),(588,6,11,'13_30','2017-02-07','E-AWARE',0,0,'0000-00-00 00:00:00'),(589,6,11,'14_00','2017-02-07','E-AWARE',0,0,'0000-00-00 00:00:00'),(590,6,11,'14_30','2017-02-07','E-AWARE',0,0,'0000-00-00 00:00:00'),(591,6,11,'15_00','2017-02-07','E-AWARE',0,0,'0000-00-00 00:00:00'),(592,6,11,'15_30','2017-02-07','E-AWARE',0,0,'0000-00-00 00:00:00'),(603,2,22,'14_00','2017-02-06','Mconf Tecnologia',0,0,'0000-00-00 00:00:00'),(604,2,22,'14_30','2017-02-06','Mconf Tecnologia',0,0,'0000-00-00 00:00:00'),(605,2,22,'15_00','2017-02-06','Mconf Tecnologia',0,0,'0000-00-00 00:00:00'),(606,2,22,'15_30','2017-02-06','Mconf Tecnologia',0,0,'0000-00-00 00:00:00'),(607,2,13,'8_30','2017-02-07','reuniao beeit',0,0,'0000-00-00 00:00:00'),(608,2,13,'9_00','2017-02-07','reuniao beeit',0,0,'0000-00-00 00:00:00'),(609,2,13,'9_30','2017-02-07','reuniao beeit',0,0,'0000-00-00 00:00:00'),(610,2,13,'10_00','2017-02-07','reuniao beeit',0,0,'0000-00-00 00:00:00'),(611,2,13,'10_30','2017-02-07','reuniao beeit',0,0,'0000-00-00 00:00:00'),(612,2,13,'11_00','2017-02-07','reuniao beeit',0,0,'0000-00-00 00:00:00'),(613,6,6,'16_00','2017-02-09','CEI - Reunião Empresas',0,0,'0000-00-00 00:00:00'),(614,6,6,'16_30','2017-02-09','CEI - Reunião Empresas',0,0,'0000-00-00 00:00:00'),(615,6,6,'17_00','2017-02-09','CEI - Reunião Empresas',0,0,'0000-00-00 00:00:00'),(616,2,7,'12_30','2017-02-08','I9',0,0,'0000-00-00 00:00:00'),(617,2,7,'13_00','2017-02-08','I9',0,0,'0000-00-00 00:00:00'),(618,2,7,'13_30','2017-02-08','I9',0,0,'0000-00-00 00:00:00'),(620,6,6,'11_30','2017-02-09','CEI',0,0,'0000-00-00 00:00:00'),(621,6,16,'14_00','2017-02-09','Call',0,0,'0000-00-00 00:00:00'),(622,6,16,'14_30','2017-02-09','Call',0,0,'0000-00-00 00:00:00'),(623,6,16,'15_00','2017-02-09','Call',0,0,'0000-00-00 00:00:00'),(624,2,1,'8_30','0000-00-00','',0,0,'0000-00-00 00:00:00'),(625,2,1,'9_00','0000-00-00','',0,0,'0000-00-00 00:00:00'),(626,2,1,'9_30','0000-00-00','',0,0,'0000-00-00 00:00:00'),(627,2,1,'10_00','0000-00-00','',0,0,'0000-00-00 00:00:00'),(628,2,1,'10_30','0000-00-00','',0,0,'0000-00-00 00:00:00'),(629,2,1,'11_00','0000-00-00','',0,0,'0000-00-00 00:00:00'),(630,2,1,'11_30','0000-00-00','',0,0,'0000-00-00 00:00:00'),(631,2,1,'12_00','0000-00-00','',0,0,'0000-00-00 00:00:00'),(632,2,1,'12_30','0000-00-00','',0,0,'0000-00-00 00:00:00'),(633,6,13,'8_30','2017-02-10','reunião Beeit',0,0,'0000-00-00 00:00:00'),(634,6,13,'9_00','2017-02-10','reunião Beeit',0,0,'0000-00-00 00:00:00'),(635,6,13,'9_30','2017-02-10','reunião Beeit',0,0,'0000-00-00 00:00:00'),(636,6,13,'10_00','2017-02-10','reunião Beeit',0,0,'0000-00-00 00:00:00'),(637,6,13,'10_30','2017-02-10','reunião Beeit',0,0,'0000-00-00 00:00:00'),(638,6,13,'11_00','2017-02-10','reunião Beeit',0,0,'0000-00-00 00:00:00'),(639,6,7,'12_00','2017-02-10','I9',0,0,'0000-00-00 00:00:00'),(640,6,7,'12_30','2017-02-10','I9',0,0,'0000-00-00 00:00:00'),(641,6,7,'13_00','2017-02-10','I9',0,0,'0000-00-00 00:00:00'),(642,6,7,'13_30','2017-02-10','I9',0,0,'0000-00-00 00:00:00'),(643,6,20,'10_00','2017-02-13','Arbra',0,0,'0000-00-00 00:00:00'),(644,6,20,'10_30','2017-02-13','Arbra',0,0,'0000-00-00 00:00:00'),(645,2,13,'15_30','0000-00-00','',0,0,'0000-00-00 00:00:00'),(646,2,13,'16_00','0000-00-00','',0,0,'0000-00-00 00:00:00'),(647,2,13,'16_30','0000-00-00','',0,0,'0000-00-00 00:00:00'),(648,2,13,'17_00','0000-00-00','',0,0,'0000-00-00 00:00:00'),(649,2,13,'15_30','0000-00-00','',0,0,'0000-00-00 00:00:00'),(650,2,13,'16_00','0000-00-00','',0,0,'0000-00-00 00:00:00'),(651,2,13,'16_30','0000-00-00','',0,0,'0000-00-00 00:00:00'),(652,2,13,'17_00','0000-00-00','',0,0,'0000-00-00 00:00:00'),(653,2,13,'15_30','2017-02-13','Beeit',0,0,'0000-00-00 00:00:00'),(654,2,13,'16_00','2017-02-13','Beeit',0,0,'0000-00-00 00:00:00'),(655,2,13,'16_30','2017-02-13','Beeit',0,0,'0000-00-00 00:00:00'),(656,2,13,'17_00','2017-02-13','Beeit',0,0,'0000-00-00 00:00:00'),(657,6,7,'17_00','2017-02-13','Bee It - CEI',0,0,'0000-00-00 00:00:00'),(658,6,22,'16_00','2017-02-14','Mconf Tecnologia',0,0,'0000-00-00 00:00:00'),(659,6,22,'16_30','2017-02-14','Mconf Tecnologia',0,0,'0000-00-00 00:00:00'),(660,6,7,'8_30','2017-02-20','NAPI',0,0,'0000-00-00 00:00:00'),(661,6,7,'9_00','2017-02-20','NAPI',0,0,'0000-00-00 00:00:00'),(662,6,7,'9_30','2017-02-20','NAPI',0,0,'0000-00-00 00:00:00'),(663,6,7,'10_00','2017-02-20','NAPI',0,0,'0000-00-00 00:00:00'),(664,6,7,'10_30','2017-02-20','NAPI',0,0,'0000-00-00 00:00:00'),(665,6,7,'11_00','2017-02-20','NAPI',0,0,'0000-00-00 00:00:00'),(666,6,7,'11_30','2017-02-20','NAPI',0,0,'0000-00-00 00:00:00'),(667,6,13,'10_30','2017-02-15','reunião Beeit',0,0,'0000-00-00 00:00:00'),(668,6,13,'11_00','2017-02-15','reunião Beeit',0,0,'0000-00-00 00:00:00'),(669,6,13,'11_30','2017-02-15','reunião Beeit',0,0,'0000-00-00 00:00:00'),(670,6,13,'12_00','2017-02-15','reunião Beeit',0,0,'0000-00-00 00:00:00'),(671,6,13,'12_30','2017-02-15','reunião Beeit',0,0,'0000-00-00 00:00:00'),(672,6,13,'13_00','2017-02-15','reunião Beeit',0,0,'0000-00-00 00:00:00'),(673,6,13,'13_30','2017-02-15','reunião Beeit',0,0,'0000-00-00 00:00:00'),(674,6,13,'14_00','2017-02-15','reunião Beeit',0,0,'0000-00-00 00:00:00'),(675,6,13,'14_30','2017-02-15','reunião Beeit',0,0,'0000-00-00 00:00:00'),(676,6,13,'15_00','2017-02-15','reunião Beeit',0,0,'0000-00-00 00:00:00'),(677,6,13,'15_30','2017-02-15','reunião Beeit',0,0,'0000-00-00 00:00:00'),(678,6,13,'16_00','2017-02-15','reunião Beeit',0,0,'0000-00-00 00:00:00'),(679,2,6,'14_00','2017-02-15','Alpha Vikings',0,0,'0000-00-00 00:00:00'),(680,2,6,'14_30','2017-02-15','Alpha Vikings',0,0,'0000-00-00 00:00:00'),(681,2,6,'15_00','2017-02-15','Alpha Vikings',0,0,'0000-00-00 00:00:00'),(682,6,8,'16_30','2017-02-20','i9access - Alexandro',0,0,'0000-00-00 00:00:00'),(683,6,8,'17_00','2017-02-20','i9access - Alexandro',0,0,'0000-00-00 00:00:00'),(684,2,7,'12_30','2017-02-20','I9',0,0,'0000-00-00 00:00:00'),(685,2,7,'13_00','2017-02-20','I9',0,0,'0000-00-00 00:00:00'),(686,2,7,'13_30','2017-02-20','I9',0,0,'0000-00-00 00:00:00'),(687,2,7,'14_00','2017-02-20','I9',0,0,'0000-00-00 00:00:00'),(688,2,7,'9_00','2017-02-20','CEI',0,0,'0000-00-00 00:00:00'),(689,2,7,'9_30','2017-02-20','CEI',0,0,'0000-00-00 00:00:00'),(690,2,7,'10_00','2017-02-20','CEI',0,0,'0000-00-00 00:00:00'),(691,2,7,'10_30','2017-02-20','CEI',0,0,'0000-00-00 00:00:00'),(692,2,7,'11_00','2017-02-20','CEI',0,0,'0000-00-00 00:00:00'),(693,2,7,'11_30','2017-02-20','CEI',0,0,'0000-00-00 00:00:00'),(694,6,20,'13_00','2017-02-20','Arbra',0,0,'0000-00-00 00:00:00'),(695,6,20,'13_30','2017-02-20','Arbra',0,0,'0000-00-00 00:00:00'),(696,2,7,'10_00','2017-02-22','Endepeer',0,0,'0000-00-00 00:00:00'),(697,2,7,'10_30','2017-02-22','Endepeer',0,0,'0000-00-00 00:00:00'),(698,2,7,'11_00','2017-02-22','Endepeer',0,0,'0000-00-00 00:00:00'),(699,2,7,'11_30','2017-02-22','Endepeer',0,0,'0000-00-00 00:00:00'),(700,6,7,'16_00','2017-02-21','Alpha',0,0,'0000-00-00 00:00:00'),(701,6,7,'16_30','2017-02-21','Alpha',0,0,'0000-00-00 00:00:00'),(702,6,7,'17_00','2017-02-21','Alpha',0,0,'0000-00-00 00:00:00'),(703,6,11,'16_00','2017-02-23','E-AWARE',0,0,'0000-00-00 00:00:00'),(704,6,11,'16_30','2017-02-23','E-AWARE',0,0,'0000-00-00 00:00:00'),(705,6,11,'17_00','2017-02-23','E-AWARE',0,0,'0000-00-00 00:00:00'),(706,6,6,'11_00','2017-02-23','CEI',0,0,'0000-00-00 00:00:00'),(707,6,6,'11_30','2017-02-23','CEI',0,0,'0000-00-00 00:00:00'),(708,6,10,'14_00','2017-02-23','',0,0,'0000-00-00 00:00:00'),(709,6,10,'14_30','2017-02-23','',0,0,'0000-00-00 00:00:00'),(710,6,27,'11_30','2017-03-02','NSCAD',0,0,'0000-00-00 00:00:00'),(711,6,27,'12_00','2017-03-02','NSCAD',0,0,'0000-00-00 00:00:00'),(712,6,27,'12_30','2017-03-02','NSCAD',0,0,'0000-00-00 00:00:00'),(713,6,27,'13_00','2017-03-02','NSCAD',0,0,'0000-00-00 00:00:00'),(715,6,27,'12_00','2017-03-08','NSCAD',0,0,'0000-00-00 00:00:00'),(716,6,27,'12_30','2017-03-08','NSCAD',0,0,'0000-00-00 00:00:00'),(717,6,27,'13_00','2017-03-08','NSCAD',0,0,'0000-00-00 00:00:00'),(719,6,27,'12_00','2017-03-15','NSCAD',0,0,'0000-00-00 00:00:00'),(720,6,27,'12_30','2017-03-15','NSCAD',0,0,'0000-00-00 00:00:00'),(721,6,27,'13_00','2017-03-15','NSCAD',0,0,'0000-00-00 00:00:00'),(723,6,27,'12_00','2017-03-22','NSCAD',0,0,'0000-00-00 00:00:00'),(724,6,27,'12_30','2017-03-22','NSCAD',0,0,'0000-00-00 00:00:00'),(725,6,27,'13_00','2017-03-22','NSCAD',0,0,'0000-00-00 00:00:00'),(730,2,13,'15_00','2017-02-23','reuniao beeit',0,0,'0000-00-00 00:00:00'),(731,2,13,'15_30','2017-02-23','reuniao beeit',0,0,'0000-00-00 00:00:00'),(732,2,13,'16_00','2017-02-23','reuniao beeit',0,0,'0000-00-00 00:00:00'),(733,2,13,'16_30','2017-02-23','reuniao beeit',0,0,'0000-00-00 00:00:00'),(734,2,13,'17_00','2017-02-23','reuniao beeit',0,0,'0000-00-00 00:00:00'),(735,6,25,'15_00','2017-03-01','CEI',0,0,'0000-00-00 00:00:00'),(736,6,25,'15_30','2017-03-01','CEI',0,0,'0000-00-00 00:00:00'),(737,2,13,'12_30','2017-03-01','reuniao beeit',0,0,'0000-00-00 00:00:00'),(738,2,13,'13_00','2017-03-01','reuniao beeit',0,0,'0000-00-00 00:00:00'),(739,2,13,'13_30','2017-03-01','reuniao beeit',0,0,'0000-00-00 00:00:00'),(740,2,13,'14_00','2017-03-01','reuniao beeit',0,0,'0000-00-00 00:00:00'),(741,2,13,'14_30','2017-03-01','reuniao beeit',0,0,'0000-00-00 00:00:00'),(742,2,13,'15_00','2017-03-01','reuniao beeit',0,0,'0000-00-00 00:00:00'),(743,2,13,'15_30','2017-03-01','reuniao beeit',0,0,'0000-00-00 00:00:00'),(744,2,13,'16_00','2017-03-01','reuniao beeit',0,0,'0000-00-00 00:00:00'),(755,2,20,'10_00','2017-03-02','ARBRA',0,0,'0000-00-00 00:00:00'),(756,2,20,'10_30','2017-03-02','ARBRA',0,0,'0000-00-00 00:00:00'),(757,2,20,'11_00','2017-03-02','ARBRA',0,0,'0000-00-00 00:00:00'),(758,2,20,'11_30','2017-03-02','ARBRA',0,0,'0000-00-00 00:00:00'),(759,2,7,'10_00','2017-03-08','CEI - NAPI',0,0,'0000-00-00 00:00:00'),(760,2,7,'10_30','2017-03-08','CEI - NAPI',0,0,'0000-00-00 00:00:00'),(761,2,7,'11_00','2017-03-08','CEI - NAPI',0,0,'0000-00-00 00:00:00'),(762,2,7,'11_30','2017-03-08','CEI - NAPI',0,0,'0000-00-00 00:00:00'),(763,6,24,'14_00','2017-03-02','AlphaVikings',0,0,'0000-00-00 00:00:00'),(764,6,24,'14_30','2017-03-02','AlphaVikings',0,0,'0000-00-00 00:00:00'),(765,6,24,'15_00','2017-03-02','AlphaVikings',0,0,'0000-00-00 00:00:00'),(766,6,24,'15_30','2017-03-02','AlphaVikings',0,0,'0000-00-00 00:00:00'),(767,2,25,'13_30','2017-03-02','CEI',0,0,'0000-00-00 00:00:00'),(768,2,25,'14_00','2017-03-02','CEI',0,0,'0000-00-00 00:00:00'),(769,2,10,'14_30','2017-03-02','AEGRO',0,0,'0000-00-00 00:00:00'),(770,2,10,'15_00','2017-03-02','AEGRO',0,0,'0000-00-00 00:00:00'),(771,2,10,'15_30','2017-03-02','AEGRO',0,0,'0000-00-00 00:00:00'),(772,2,10,'16_00','2017-03-02','AEGRO',0,0,'0000-00-00 00:00:00'),(773,6,6,'10_30','0000-00-00','',0,0,'0000-00-00 00:00:00'),(774,6,6,'14_00','2017-03-03','CEI',0,0,'0000-00-00 00:00:00'),(775,6,6,'14_30','2017-03-03','CEI',0,0,'0000-00-00 00:00:00'),(778,6,7,'10_30','2017-03-03','Endepeer',0,0,'0000-00-00 00:00:00'),(779,6,7,'11_00','2017-03-03','Endepeer',0,0,'0000-00-00 00:00:00'),(781,2,7,'14_00','2017-03-03','CEI',0,0,'0000-00-00 00:00:00'),(782,2,7,'14_30','2017-03-03','CEI',0,0,'0000-00-00 00:00:00'),(786,6,24,'15_00','2017-03-03','AlphaVikings',0,0,'0000-00-00 00:00:00'),(787,6,24,'15_30','2017-03-03','AlphaVikings',0,0,'0000-00-00 00:00:00'),(788,6,24,'16_00','2017-03-03','AlphaVikings',0,0,'0000-00-00 00:00:00'),(789,6,24,'16_30','2017-03-03','AlphaVikings',0,0,'0000-00-00 00:00:00'),(790,6,7,'14_00','2017-03-08','Endepeer',0,0,'0000-00-00 00:00:00'),(791,6,7,'14_30','2017-03-08','Endepeer',0,0,'0000-00-00 00:00:00'),(792,6,7,'15_00','2017-03-08','Endepeer',0,0,'0000-00-00 00:00:00'),(793,6,7,'15_30','2017-03-08','Endepeer',0,0,'0000-00-00 00:00:00'),(794,2,16,'15_00','2017-03-03','Reunião Clic e Data Mundus',0,0,'0000-00-00 00:00:00'),(795,2,16,'15_30','2017-03-03','Reunião Clic e Data Mundus',0,0,'0000-00-00 00:00:00'),(796,2,16,'16_00','2017-03-03','Reunião Clic e Data Mundus',0,0,'0000-00-00 00:00:00'),(797,2,16,'16_30','2017-03-03','Reunião Clic e Data Mundus',0,0,'0000-00-00 00:00:00'),(798,0,25,'9_00','2017-03-08','CEI - NAPI',0,0,'0000-00-00 00:00:00'),(799,0,25,'9_30','2017-03-08','CEI - NAPI',0,0,'0000-00-00 00:00:00'),(800,2,25,'9_00','2017-03-08','CEI - NAPI ?',0,0,'0000-00-00 00:00:00'),(801,2,25,'9_30','2017-03-08','CEI - NAPI ?',0,0,'0000-00-00 00:00:00'),(834,2,6,'12_30','2017-03-07','I9ACCESS',0,0,'0000-00-00 00:00:00'),(835,2,6,'13_00','2017-03-07','I9ACCESS',0,0,'0000-00-00 00:00:00'),(836,2,6,'13_30','2017-03-07','I9ACCESS',0,0,'0000-00-00 00:00:00'),(837,6,27,'14_30','2017-03-13','NSCAD',0,0,'0000-00-00 00:00:00'),(838,6,27,'15_00','2017-03-13','NSCAD',0,0,'0000-00-00 00:00:00'),(839,6,27,'15_30','2017-03-13','NSCAD',0,0,'0000-00-00 00:00:00'),(840,6,6,'10_00','2017-03-08','System Advisor',0,0,'0000-00-00 00:00:00'),(841,6,6,'10_30','2017-03-08','System Advisor',0,0,'0000-00-00 00:00:00'),(842,6,27,'14_00','2017-03-13','NSCAD',0,0,'0000-00-00 00:00:00'),(843,6,6,'12_00','2017-03-09','CEI',0,0,'0000-00-00 00:00:00'),(844,6,6,'12_30','2017-03-09','CEI',0,0,'0000-00-00 00:00:00'),(845,6,6,'13_00','2017-03-09','CEI',0,0,'0000-00-00 00:00:00'),(846,6,6,'13_30','2017-03-09','CEI',0,0,'0000-00-00 00:00:00'),(847,6,10,'14_00','2017-03-09','AEGRO',0,0,'0000-00-00 00:00:00'),(848,6,10,'14_30','2017-03-09','AEGRO',0,0,'0000-00-00 00:00:00'),(849,6,10,'15_00','2017-03-09','AEGRO',0,0,'0000-00-00 00:00:00'),(850,6,10,'15_30','2017-03-09','AEGRO',0,0,'0000-00-00 00:00:00'),(851,6,10,'16_00','2017-03-09','AEGRO',0,0,'0000-00-00 00:00:00'),(852,6,10,'16_30','2017-03-09','AEGRO',0,0,'0000-00-00 00:00:00'),(853,6,7,'10_00','2017-03-14','Endepeer',0,0,'0000-00-00 00:00:00'),(854,6,7,'10_30','2017-03-14','Endepeer',0,0,'0000-00-00 00:00:00'),(855,6,7,'11_00','2017-03-14','Endepeer',0,0,'0000-00-00 00:00:00'),(856,6,7,'11_30','2017-03-14','Endepeer',0,0,'0000-00-00 00:00:00'),(861,2,7,'17_00','2017-03-09','CEI',0,0,'0000-00-00 00:00:00'),(862,6,10,'10_00','2017-03-10','AEGRO',0,0,'0000-00-00 00:00:00'),(863,6,10,'10_30','2017-03-10','AEGRO',0,0,'0000-00-00 00:00:00'),(864,6,10,'11_00','2017-03-10','AEGRO',0,0,'0000-00-00 00:00:00'),(865,6,10,'11_30','2017-03-10','AEGRO',0,0,'0000-00-00 00:00:00'),(868,2,27,'14_00','2017-03-10','NSCAD',0,0,'0000-00-00 00:00:00'),(869,2,27,'14_30','2017-03-10','NSCAD',0,0,'0000-00-00 00:00:00'),(870,6,7,'14_00','2017-03-10','MConf - CEI',0,0,'0000-00-00 00:00:00'),(872,6,25,'15_00','2017-03-16','CEI - Reunião com arquitetos',0,0,'0000-00-00 00:00:00'),(873,6,25,'15_30','2017-03-16','CEI - Reunião com arquitetos',0,0,'0000-00-00 00:00:00'),(874,6,25,'16_00','2017-03-16','CEI - Lubaszewsky ',0,0,'0000-00-00 00:00:00'),(875,6,25,'16_30','2017-03-16','CEI - Lubaszewsky ',0,0,'0000-00-00 00:00:00'),(876,2,6,'16_00','2017-03-10','I9ACCESS',0,0,'0000-00-00 00:00:00'),(877,2,6,'16_30','2017-03-10','I9ACCESS',0,0,'0000-00-00 00:00:00'),(878,6,13,'8_30','2017-03-13','reuniao beeit',0,0,'0000-00-00 00:00:00'),(879,6,13,'9_00','2017-03-13','reuniao beeit',0,0,'0000-00-00 00:00:00'),(880,6,13,'9_30','2017-03-13','reuniao beeit',0,0,'0000-00-00 00:00:00'),(881,6,13,'10_00','2017-03-13','reuniao beeit',0,0,'0000-00-00 00:00:00'),(882,6,13,'10_30','2017-03-13','reuniao beeit',0,0,'0000-00-00 00:00:00'),(883,6,13,'11_00','2017-03-13','reuniao beeit',0,0,'0000-00-00 00:00:00'),(884,2,6,'12_30','2017-03-13','I9ACCESS',0,0,'0000-00-00 00:00:00'),(885,2,6,'13_00','2017-03-13','I9ACCESS',0,0,'0000-00-00 00:00:00'),(886,2,6,'13_30','2017-03-13','I9ACCESS',0,0,'0000-00-00 00:00:00'),(887,2,6,'15_00','2017-03-13','CEI',0,0,'0000-00-00 00:00:00'),(888,2,6,'15_30','2017-03-13','CEI',0,0,'0000-00-00 00:00:00'),(889,2,6,'16_00','2017-03-13','CEI',0,0,'0000-00-00 00:00:00'),(890,2,7,'14_00','2017-03-13','Bee IT',0,0,'0000-00-00 00:00:00'),(891,2,7,'14_30','2017-03-13','Bee IT',0,0,'0000-00-00 00:00:00'),(892,2,10,'17_00','2017-03-13','AEGRO',0,0,'0000-00-00 00:00:00'),(893,6,7,'17_00','2017-03-13','Aegro',0,0,'0000-00-00 00:00:00'),(894,2,7,'8_30','2017-03-14','Bee IT',0,0,'0000-00-00 00:00:00'),(895,2,7,'9_00','2017-03-14','Bee IT',0,0,'0000-00-00 00:00:00'),(896,2,7,'9_30','2017-03-14','Bee IT',0,0,'0000-00-00 00:00:00'),(897,6,7,'9_00','2017-03-14','NSCAD',0,0,'0000-00-00 00:00:00'),(898,6,7,'9_30','2017-03-14','NSCAD',0,0,'0000-00-00 00:00:00'),(903,2,27,'14_00','2017-03-14','NSCAD',0,0,'0000-00-00 00:00:00'),(904,2,27,'14_30','2017-03-14','NSCAD',0,0,'0000-00-00 00:00:00'),(905,2,27,'15_00','2017-03-14','NSCAD',0,0,'0000-00-00 00:00:00'),(906,2,27,'15_30','2017-03-14','NSCAD',0,0,'0000-00-00 00:00:00'),(915,6,6,'13_30','2017-03-27','CEI',0,0,'0000-00-00 00:00:00'),(916,6,6,'14_00','2017-03-27','CEI',0,0,'0000-00-00 00:00:00'),(917,6,6,'14_30','2017-03-27','CEI',0,0,'0000-00-00 00:00:00'),(918,6,6,'15_00','2017-03-27','CEI',0,0,'0000-00-00 00:00:00'),(919,6,6,'15_30','2017-03-27','CEI',0,0,'0000-00-00 00:00:00'),(921,6,7,'12_30','2017-03-14','I9',0,0,'0000-00-00 00:00:00'),(922,6,7,'13_00','2017-03-14','I9',0,0,'0000-00-00 00:00:00'),(923,6,7,'13_30','2017-03-14','I9',0,0,'0000-00-00 00:00:00'),(924,6,13,'16_00','2017-03-14','Beeit',0,0,'0000-00-00 00:00:00'),(929,2,13,'15_00','2017-03-15','Beeit',0,0,'0000-00-00 00:00:00'),(930,2,13,'15_30','2017-03-15','Beeit',0,0,'0000-00-00 00:00:00'),(931,6,25,'10_00','2017-03-20','CEI',0,0,'0000-00-00 00:00:00'),(932,6,25,'10_30','2017-03-20','CEI',0,0,'0000-00-00 00:00:00'),(933,6,25,'17_00','2017-03-16','CEI - Lubaszewsky ',0,0,'0000-00-00 00:00:00'),(934,6,7,'13_30','2017-03-21','NAPI',0,0,'0000-00-00 00:00:00'),(935,6,7,'14_00','2017-03-21','NAPI',0,0,'0000-00-00 00:00:00'),(936,6,7,'14_30','2017-03-21','NAPI',0,0,'0000-00-00 00:00:00'),(937,6,7,'15_00','2017-03-21','NAPI',0,0,'0000-00-00 00:00:00'),(938,6,7,'15_30','2017-03-21','NAPI',0,0,'0000-00-00 00:00:00'),(939,6,7,'16_00','2017-03-21','NAPI',0,0,'0000-00-00 00:00:00'),(940,2,27,'9_30','2017-03-16','NSCAD',0,0,'0000-00-00 00:00:00'),(941,2,27,'10_00','2017-03-16','NSCAD',0,0,'0000-00-00 00:00:00'),(942,6,13,'9_00','2017-03-16','reuniao beeit',0,0,'0000-00-00 00:00:00'),(943,6,13,'9_30','2017-03-16','reuniao beeit',0,0,'0000-00-00 00:00:00'),(944,6,13,'10_00','2017-03-16','reuniao beeit',0,0,'0000-00-00 00:00:00'),(945,6,13,'10_30','2017-03-16','reuniao beeit',0,0,'0000-00-00 00:00:00'),(946,6,13,'11_00','2017-03-16','reuniao beeit',0,0,'0000-00-00 00:00:00'),(947,6,13,'11_30','2017-03-16','reuniao beeit',0,0,'0000-00-00 00:00:00'),(948,2,7,'12_30','2017-03-16','I9',0,0,'0000-00-00 00:00:00'),(949,6,16,'8_30','2017-03-17','Clic Corretores',0,0,'0000-00-00 00:00:00'),(950,6,16,'9_00','2017-03-17','Clic Corretores',0,0,'0000-00-00 00:00:00'),(951,6,16,'9_30','2017-03-17','Clic Corretores',0,0,'0000-00-00 00:00:00'),(952,6,16,'10_00','2017-03-17','Clic Corretores',0,0,'0000-00-00 00:00:00'),(953,6,16,'10_30','2017-03-17','Clic Corretores',0,0,'0000-00-00 00:00:00'),(954,6,16,'11_00','2017-03-17','Clic Corretores',0,0,'0000-00-00 00:00:00'),(955,6,16,'11_30','2017-03-17','Clic Corretores',0,0,'0000-00-00 00:00:00'),(956,6,16,'12_00','2017-03-17','Clic Corretores',0,0,'0000-00-00 00:00:00'),(957,6,16,'12_30','2017-03-17','Clic Corretores',0,0,'0000-00-00 00:00:00'),(958,2,13,'8_30','2017-03-17','reuniao beeit',0,0,'0000-00-00 00:00:00'),(959,2,13,'9_00','2017-03-17','reuniao beeit',0,0,'0000-00-00 00:00:00'),(960,2,13,'9_30','2017-03-17','reuniao beeit',0,0,'0000-00-00 00:00:00'),(961,2,13,'10_00','2017-03-17','reuniao beeit',0,0,'0000-00-00 00:00:00'),(962,2,13,'10_30','2017-03-17','reuniao beeit',0,0,'0000-00-00 00:00:00'),(963,2,13,'11_00','2017-03-17','reuniao beeit',0,0,'0000-00-00 00:00:00'),(964,2,13,'11_30','2017-03-17','reuniao beeit',0,0,'0000-00-00 00:00:00'),(965,2,27,'14_00','2017-03-17','NSCAD',0,0,'0000-00-00 00:00:00'),(966,2,27,'14_30','2017-03-17','NSCAD',0,0,'0000-00-00 00:00:00'),(967,6,13,'14_30','2017-03-17','reuniao beeit',0,0,'0000-00-00 00:00:00'),(968,6,13,'15_00','2017-03-17','reuniao beeit',0,0,'0000-00-00 00:00:00'),(969,6,13,'15_30','2017-03-17','reuniao beeit',0,0,'0000-00-00 00:00:00'),(970,6,13,'16_00','2017-03-17','reuniao beeit',0,0,'0000-00-00 00:00:00'),(971,6,13,'16_30','2017-03-17','reuniao beeit',0,0,'0000-00-00 00:00:00'),(972,6,13,'17_00','2017-03-17','reuniao beeit',0,0,'0000-00-00 00:00:00'),(973,2,25,'16_00','2017-03-17','CEI',0,0,'0000-00-00 00:00:00'),(975,2,7,'15_00','2017-03-17','NSCAD',0,0,'0000-00-00 00:00:00'),(976,2,13,'9_30','2017-03-20','reuniao beeit',0,0,'0000-00-00 00:00:00'),(977,2,13,'10_00','2017-03-20','reuniao beeit',0,0,'0000-00-00 00:00:00'),(978,2,13,'10_30','2017-03-20','reuniao beeit',0,0,'0000-00-00 00:00:00'),(979,2,13,'11_00','2017-03-20','reuniao beeit',0,0,'0000-00-00 00:00:00'),(980,2,27,'14_00','2017-03-20','NSCAD',0,0,'0000-00-00 00:00:00'),(981,2,27,'14_30','2017-03-20','NSCAD',0,0,'0000-00-00 00:00:00'),(982,2,27,'15_00','2017-03-20','NSCAD',0,0,'0000-00-00 00:00:00'),(983,2,27,'15_30','2017-03-20','NSCAD',0,0,'0000-00-00 00:00:00'),(984,6,7,'12_30','2017-03-20','I9',0,0,'0000-00-00 00:00:00'),(985,6,7,'13_00','2017-03-20','I9',0,0,'0000-00-00 00:00:00'),(986,6,7,'13_30','2017-03-20','I9',0,0,'0000-00-00 00:00:00'),(987,6,7,'15_00','2017-03-20','Aegro',0,0,'0000-00-00 00:00:00'),(988,6,7,'15_30','2017-03-20','Aegro',0,0,'0000-00-00 00:00:00'),(989,6,7,'16_00','2017-03-20','Aegro',0,0,'0000-00-00 00:00:00'),(990,6,7,'16_30','2017-03-20','Aegro',0,0,'0000-00-00 00:00:00'),(991,6,7,'16_30','2017-03-21','NAPI',0,0,'0000-00-00 00:00:00'),(992,6,13,'8_30','2017-03-24','reuniao beeit',0,0,'0000-00-00 00:00:00'),(993,6,13,'9_00','2017-03-24','reuniao beeit',0,0,'0000-00-00 00:00:00'),(994,6,13,'9_30','2017-03-24','reuniao beeit',0,0,'0000-00-00 00:00:00'),(995,6,13,'10_00','2017-03-24','reuniao beeit',0,0,'0000-00-00 00:00:00'),(996,6,13,'10_30','2017-03-24','reuniao beeit',0,0,'0000-00-00 00:00:00'),(997,6,13,'11_00','2017-03-24','reuniao beeit',0,0,'0000-00-00 00:00:00'),(998,6,13,'11_30','2017-03-24','reuniao beeit',0,0,'0000-00-00 00:00:00'),(999,6,13,'12_00','2017-03-24','reuniao beeit',0,0,'0000-00-00 00:00:00'),(1000,6,13,'12_30','2017-03-24','reuniao beeit',0,0,'0000-00-00 00:00:00'),(1001,2,13,'16_00','2017-03-20','reuniao beeit',0,0,'0000-00-00 00:00:00'),(1002,2,13,'16_30','2017-03-20','reuniao beeit',0,0,'0000-00-00 00:00:00'),(1003,2,13,'17_00','2017-03-20','reuniao beeit',0,0,'0000-00-00 00:00:00'),(1004,2,27,'9_30','2017-03-22','NSCAD',0,0,'0000-00-00 00:00:00'),(1005,2,27,'10_00','2017-03-22','NSCAD',0,0,'0000-00-00 00:00:00'),(1006,2,27,'10_30','2017-03-22','NSCAD',0,0,'0000-00-00 00:00:00'),(1007,2,27,'9_30','2017-03-29','NSCAD',0,0,'0000-00-00 00:00:00'),(1009,2,27,'9_30','2017-04-05','NSCAD',0,0,'0000-00-00 00:00:00'),(1010,2,27,'10_00','2017-04-05','NSCAD',0,0,'0000-00-00 00:00:00'),(1011,2,7,'12_30','2017-03-21','NSCAD',0,0,'0000-00-00 00:00:00'),(1012,2,7,'13_00','2017-03-21','NSCAD',0,0,'0000-00-00 00:00:00'),(1013,2,20,'14_30','2017-03-21','ARBRA',0,0,'0000-00-00 00:00:00'),(1014,2,20,'15_00','2017-03-21','ARBRA',0,0,'0000-00-00 00:00:00'),(1015,2,20,'15_30','2017-03-21','ARBRA',0,0,'0000-00-00 00:00:00'),(1016,2,20,'16_00','2017-03-21','ARBRA',0,0,'0000-00-00 00:00:00'),(1017,2,20,'16_30','2017-03-21','ARBRA',0,0,'0000-00-00 00:00:00'),(1018,2,20,'17_00','2017-03-21','ARBRA',0,0,'0000-00-00 00:00:00'),(1021,2,7,'10_00','2017-03-23','Arbra',0,0,'0000-00-00 00:00:00'),(1022,2,7,'10_30','2017-03-23','Arbra',0,0,'0000-00-00 00:00:00'),(1023,2,7,'11_00','2017-03-23','Arbra',0,0,'0000-00-00 00:00:00'),(1024,2,7,'11_30','2017-03-23','Arbra',0,0,'0000-00-00 00:00:00'),(1025,6,13,'9_00','2017-03-22','',0,0,'0000-00-00 00:00:00'),(1026,6,13,'9_30','2017-03-22','',0,0,'0000-00-00 00:00:00'),(1027,6,13,'10_00','2017-03-22','',0,0,'0000-00-00 00:00:00'),(1028,6,20,'11_00','2017-03-22','ARBRA',0,0,'0000-00-00 00:00:00'),(1029,6,20,'11_30','2017-03-22','ARBRA',0,0,'0000-00-00 00:00:00'),(1030,2,10,'11_00','2017-03-22','AEGRO',0,0,'0000-00-00 00:00:00'),(1031,2,10,'11_30','2017-03-22','AEGRO',0,0,'0000-00-00 00:00:00'),(1032,2,25,'13_00','2017-03-22','i9access',0,0,'0000-00-00 00:00:00'),(1033,2,25,'13_30','2017-03-22','i9access',0,0,'0000-00-00 00:00:00'),(1034,2,25,'14_00','2017-03-22','i9access',0,0,'0000-00-00 00:00:00'),(1035,2,25,'14_30','2017-03-22','i9access',0,0,'0000-00-00 00:00:00'),(1037,6,20,'15_30','2017-03-22','ARBRA',0,0,'0000-00-00 00:00:00'),(1038,6,20,'16_00','2017-03-22','ARBRA',0,0,'0000-00-00 00:00:00'),(1039,6,20,'16_30','2017-03-22','ARBRA',0,0,'0000-00-00 00:00:00'),(1040,2,13,'16_00','2017-03-22','',0,0,'0000-00-00 00:00:00'),(1041,2,13,'16_30','2017-03-22','',0,0,'0000-00-00 00:00:00'),(1042,2,13,'17_00','2017-03-22','',0,0,'0000-00-00 00:00:00'),(1044,6,20,'11_30','2017-03-23','ARBRA',0,0,'0000-00-00 00:00:00'),(1045,6,20,'13_00','2017-03-23','ARBRA',0,0,'0000-00-00 00:00:00'),(1046,6,20,'13_30','2017-03-23','ARBRA',0,0,'0000-00-00 00:00:00'),(1047,6,20,'14_00','2017-03-23','ARBRA',0,0,'0000-00-00 00:00:00'),(1048,6,20,'14_30','2017-03-23','ARBRA',0,0,'0000-00-00 00:00:00'),(1049,6,20,'15_00','2017-03-23','ARBRA',0,0,'0000-00-00 00:00:00'),(1050,6,20,'15_30','2017-03-23','ARBRA',0,0,'0000-00-00 00:00:00'),(1051,6,20,'16_00','2017-03-23','ARBRA',0,0,'0000-00-00 00:00:00'),(1052,6,20,'16_30','2017-03-23','ARBRA',0,0,'0000-00-00 00:00:00'),(1053,6,7,'12_00','2017-03-23','Arbra',0,0,'0000-00-00 00:00:00'),(1054,6,7,'12_30','2017-03-23','Arbra',0,0,'0000-00-00 00:00:00'),(1055,6,7,'13_00','2017-03-24','Endepeer',0,0,'0000-00-00 00:00:00'),(1056,6,7,'13_30','2017-03-24','Endepeer',0,0,'0000-00-00 00:00:00'),(1057,6,7,'14_00','2017-03-24','Endepeer',0,0,'0000-00-00 00:00:00'),(1058,2,20,'10_00','2017-03-24','Arbra',0,0,'0000-00-00 00:00:00'),(1059,2,20,'10_30','2017-03-24','Arbra',0,0,'0000-00-00 00:00:00'),(1060,2,20,'11_00','2017-03-24','Arbra',0,0,'0000-00-00 00:00:00'),(1061,2,20,'11_30','2017-03-24','Arbra',0,0,'0000-00-00 00:00:00'),(1062,2,20,'12_00','2017-03-24','Arbra',0,0,'0000-00-00 00:00:00'),(1063,2,20,'12_30','2017-03-24','Arbra',0,0,'0000-00-00 00:00:00'),(1064,2,20,'13_00','2017-03-24','Arbra',0,0,'0000-00-00 00:00:00'),(1065,2,20,'13_30','2017-03-24','Arbra',0,0,'0000-00-00 00:00:00'),(1066,2,20,'14_00','2017-03-24','Arbra',0,0,'0000-00-00 00:00:00'),(1070,6,22,'11_00','2017-03-28','Mconf Tecnologia',0,0,'0000-00-00 00:00:00'),(1071,6,22,'11_30','2017-03-28','Mconf Tecnologia',0,0,'0000-00-00 00:00:00'),(1072,6,20,'14_30','2017-03-24','ARBRA',0,0,'0000-00-00 00:00:00'),(1073,6,20,'15_00','2017-03-24','ARBRA',0,0,'0000-00-00 00:00:00'),(1074,6,20,'15_30','2017-03-24','ARBRA',0,0,'0000-00-00 00:00:00'),(1075,6,20,'16_00','2017-03-24','ARBRA',0,0,'0000-00-00 00:00:00'),(1076,6,20,'16_30','2017-03-24','ARBRA',0,0,'0000-00-00 00:00:00'),(1077,2,16,'14_30','2017-03-24','Clic Corretores',0,0,'0000-00-00 00:00:00'),(1078,2,16,'15_00','2017-03-24','Clic Corretores',0,0,'0000-00-00 00:00:00'),(1079,2,16,'15_30','2017-03-24','Clic Corretores',0,0,'0000-00-00 00:00:00'),(1080,2,16,'16_00','2017-03-24','Clic Corretores',0,0,'0000-00-00 00:00:00'),(1081,2,16,'16_30','2017-03-24','Clic Corretores',0,0,'0000-00-00 00:00:00'),(1082,2,16,'17_00','2017-03-24','Clic Corretores',0,0,'0000-00-00 00:00:00'),(1086,6,13,'8_30','2017-03-31','reuniao beeit',0,0,'0000-00-00 00:00:00'),(1087,6,13,'9_00','2017-03-31','reuniao beeit',0,0,'0000-00-00 00:00:00'),(1088,6,13,'9_30','2017-03-31','reuniao beeit',0,0,'0000-00-00 00:00:00'),(1089,6,13,'10_00','2017-03-31','reuniao beeit',0,0,'0000-00-00 00:00:00'),(1090,6,13,'10_30','2017-03-31','reuniao beeit',0,0,'0000-00-00 00:00:00'),(1091,6,13,'11_00','2017-03-31','reuniao beeit',0,0,'0000-00-00 00:00:00'),(1092,6,13,'11_30','2017-03-31','reuniao beeit',0,0,'0000-00-00 00:00:00'),(1093,6,13,'12_00','2017-03-31','reuniao beeit',0,0,'0000-00-00 00:00:00'),(1094,6,13,'12_30','2017-03-31','reuniao beeit',0,0,'0000-00-00 00:00:00'),(1095,6,13,'13_00','2017-03-31','reuniao beeit',0,0,'0000-00-00 00:00:00'),(1096,6,13,'13_30','2017-03-31','reuniao beeit',0,0,'0000-00-00 00:00:00'),(1097,6,13,'9_00','2017-03-27','reuniao beeit',0,0,'0000-00-00 00:00:00'),(1098,6,24,'16_30','2017-03-27','AlphaVikings',0,0,'0000-00-00 00:00:00'),(1099,6,24,'17_00','2017-03-27','AlphaVikings',0,0,'0000-00-00 00:00:00'),(1100,6,10,'10_00','2017-03-27','AEGRO',0,0,'0000-00-00 00:00:00'),(1101,6,10,'10_30','2017-03-27','AEGRO',0,0,'0000-00-00 00:00:00'),(1102,6,10,'11_00','2017-03-27','AEGRO',0,0,'0000-00-00 00:00:00'),(1103,2,27,'13_00','2017-03-27','NSCAD',0,0,'0000-00-00 00:00:00'),(1104,2,27,'13_30','2017-03-27','NSCAD',0,0,'0000-00-00 00:00:00'),(1106,6,22,'14_00','2017-03-28','Mconf Tecnologia',0,0,'0000-00-00 00:00:00'),(1107,6,22,'14_30','2017-03-28','Mconf Tecnologia',0,0,'0000-00-00 00:00:00'),(1108,6,22,'16_30','2017-03-28','Mconf Tecnologia',0,0,'0000-00-00 00:00:00'),(1109,6,24,'14_00','2017-03-31','AlphaVikings',0,0,'0000-00-00 00:00:00'),(1110,6,24,'14_30','2017-03-31','AlphaVikings',0,0,'0000-00-00 00:00:00'),(1111,6,24,'15_00','2017-03-31','AlphaVikings',0,0,'0000-00-00 00:00:00'),(1112,6,24,'15_30','2017-03-31','AlphaVikings',0,0,'0000-00-00 00:00:00'),(1115,2,7,'9_00','2017-03-29','NSCAD',0,0,'0000-00-00 00:00:00'),(1116,2,11,'11_00','2017-03-31','E-AWARE',0,0,'0000-00-00 00:00:00'),(1117,2,11,'11_30','2017-03-31','E-AWARE',0,0,'0000-00-00 00:00:00'),(1118,2,11,'12_00','2017-03-31','E-AWARE',0,0,'0000-00-00 00:00:00'),(1119,6,20,'10_30','2017-04-03','ARBRA',0,0,'0000-00-00 00:00:00'),(1120,6,20,'11_00','2017-04-03','ARBRA',0,0,'0000-00-00 00:00:00'),(1121,6,20,'11_30','2017-04-03','ARBRA',0,0,'0000-00-00 00:00:00'),(1122,6,13,'10_00','0000-00-00','reuniao beeit',0,0,'0000-00-00 00:00:00'),(1123,6,13,'10_30','0000-00-00','reuniao beeit',0,0,'0000-00-00 00:00:00'),(1124,6,16,'14_00','0000-00-00','',0,0,'0000-00-00 00:00:00'),(1125,6,16,'14_30','0000-00-00','',0,0,'0000-00-00 00:00:00'),(1126,6,16,'15_00','0000-00-00','',0,0,'0000-00-00 00:00:00'),(1127,6,16,'15_30','0000-00-00','',0,0,'0000-00-00 00:00:00'),(1128,6,16,'16_00','0000-00-00','',0,0,'0000-00-00 00:00:00'),(1129,6,16,'16_30','0000-00-00','',0,0,'0000-00-00 00:00:00'),(1130,6,16,'17_00','0000-00-00','',0,0,'0000-00-00 00:00:00'),(1131,6,16,'14_00','2017-04-03','Clic Corretores',0,0,'0000-00-00 00:00:00'),(1132,6,16,'14_30','2017-04-03','Clic Corretores',0,0,'0000-00-00 00:00:00'),(1133,6,16,'15_00','2017-04-03','Clic Corretores',0,0,'0000-00-00 00:00:00'),(1134,6,16,'15_30','2017-04-03','Clic Corretores',0,0,'0000-00-00 00:00:00'),(1135,6,16,'16_00','2017-04-03','Clic Corretores',0,0,'0000-00-00 00:00:00'),(1136,6,16,'16_30','2017-04-03','Clic Corretores',0,0,'0000-00-00 00:00:00'),(1137,6,16,'17_00','2017-04-03','Clic Corretores',0,0,'0000-00-00 00:00:00'),(1140,2,7,'10_30','2017-04-03','Bee IT',0,0,'0000-00-00 00:00:00'),(1141,2,7,'11_00','2017-04-03','Bee IT',0,0,'0000-00-00 00:00:00'),(1142,23,6,'14_00','2017-04-12','CEI - Parque',0,0,'0000-00-00 00:00:00'),(1143,23,6,'14_30','2017-04-12','CEI - Parque',0,0,'0000-00-00 00:00:00'),(1144,23,6,'15_00','2017-04-12','CEI - Parque',0,0,'0000-00-00 00:00:00'),(1145,23,6,'15_30','2017-04-12','CEI - Parque',0,0,'0000-00-00 00:00:00'),(1146,23,6,'16_00','2017-04-12','CEI - Parque',0,0,'0000-00-00 00:00:00'),(1147,23,6,'16_30','2017-04-12','CEI - Parque',0,0,'0000-00-00 00:00:00'),(1148,23,6,'17_00','2017-04-12','CEI - Parque',0,0,'0000-00-00 00:00:00'),(1149,2,6,'13_30','2017-04-03','CEI',0,0,'0000-00-00 00:00:00'),(1150,2,6,'14_00','2017-04-03','CEI',0,0,'0000-00-00 00:00:00'),(1151,6,27,'11_30','2017-04-05','NSCAD',0,0,'0000-00-00 00:00:00'),(1152,6,27,'12_00','2017-04-05','NSCAD',0,0,'0000-00-00 00:00:00'),(1153,6,27,'12_30','2017-04-05','NSCAD',0,0,'0000-00-00 00:00:00'),(1154,6,27,'13_00','2017-04-05','NSCAD',0,0,'0000-00-00 00:00:00'),(1155,2,27,'9_30','2017-04-12','NSCAD',0,0,'0000-00-00 00:00:00'),(1156,2,27,'10_00','2017-04-12','NSCAD',0,0,'0000-00-00 00:00:00'),(1157,6,27,'11_30','2017-04-12','NSCAD',0,0,'0000-00-00 00:00:00'),(1158,6,27,'12_00','2017-04-12','NSCAD',0,0,'0000-00-00 00:00:00'),(1159,6,27,'12_30','2017-04-12','NSCAD',0,0,'0000-00-00 00:00:00'),(1160,6,27,'13_00','2017-04-12','NSCAD',0,0,'0000-00-00 00:00:00'),(1163,6,27,'11_30','2017-04-19','NSCAD',0,0,'0000-00-00 00:00:00'),(1164,6,27,'12_00','2017-04-19','NSCAD',0,0,'0000-00-00 00:00:00'),(1165,6,27,'12_30','2017-04-19','NSCAD',0,0,'0000-00-00 00:00:00'),(1166,6,27,'13_00','2017-04-19','NSCAD',0,0,'0000-00-00 00:00:00'),(1173,6,16,'13_00','2017-04-04','Clic Corretores',0,0,'0000-00-00 00:00:00'),(1174,6,16,'13_30','2017-04-04','Clic Corretores',0,0,'0000-00-00 00:00:00'),(1175,6,16,'14_00','2017-04-04','Clic Corretores',0,0,'0000-00-00 00:00:00'),(1176,6,16,'14_30','2017-04-04','Clic Corretores',0,0,'0000-00-00 00:00:00'),(1177,6,16,'15_00','2017-04-04','Clic Corretores',0,0,'0000-00-00 00:00:00'),(1178,6,16,'15_30','2017-04-04','Clic Corretores',0,0,'0000-00-00 00:00:00'),(1179,6,16,'16_00','2017-04-04','Clic Corretores',0,0,'0000-00-00 00:00:00'),(1180,6,16,'16_30','2017-04-04','Clic Corretores',0,0,'0000-00-00 00:00:00'),(1185,6,10,'10_00','2017-04-05','AEGRO',0,0,'0000-00-00 00:00:00'),(1186,6,10,'10_30','2017-04-05','AEGRO',0,0,'0000-00-00 00:00:00'),(1187,6,7,'8_30','2017-04-04','NAPI',0,0,'0000-00-00 00:00:00'),(1188,6,7,'9_00','2017-04-04','NAPI',0,0,'0000-00-00 00:00:00'),(1189,6,7,'9_30','2017-04-04','NAPI',0,0,'0000-00-00 00:00:00'),(1193,6,7,'8_30','2017-04-20','NAPI',0,0,'0000-00-00 00:00:00'),(1194,6,7,'9_00','2017-04-20','NAPI',0,0,'0000-00-00 00:00:00'),(1195,6,7,'9_30','2017-04-20','NAPI',0,0,'0000-00-00 00:00:00'),(1196,6,7,'10_00','2017-04-20','NAPI',0,0,'0000-00-00 00:00:00'),(1197,6,7,'10_30','2017-04-20','NAPI',0,0,'0000-00-00 00:00:00'),(1198,6,7,'11_00','2017-04-20','NAPI',0,0,'0000-00-00 00:00:00'),(1199,6,7,'11_30','2017-04-20','NAPI',0,0,'0000-00-00 00:00:00'),(1200,2,7,'12_30','2017-04-04','I9',0,0,'0000-00-00 00:00:00'),(1201,2,7,'13_00','2017-04-04','I9',0,0,'0000-00-00 00:00:00'),(1206,2,7,'12_00','2017-04-04','I9',0,0,'0000-00-00 00:00:00'),(1207,2,8,'15_00','2017-04-04','i9access',0,0,'0000-00-00 00:00:00'),(1208,2,8,'15_30','2017-04-04','i9access',0,0,'0000-00-00 00:00:00'),(1209,2,8,'16_00','2017-04-04','i9access',0,0,'0000-00-00 00:00:00'),(1210,2,8,'16_30','2017-04-04','i9access',0,0,'0000-00-00 00:00:00'),(1211,2,8,'17_00','2017-04-04','i9access',0,0,'0000-00-00 00:00:00'),(1212,2,24,'14_30','2017-04-04','AlphaVikings',0,0,'0000-00-00 00:00:00'),(1213,6,7,'17_00','2017-04-04','I9',0,0,'0000-00-00 00:00:00'),(1214,6,24,'9_00','2017-04-10','AlphaVikings',0,0,'0000-00-00 00:00:00'),(1215,6,24,'9_30','2017-04-10','AlphaVikings',0,0,'0000-00-00 00:00:00'),(1216,6,24,'10_00','2017-04-10','AlphaVikings',0,0,'0000-00-00 00:00:00'),(1217,6,13,'12_30','2017-04-06','reuniao beeit',0,0,'0000-00-00 00:00:00'),(1218,6,13,'13_00','2017-04-06','reuniao beeit',0,0,'0000-00-00 00:00:00'),(1219,6,13,'13_30','2017-04-06','reuniao beeit',0,0,'0000-00-00 00:00:00'),(1220,6,13,'14_00','2017-04-06','reuniao beeit',0,0,'0000-00-00 00:00:00'),(1221,6,13,'14_30','2017-04-06','reuniao beeit',0,0,'0000-00-00 00:00:00'),(1222,6,13,'15_00','2017-04-06','reuniao beeit',0,0,'0000-00-00 00:00:00'),(1223,6,13,'15_30','2017-04-06','reuniao beeit',0,0,'0000-00-00 00:00:00'),(1224,6,13,'16_00','2017-04-06','reuniao beeit',0,0,'0000-00-00 00:00:00'),(1225,2,7,'15_00','2017-04-06','CEI',0,0,'0000-00-00 00:00:00'),(1226,2,10,'16_00','2017-04-06','AEGRO',0,0,'0000-00-00 00:00:00'),(1227,2,10,'16_30','2017-04-06','AEGRO',0,0,'0000-00-00 00:00:00'),(1228,6,7,'13_30','2017-04-07','CEI',0,0,'0000-00-00 00:00:00'),(1229,6,7,'14_00','2017-04-07','CEI',0,0,'0000-00-00 00:00:00'),(1230,6,7,'14_30','2017-04-07','CEI',0,0,'0000-00-00 00:00:00'),(1233,6,21,'9_00','2017-04-11','Endeeper',0,0,'0000-00-00 00:00:00'),(1234,6,21,'9_30','2017-04-11','Endeeper',0,0,'0000-00-00 00:00:00'),(1235,6,21,'11_00','2017-04-13','Endeeper',0,0,'0000-00-00 00:00:00'),(1236,6,21,'11_30','2017-04-13','Endeeper',0,0,'0000-00-00 00:00:00'),(1239,6,21,'9_00','2017-04-12','Endeeper',0,0,'0000-00-00 00:00:00'),(1240,6,21,'9_30','2017-04-12','Endeeper',0,0,'0000-00-00 00:00:00'),(1241,6,21,'15_00','2017-04-10','Endeeper',0,0,'0000-00-00 00:00:00'),(1242,6,21,'15_30','2017-04-10','Endeeper',0,0,'0000-00-00 00:00:00'),(1247,6,7,'10_30','2017-04-10','CEI',0,0,'0000-00-00 00:00:00'),(1248,6,7,'11_00','2017-04-10','CEI',0,0,'0000-00-00 00:00:00'),(1249,6,8,'12_00','2017-04-10','i9access - Alexandro',0,0,'0000-00-00 00:00:00'),(1250,6,8,'12_30','2017-04-10','i9access - Alexandro',0,0,'0000-00-00 00:00:00'),(1251,6,8,'13_00','2017-04-10','i9access - Alexandro',0,0,'0000-00-00 00:00:00'),(1252,6,24,'15_00','2017-04-12','AlphaVikings',0,0,'0000-00-00 00:00:00'),(1253,6,24,'15_30','2017-04-12','AlphaVikings',0,0,'0000-00-00 00:00:00'),(1254,23,6,'8_30','2017-05-08','Reserva INF',0,0,'0000-00-00 00:00:00'),(1255,23,6,'9_00','2017-05-08','Reserva INF',0,0,'0000-00-00 00:00:00'),(1256,23,6,'9_30','2017-05-08','Reserva INF',0,0,'0000-00-00 00:00:00'),(1257,23,6,'10_00','2017-05-08','Reserva INF',0,0,'0000-00-00 00:00:00'),(1258,23,6,'10_30','2017-05-08','Reserva INF',0,0,'0000-00-00 00:00:00'),(1259,23,6,'11_00','2017-05-08','Reserva INF',0,0,'0000-00-00 00:00:00'),(1260,23,6,'11_30','2017-05-08','Reserva INF',0,0,'0000-00-00 00:00:00'),(1261,23,6,'12_00','2017-05-08','Reserva INF',0,0,'0000-00-00 00:00:00'),(1262,23,6,'12_30','2017-05-08','Reserva INF',0,0,'0000-00-00 00:00:00'),(1263,23,6,'13_00','2017-05-08','Reserva INF',0,0,'0000-00-00 00:00:00'),(1264,23,6,'13_30','2017-05-08','Reserva INF',0,0,'0000-00-00 00:00:00'),(1265,23,6,'14_00','2017-05-08','Reserva INF',0,0,'0000-00-00 00:00:00'),(1266,23,6,'14_30','2017-05-08','Reserva INF',0,0,'0000-00-00 00:00:00'),(1267,23,6,'15_00','2017-05-08','Reserva INF',0,0,'0000-00-00 00:00:00'),(1268,23,6,'15_30','2017-05-08','Reserva INF',0,0,'0000-00-00 00:00:00'),(1269,23,6,'16_00','2017-05-08','Reserva INF',0,0,'0000-00-00 00:00:00'),(1270,23,6,'16_30','2017-05-08','Reserva INF',0,0,'0000-00-00 00:00:00'),(1271,23,6,'17_00','2017-05-08','Reserva INF',0,0,'0000-00-00 00:00:00'),(1272,23,6,'8_30','2017-05-09','Reserva INF',0,0,'0000-00-00 00:00:00'),(1273,23,6,'9_00','2017-05-09','Reserva INF',0,0,'0000-00-00 00:00:00'),(1274,23,6,'9_30','2017-05-09','Reserva INF',0,0,'0000-00-00 00:00:00'),(1275,23,6,'10_00','2017-05-09','Reserva INF',0,0,'0000-00-00 00:00:00'),(1276,23,6,'10_30','2017-05-09','Reserva INF',0,0,'0000-00-00 00:00:00'),(1277,23,6,'11_00','2017-05-09','Reserva INF',0,0,'0000-00-00 00:00:00'),(1278,23,6,'11_30','2017-05-09','Reserva INF',0,0,'0000-00-00 00:00:00'),(1279,23,6,'12_00','2017-05-09','Reserva INF',0,0,'0000-00-00 00:00:00'),(1280,23,6,'12_30','2017-05-09','Reserva INF',0,0,'0000-00-00 00:00:00'),(1281,23,6,'13_00','2017-05-09','Reserva INF',0,0,'0000-00-00 00:00:00'),(1282,23,6,'13_30','2017-05-09','Reserva INF',0,0,'0000-00-00 00:00:00'),(1283,23,6,'14_00','2017-05-09','Reserva INF',0,0,'0000-00-00 00:00:00'),(1284,23,6,'14_30','2017-05-09','Reserva INF',0,0,'0000-00-00 00:00:00'),(1285,23,6,'15_00','2017-05-09','Reserva INF',0,0,'0000-00-00 00:00:00'),(1286,23,6,'15_30','2017-05-09','Reserva INF',0,0,'0000-00-00 00:00:00'),(1287,23,6,'16_00','2017-05-09','Reserva INF',0,0,'0000-00-00 00:00:00'),(1288,23,6,'16_30','2017-05-09','Reserva INF',0,0,'0000-00-00 00:00:00'),(1289,23,6,'17_00','2017-05-09','Reserva INF',0,0,'0000-00-00 00:00:00'),(1290,23,6,'8_30','2017-05-10','Reserva INF',0,0,'0000-00-00 00:00:00'),(1291,23,6,'9_00','2017-05-10','Reserva INF',0,0,'0000-00-00 00:00:00'),(1292,23,6,'9_30','2017-05-10','Reserva INF',0,0,'0000-00-00 00:00:00'),(1293,23,6,'10_00','2017-05-10','Reserva INF',0,0,'0000-00-00 00:00:00'),(1294,23,6,'10_30','2017-05-10','Reserva INF',0,0,'0000-00-00 00:00:00'),(1295,23,6,'11_00','2017-05-10','Reserva INF',0,0,'0000-00-00 00:00:00'),(1296,23,6,'11_30','2017-05-10','Reserva INF',0,0,'0000-00-00 00:00:00'),(1297,23,6,'12_00','2017-05-10','Reserva INF',0,0,'0000-00-00 00:00:00'),(1298,23,6,'12_30','2017-05-10','Reserva INF',0,0,'0000-00-00 00:00:00'),(1299,23,6,'13_00','2017-05-10','Reserva INF',0,0,'0000-00-00 00:00:00'),(1300,23,6,'13_30','2017-05-10','Reserva INF',0,0,'0000-00-00 00:00:00'),(1301,23,6,'14_00','2017-05-10','Reserva INF',0,0,'0000-00-00 00:00:00'),(1302,23,6,'14_30','2017-05-10','Reserva INF',0,0,'0000-00-00 00:00:00'),(1303,23,6,'15_00','2017-05-10','Reserva INF',0,0,'0000-00-00 00:00:00'),(1304,23,6,'15_30','2017-05-10','Reserva INF',0,0,'0000-00-00 00:00:00'),(1305,23,6,'16_00','2017-05-10','Reserva INF',0,0,'0000-00-00 00:00:00'),(1306,23,6,'16_30','2017-05-10','Reserva INF',0,0,'0000-00-00 00:00:00'),(1307,23,6,'17_00','2017-05-10','Reserva INF',0,0,'0000-00-00 00:00:00'),(1308,23,6,'8_30','2017-05-11','Reserva INF',0,0,'0000-00-00 00:00:00'),(1309,23,6,'9_00','2017-05-11','Reserva INF',0,0,'0000-00-00 00:00:00'),(1310,23,6,'9_30','2017-05-11','Reserva INF',0,0,'0000-00-00 00:00:00'),(1311,23,6,'10_00','2017-05-11','Reserva INF',0,0,'0000-00-00 00:00:00'),(1312,23,6,'10_30','2017-05-11','Reserva INF',0,0,'0000-00-00 00:00:00'),(1313,23,6,'11_00','2017-05-11','Reserva INF',0,0,'0000-00-00 00:00:00'),(1314,23,6,'11_30','2017-05-11','Reserva INF',0,0,'0000-00-00 00:00:00'),(1315,23,6,'12_00','2017-05-11','Reserva INF',0,0,'0000-00-00 00:00:00'),(1316,23,6,'12_30','2017-05-11','Reserva INF',0,0,'0000-00-00 00:00:00'),(1317,23,6,'13_00','2017-05-11','Reserva INF',0,0,'0000-00-00 00:00:00'),(1318,23,6,'13_30','2017-05-11','Reserva INF',0,0,'0000-00-00 00:00:00'),(1319,23,6,'14_00','2017-05-11','Reserva INF',0,0,'0000-00-00 00:00:00'),(1320,23,6,'14_30','2017-05-11','Reserva INF',0,0,'0000-00-00 00:00:00'),(1321,23,6,'15_00','2017-05-11','Reserva INF',0,0,'0000-00-00 00:00:00'),(1322,23,6,'15_30','2017-05-11','Reserva INF',0,0,'0000-00-00 00:00:00'),(1323,23,6,'16_00','2017-05-11','Reserva INF',0,0,'0000-00-00 00:00:00'),(1324,23,6,'16_30','2017-05-11','Reserva INF',0,0,'0000-00-00 00:00:00'),(1325,23,6,'17_00','2017-05-11','Reserva INF',0,0,'0000-00-00 00:00:00'),(1326,23,6,'8_30','2017-05-12','cei',1,6,'2017-05-09 18:09:26'),(1327,23,6,'9_00','2017-05-12','cei',1,6,'2017-05-09 18:09:27'),(1328,23,6,'9_30','2017-05-12','cei',1,6,'2017-05-09 18:09:28'),(1329,23,6,'10_00','2017-05-12','cei',1,6,'2017-05-09 18:09:29'),(1330,23,6,'10_30','2017-05-12','cei',1,6,'2017-05-09 18:09:30'),(1331,23,6,'11_00','2017-05-12','cei',1,6,'2017-05-09 18:09:31'),(1332,23,6,'11_30','2017-05-12','cei',1,6,'2017-05-09 18:09:32'),(1333,23,6,'12_00','2017-05-12','cei',1,6,'2017-05-09 18:09:40'),(1334,23,6,'12_30','2017-05-12','cei',1,6,'2017-05-09 18:09:48'),(1335,23,6,'13_00','2017-05-12','cei',1,6,'2017-05-09 18:09:52'),(1336,23,6,'13_30','2017-05-12','cei',1,6,'2017-05-09 18:09:53'),(1337,23,6,'14_00','2017-05-12','cei',1,6,'2017-05-09 18:09:56'),(1338,23,6,'14_30','2017-05-12','cei',1,6,'2017-05-09 18:10:00'),(1339,23,6,'15_00','2017-05-12','cei',1,6,'2017-05-09 18:10:02'),(1340,23,6,'15_30','2017-05-12','cei',1,6,'2017-05-09 18:10:05'),(1341,23,6,'16_00','2017-05-12','cei',1,6,'2017-05-09 18:10:07'),(1342,23,6,'16_30','2017-05-12','cei',1,6,'2017-05-09 18:10:10'),(1343,23,6,'17_00','2017-05-12','cei',1,6,'2017-05-09 18:09:51'),(1344,6,20,'10_00','2017-04-11','ARBRA',0,0,'0000-00-00 00:00:00'),(1345,6,20,'10_30','2017-04-11','ARBRA',0,0,'0000-00-00 00:00:00'),(1346,6,20,'11_00','2017-04-11','ARBRA',0,0,'0000-00-00 00:00:00'),(1347,2,7,'10_00','2017-04-11','ARBRA',0,0,'0000-00-00 00:00:00'),(1348,2,7,'10_30','2017-04-11','ARBRA',0,0,'0000-00-00 00:00:00'),(1349,2,27,'15_30','2017-04-12','NSCAD',0,0,'0000-00-00 00:00:00'),(1350,2,27,'16_00','2017-04-12','NSCAD',0,0,'0000-00-00 00:00:00'),(1351,6,20,'10_00','2017-04-12','Arbra',0,0,'0000-00-00 00:00:00'),(1352,6,20,'10_30','2017-04-12','Arbra',0,0,'0000-00-00 00:00:00'),(1353,6,20,'11_00','2017-04-12','Arbra',0,0,'0000-00-00 00:00:00'),(1354,2,6,'11_00','2017-04-12','Endeeper',0,0,'0000-00-00 00:00:00'),(1355,2,6,'14_30','2017-04-12','CEI',0,0,'0000-00-00 00:00:00'),(1356,2,6,'15_00','2017-04-12','CEI',0,0,'0000-00-00 00:00:00'),(1366,2,8,'8_30','2017-04-13','i9access - Alexandro',0,0,'0000-00-00 00:00:00'),(1367,2,8,'9_00','2017-04-13','i9access - Alexandro',0,0,'0000-00-00 00:00:00'),(1368,2,8,'9_30','2017-04-13','i9access - Alexandro',0,0,'0000-00-00 00:00:00'),(1369,2,8,'10_00','2017-04-13','i9access - Alexandro',0,0,'0000-00-00 00:00:00'),(1370,2,8,'10_30','2017-04-13','i9access - Alexandro',0,0,'0000-00-00 00:00:00'),(1371,2,8,'11_00','2017-04-13','i9access - Alexandro',0,0,'0000-00-00 00:00:00'),(1372,2,8,'11_30','2017-04-13','i9access - Alexandro',0,0,'0000-00-00 00:00:00'),(1373,2,8,'12_00','2017-04-13','i9access - Alexandro',0,0,'0000-00-00 00:00:00'),(1374,2,8,'12_30','2017-04-13','i9access - Alexandro',0,0,'0000-00-00 00:00:00'),(1375,2,8,'13_00','2017-04-13','i9access - Alexandro',0,0,'0000-00-00 00:00:00'),(1376,2,8,'13_30','2017-04-13','i9access - Alexandro',0,0,'0000-00-00 00:00:00'),(1379,2,8,'15_00','2017-04-13','i9access - Alexandro',0,0,'0000-00-00 00:00:00'),(1380,2,8,'15_30','2017-04-13','i9access - Alexandro',0,0,'0000-00-00 00:00:00'),(1381,2,8,'16_00','2017-04-13','i9access - Alexandro',0,0,'0000-00-00 00:00:00'),(1382,2,8,'16_30','2017-04-13','i9access - Alexandro',0,0,'0000-00-00 00:00:00'),(1383,2,8,'17_00','2017-04-13','i9access - Alexandro',0,0,'0000-00-00 00:00:00'),(1384,2,8,'9_30','2017-04-17','i9access - Alexandro',0,0,'0000-00-00 00:00:00'),(1385,2,8,'10_00','2017-04-17','i9access - Alexandro',0,0,'0000-00-00 00:00:00'),(1386,2,8,'10_30','2017-04-17','i9access - Alexandro',0,0,'0000-00-00 00:00:00'),(1387,2,8,'11_00','2017-04-17','i9access - Alexandro',0,0,'0000-00-00 00:00:00'),(1388,2,8,'11_30','2017-04-17','i9access - Alexandro',0,0,'0000-00-00 00:00:00'),(1389,2,8,'12_00','2017-04-17','i9access - Alexandro',0,0,'0000-00-00 00:00:00'),(1390,6,7,'9_30','2017-04-17','I9',0,0,'0000-00-00 00:00:00'),(1391,6,7,'10_00','2017-04-17','I9',0,0,'0000-00-00 00:00:00'),(1392,6,7,'10_30','2017-04-17','I9',0,0,'0000-00-00 00:00:00'),(1393,6,7,'11_00','2017-04-17','I9',0,0,'0000-00-00 00:00:00'),(1394,6,7,'11_30','2017-04-17','I9',0,0,'0000-00-00 00:00:00'),(1395,6,7,'12_00','2017-04-17','I9',0,0,'0000-00-00 00:00:00'),(1396,2,7,'13_30','2017-04-17','CEI',0,0,'0000-00-00 00:00:00'),(1397,2,7,'14_00','2017-04-17','CEI',0,0,'0000-00-00 00:00:00'),(1398,2,7,'14_30','2017-04-17','CEI',0,0,'0000-00-00 00:00:00'),(1399,2,10,'15_00','2017-04-17','AEGRO',0,0,'0000-00-00 00:00:00'),(1400,2,29,'9_30','2017-04-20','System Advisor',0,0,'0000-00-00 00:00:00'),(1401,2,29,'10_00','2017-04-20','System Advisor',0,0,'0000-00-00 00:00:00'),(1402,2,29,'10_30','2017-04-20','System Advisor',0,0,'0000-00-00 00:00:00'),(1403,2,29,'11_00','2017-04-20','System Advisor',0,0,'0000-00-00 00:00:00'),(1404,2,29,'11_30','2017-04-20','System Advisor',0,0,'0000-00-00 00:00:00'),(1405,2,27,'14_30','2017-04-20','NSCAD',0,0,'0000-00-00 00:00:00'),(1406,2,27,'15_00','2017-04-20','NSCAD',0,0,'0000-00-00 00:00:00'),(1407,2,7,'9_30','2017-04-19','Aegro',0,0,'0000-00-00 00:00:00'),(1408,2,7,'10_00','2017-04-19','Aegro',0,0,'0000-00-00 00:00:00'),(1409,2,7,'9_00','2017-04-19','Aegro',0,0,'0000-00-00 00:00:00'),(1410,6,13,'9_00','2017-04-19','reuniao beeit',0,0,'0000-00-00 00:00:00'),(1411,6,13,'9_30','2017-04-19','reuniao beeit',0,0,'0000-00-00 00:00:00'),(1412,6,13,'10_00','2017-04-19','reuniao beeit',0,0,'0000-00-00 00:00:00'),(1413,6,6,'9_00','2017-05-03','CEI',0,0,'0000-00-00 00:00:00'),(1414,6,6,'9_30','2017-05-03','CEI',0,0,'0000-00-00 00:00:00'),(1415,6,6,'10_00','2017-05-03','CEI',0,0,'0000-00-00 00:00:00'),(1416,6,24,'13_30','2017-04-24','AlphaVikings',0,0,'0000-00-00 00:00:00'),(1417,6,24,'14_00','2017-04-24','AlphaVikings',0,0,'0000-00-00 00:00:00'),(1418,6,24,'14_30','2017-04-24','AlphaVikings',0,0,'0000-00-00 00:00:00'),(1419,6,24,'15_00','2017-04-24','AlphaVikings',0,0,'0000-00-00 00:00:00'),(1420,6,24,'15_30','2017-04-24','AlphaVikings',0,0,'0000-00-00 00:00:00'),(1421,6,24,'16_00','2017-04-24','AlphaVikings',0,0,'0000-00-00 00:00:00'),(1422,6,24,'16_30','2017-04-24','AlphaVikings',0,0,'0000-00-00 00:00:00'),(1423,6,24,'17_00','2017-04-24','AlphaVikings',0,0,'0000-00-00 00:00:00'),(1424,6,16,'12_30','2017-04-20','Clic Corretores',0,0,'0000-00-00 00:00:00'),(1425,6,16,'13_00','2017-04-20','Clic Corretores',0,0,'0000-00-00 00:00:00'),(1426,6,16,'13_30','2017-04-20','Clic Corretores',0,0,'0000-00-00 00:00:00'),(1427,6,16,'14_00','2017-04-20','Clic Corretores',0,0,'0000-00-00 00:00:00'),(1428,6,16,'14_30','2017-04-20','Clic Corretores',0,0,'0000-00-00 00:00:00'),(1429,6,16,'15_00','2017-04-20','Clic Corretores',0,0,'0000-00-00 00:00:00'),(1430,6,16,'15_30','2017-04-20','Clic Corretores',0,0,'0000-00-00 00:00:00'),(1431,6,16,'16_00','2017-04-20','Clic Corretores',0,0,'0000-00-00 00:00:00'),(1432,6,16,'16_30','2017-04-20','Clic Corretores',0,0,'0000-00-00 00:00:00'),(1433,6,16,'17_00','2017-04-20','Clic Corretores',0,0,'0000-00-00 00:00:00'),(1434,6,13,'13_30','0000-00-00','reuniao beeit',0,0,'0000-00-00 00:00:00'),(1435,6,13,'14_00','0000-00-00','reuniao beeit',0,0,'0000-00-00 00:00:00'),(1436,6,13,'14_30','0000-00-00','reuniao beeit',0,0,'0000-00-00 00:00:00'),(1437,2,13,'13_00','2017-04-20','reuniao beeit',0,0,'0000-00-00 00:00:00'),(1438,2,13,'13_30','2017-04-20','reuniao beeit',0,0,'0000-00-00 00:00:00'),(1439,6,6,'13_30','2017-05-04','CEI - Avaliação',0,0,'0000-00-00 00:00:00'),(1440,6,6,'14_00','2017-05-04','CEI - Avaliação',0,0,'0000-00-00 00:00:00'),(1441,6,6,'14_30','2017-05-04','CEI - Avaliação',0,0,'0000-00-00 00:00:00'),(1442,6,6,'15_00','2017-05-04','CEI - Avaliação',0,0,'0000-00-00 00:00:00'),(1443,2,25,'13_30','2017-04-24','CEI - Reunião',0,0,'0000-00-00 00:00:00'),(1444,2,25,'14_00','2017-04-24','CEI - Reunião',0,0,'0000-00-00 00:00:00'),(1449,2,20,'14_30','2017-04-24','Arbra',0,0,'0000-00-00 00:00:00'),(1450,2,20,'15_00','2017-04-24','Arbra',0,0,'0000-00-00 00:00:00'),(1451,2,20,'15_30','2017-04-24','Arbra',0,0,'0000-00-00 00:00:00'),(1452,6,8,'9_00','2017-04-26','i9access - Alexandro',0,0,'0000-00-00 00:00:00'),(1453,6,8,'9_30','2017-04-26','i9access - Alexandro',0,0,'0000-00-00 00:00:00'),(1454,6,8,'10_00','2017-04-26','i9access - Alexandro',0,0,'0000-00-00 00:00:00'),(1455,6,8,'10_30','2017-04-26','i9access - Alexandro',0,0,'0000-00-00 00:00:00'),(1456,6,8,'11_00','2017-04-26','i9access - Alexandro',0,0,'0000-00-00 00:00:00'),(1457,2,20,'16_00','2017-04-24','Arbra',0,0,'0000-00-00 00:00:00'),(1458,2,20,'16_30','2017-04-24','Arbra',0,0,'0000-00-00 00:00:00'),(1459,2,20,'17_00','2017-04-24','Arbra',0,0,'0000-00-00 00:00:00'),(1460,2,27,'10_30','2017-04-26','NSCAD',0,0,'0000-00-00 00:00:00'),(1461,2,27,'11_00','2017-04-26','NSCAD',0,0,'0000-00-00 00:00:00'),(1462,2,27,'11_30','2017-04-26','NSCAD',0,0,'0000-00-00 00:00:00'),(1463,6,25,'15_00','2017-04-27','CEI - Reunião com arquitetos',0,0,'0000-00-00 00:00:00'),(1464,6,25,'15_30','2017-04-27','CEI - Reunião com arquitetos',0,0,'0000-00-00 00:00:00'),(1465,2,27,'15_00','2017-04-26','NSCAD',0,0,'0000-00-00 00:00:00'),(1466,2,27,'15_30','2017-04-26','NSCAD',0,0,'0000-00-00 00:00:00'),(1467,6,20,'16_00','2017-04-26','ARBRA',0,0,'0000-00-00 00:00:00'),(1468,6,20,'16_30','2017-04-26','ARBRA',0,0,'0000-00-00 00:00:00'),(1469,6,20,'17_00','2017-04-26','ARBRA',0,0,'0000-00-00 00:00:00'),(1470,2,13,'16_00','2017-04-26','reuniao beeit',0,0,'0000-00-00 00:00:00'),(1471,2,13,'16_30','2017-04-26','reuniao beeit',0,0,'0000-00-00 00:00:00'),(1472,6,8,'12_30','2017-04-28','i9access - Alexandro',0,0,'0000-00-00 00:00:00'),(1473,6,8,'13_00','2017-04-28','i9access - Alexandro',0,0,'0000-00-00 00:00:00'),(1474,6,8,'13_30','2017-04-28','i9access - Alexandro',0,0,'0000-00-00 00:00:00'),(1475,6,8,'14_00','2017-04-28','i9access - Alexandro',0,0,'0000-00-00 00:00:00'),(1476,6,8,'14_30','2017-04-28','i9access - Alexandro',0,0,'0000-00-00 00:00:00'),(1477,6,8,'15_00','2017-04-28','i9access - Alexandro',0,0,'0000-00-00 00:00:00'),(1478,6,8,'15_30','2017-04-28','i9access - Alexandro',0,0,'0000-00-00 00:00:00'),(1479,6,8,'16_00','2017-04-28','i9access - Alexandro',0,0,'0000-00-00 00:00:00'),(1480,6,8,'16_30','2017-04-28','i9access - Alexandro',0,0,'0000-00-00 00:00:00'),(1481,6,8,'17_00','2017-04-28','i9access - Alexandro',0,0,'0000-00-00 00:00:00'),(1482,6,8,'10_30','2017-04-28','i9access - Alexandro',0,0,'0000-00-00 00:00:00'),(1483,6,8,'11_00','2017-04-28','i9access - Alexandro',0,0,'0000-00-00 00:00:00'),(1484,6,8,'11_30','2017-04-28','i9access - Alexandro',0,0,'0000-00-00 00:00:00'),(1485,6,8,'12_00','2017-04-28','i9access - Alexandro',0,0,'0000-00-00 00:00:00'),(1486,23,1,'15_30','2017-04-28','teste cei',1,1,'2017-04-28 13:22:18'),(1487,23,1,'16_00','2017-04-28','teste cei',1,1,'2017-04-28 13:22:22'),(1488,2,20,'13_30','2017-04-28','ARBRA',0,0,'2017-04-28 16:36:04'),(1489,2,20,'14_00','2017-04-28','ARBRA',0,0,'2017-04-28 16:36:04'),(1490,2,20,'14_30','2017-04-28','ARBRA',0,0,'2017-04-28 16:36:04'),(1491,2,20,'15_00','2017-04-28','ARBRA',0,0,'2017-04-28 16:36:04'),(1492,6,25,'14_00','2017-05-16','CEI - Reunião',0,0,'2017-04-30 15:40:38'),(1493,6,25,'14_30','2017-05-16','CEI - Reunião',0,0,'2017-04-30 15:40:38'),(1494,6,25,'15_00','2017-05-16','CEI - Reunião',0,0,'2017-04-30 15:40:38'),(1495,2,27,'9_30','2017-05-03','NSCAD',1,27,'2017-05-03 11:44:32'),(1496,2,27,'10_00','2017-05-03','NSCAD',1,27,'2017-05-03 11:44:34'),(1497,6,27,'12_00','2017-05-03','NSCAD',0,0,'2017-05-02 12:22:44'),(1498,6,27,'12_30','2017-05-03','NSCAD',0,0,'2017-05-02 12:22:44'),(1499,6,27,'13_00','2017-05-03','NSCAD',0,0,'2017-05-02 12:22:44'),(1500,2,27,'9_30','2017-05-09','NSCAD',1,27,'2017-05-02 12:44:02'),(1501,2,27,'10_00','2017-05-09','NSCAD',1,27,'2017-05-02 12:44:04'),(1502,6,27,'12_00','2017-05-09','NSCAD',1,27,'2017-05-02 12:44:07'),(1503,6,27,'12_30','2017-05-09','NSCAD',1,27,'2017-05-02 12:44:10'),(1504,6,27,'13_00','2017-05-09','NSCAD',1,27,'2017-05-02 12:44:13'),(1505,2,27,'9_30','2017-05-10','NSCAD',0,0,'2017-05-02 12:44:29'),(1506,2,27,'10_00','2017-05-10','NSCAD',0,0,'2017-05-02 12:44:29'),(1507,6,27,'12_00','2017-05-10','NSCAD',0,0,'2017-05-02 12:44:44'),(1508,6,27,'12_30','2017-05-10','NSCAD',0,0,'2017-05-02 12:44:44'),(1509,6,27,'13_00','2017-05-10','NSCAD',0,0,'2017-05-02 12:44:44'),(1510,2,27,'9_30','2017-05-17','NSCAD',0,0,'2017-05-02 12:45:25'),(1511,2,27,'10_00','2017-05-17','NSCAD',0,0,'2017-05-02 12:45:25'),(1512,6,27,'12_00','2017-05-17','NSCAD',1,27,'2017-05-16 16:37:26'),(1513,6,27,'12_30','2017-05-17','NSCAD',1,27,'2017-05-16 16:37:28'),(1514,6,27,'13_00','2017-05-17','NSCAD',1,27,'2017-05-16 16:37:31'),(1515,6,20,'10_00','2017-05-02','Arbra',0,0,'2017-05-02 12:46:57'),(1516,6,20,'10_30','2017-05-02','Arbra',0,0,'2017-05-02 12:46:57'),(1517,6,20,'11_00','2017-05-02','Arbra',0,0,'2017-05-02 12:46:57'),(1518,6,20,'11_30','2017-05-02','Arbra',0,0,'2017-05-02 12:46:57'),(1519,2,27,'9_30','2017-05-24','NSCAD',1,27,'2017-05-24 11:40:27'),(1520,2,27,'10_00','2017-05-24','NSCAD',1,27,'2017-05-24 11:40:30'),(1521,6,27,'12_00','2017-05-24','NSCAD',0,0,'2017-05-02 12:47:25'),(1522,6,27,'12_30','2017-05-24','NSCAD',0,0,'2017-05-02 12:47:25'),(1523,6,27,'13_00','2017-05-24','NSCAD',0,0,'2017-05-02 12:47:25'),(1524,2,27,'9_30','2017-05-31','NSCAD',0,0,'2017-05-02 12:48:05'),(1525,2,27,'10_00','2017-05-31','NSCAD',0,0,'2017-05-02 12:48:05'),(1526,6,27,'12_00','2017-05-31','NSCAD',0,0,'2017-05-02 12:48:19'),(1527,6,27,'12_30','2017-05-31','NSCAD',0,0,'2017-05-02 12:48:19'),(1528,6,27,'13_00','2017-05-31','NSCAD',0,0,'2017-05-02 12:48:19'),(1529,6,11,'13_30','2017-05-03','E-AWARE',0,0,'2017-05-02 17:49:35'),(1530,6,11,'14_00','2017-05-03','E-AWARE',0,0,'2017-05-02 17:49:35'),(1531,6,11,'14_30','2017-05-03','E-AWARE',0,0,'2017-05-02 17:49:35'),(1532,2,13,'15_00','2017-05-02','reuniao beeit',0,0,'2017-05-02 18:29:42'),(1533,2,13,'15_30','2017-05-02','reuniao beeit',0,0,'2017-05-02 18:29:42'),(1534,2,13,'16_00','2017-05-02','reuniao beeit',0,0,'2017-05-02 18:29:42'),(1535,2,13,'16_30','2017-05-02','reuniao beeit',0,0,'2017-05-02 18:29:42'),(1536,2,20,'14_00','2017-05-03','Arbra',0,0,'2017-05-03 11:41:34'),(1537,2,20,'14_30','2017-05-03','Arbra',0,0,'2017-05-03 11:41:34'),(1538,2,20,'15_00','2017-05-03','Arbra',0,0,'2017-05-03 11:41:34'),(1539,2,20,'15_30','2017-05-03','Arbra',0,0,'2017-05-03 11:41:34'),(1540,2,20,'16_00','2017-05-03','Arbra',0,0,'2017-05-03 11:41:34'),(1541,2,27,'13_00','2017-05-05','NSCAD',1,27,'2017-05-05 13:47:04'),(1542,2,27,'13_30','2017-05-05','NSCAD',1,27,'2017-05-05 13:48:11'),(1543,2,27,'14_00','2017-05-05','NSCAD',1,27,'2017-05-05 13:48:15'),(1544,2,13,'16_00','2017-05-05','reuniao beeit',0,0,'2017-05-03 13:59:02'),(1545,2,13,'16_30','2017-05-05','reuniao beeit',0,0,'2017-05-03 13:59:02'),(1546,2,13,'17_00','2017-05-05','reuniao beeit',0,0,'2017-05-03 13:59:02'),(1547,6,25,'15_00','2017-05-03','CEI',1,25,'2017-05-03 17:06:11'),(1548,6,25,'15_30','2017-05-03','CEI',1,25,'2017-05-03 17:06:17'),(1549,2,1,'9_00','2017-05-03','teste',1,1,'2017-05-03 17:15:40'),(1550,2,1,'8_30','2017-05-03','teste',1,1,'2017-05-03 17:20:32'),(1551,2,1,'9_00','2017-05-03','teste',1,1,'2017-05-03 17:20:29'),(1552,6,16,'15_00','2017-05-03','Clic Corretores',0,0,'2017-05-03 17:21:25'),(1553,6,16,'15_30','2017-05-03','Clic Corretores',0,0,'2017-05-03 17:21:33'),(1554,6,16,'16_00','2017-05-03','Clic Corretores',0,0,'2017-05-03 17:21:52'),(1555,23,25,'15_00','2017-05-03','CEI',0,0,'2017-05-03 17:45:46'),(1556,23,25,'15_30','2017-05-03','CEI',0,0,'2017-05-03 17:45:46'),(1557,6,6,'13_00','2017-05-04','CEI - Avaliação',0,0,'2017-05-04 13:09:49'),(1558,6,6,'15_30','2017-05-04','CEI - Avaliação',0,0,'2017-05-04 13:10:40'),(1559,2,27,'11_30','2017-05-05','NSCAD',0,0,'2017-05-05 13:46:43'),(1560,2,27,'12_00','2017-05-05','NSCAD',0,0,'2017-05-05 13:46:43'),(1561,2,27,'12_30','2017-05-05','NSCAD',0,0,'2017-05-05 13:46:43'),(1562,2,13,'15_00','2017-05-05','reuniao beeit',0,0,'2017-05-05 16:38:25'),(1563,2,13,'15_30','2017-05-05','reuniao beeit',0,0,'2017-05-05 16:38:25'),(1564,6,6,'14_30','2017-05-05','Endeeper',0,0,'2017-05-05 17:51:33'),(1565,6,10,'13_00','2017-05-08','AEGRO',0,0,'2017-05-08 16:06:29'),(1566,6,10,'13_30','2017-05-08','AEGRO',0,0,'2017-05-08 16:06:29'),(1567,6,10,'14_00','2017-05-08','AEGRO',0,0,'2017-05-08 16:06:29'),(1568,6,10,'14_30','2017-05-08','AEGRO',0,0,'2017-05-08 16:06:29'),(1569,6,10,'15_00','2017-05-08','AEGRO',0,0,'2017-05-08 16:06:29'),(1570,6,10,'15_30','2017-05-08','AEGRO',0,0,'2017-05-08 16:06:29'),(1571,6,10,'16_00','2017-05-08','AEGRO',0,0,'2017-05-08 16:06:29'),(1572,6,10,'16_30','2017-05-08','AEGRO',0,0,'2017-05-08 16:06:29'),(1573,6,6,'15_30','2017-05-16','CEI - Reunião',0,0,'2017-05-09 18:08:53'),(1574,6,21,'10_00','2017-05-11','',1,21,'2017-05-09 20:34:33'),(1575,6,21,'15_00','2017-05-11','Endeeper',0,0,'2017-05-10 13:45:40'),(1576,6,21,'15_30','2017-05-11','Endeeper',0,0,'2017-05-10 13:46:01'),(1577,6,21,'16_00','2017-05-11','Endeeper',0,0,'2017-05-10 13:46:15'),(1578,6,25,'14_00','0000-00-00','',0,0,'2017-05-10 14:23:39'),(1579,6,25,'14_30','0000-00-00','',0,0,'2017-05-10 14:23:39'),(1580,6,25,'15_00','0000-00-00','',0,0,'2017-05-10 14:23:39'),(1581,6,25,'14_00','2017-05-18','CEI - Cerne',1,25,'2017-05-15 00:58:06'),(1582,6,25,'14_30','2017-05-18','CEI - Cerne',1,25,'2017-05-15 00:58:15'),(1583,6,25,'15_00','2017-05-18','CEI - Cerne',1,25,'2017-05-15 00:58:22'),(1584,6,25,'16_00','2017-05-18','CEIEMP',0,0,'2017-05-10 14:25:07'),(1585,6,25,'16_30','2017-05-18','CEIEMP',0,0,'2017-05-10 14:25:07'),(1586,6,25,'17_00','2017-05-18','CEIEMP',0,0,'2017-05-10 14:25:07'),(1587,6,25,'13_30','2017-05-15','CEI',0,0,'2017-05-10 14:27:50'),(1588,6,25,'14_00','2017-05-15','CEI',0,0,'2017-05-10 14:27:50'),(1589,6,21,'14_00','2017-05-10','Endeeper',0,0,'2017-05-10 17:00:58'),(1590,6,21,'14_30','2017-05-10','Endeeper',0,0,'2017-05-10 17:01:21'),(1591,6,11,'15_00','2017-05-10','E-AWARE',1,11,'2017-05-10 17:48:26'),(1592,6,11,'15_30','2017-05-10','E-AWARE',1,11,'2017-05-10 17:48:29'),(1593,2,11,'15_00','2017-05-10','E-AWARE',0,0,'2017-05-10 17:49:13'),(1594,2,11,'15_30','2017-05-10','E-AWARE',0,0,'2017-05-10 17:49:13'),(1595,6,1,'8_30','2017-05-10','teste',1,1,'2017-05-10 18:27:27'),(1596,2,13,'13_00','2017-05-11','reuniao beeit',0,0,'2017-05-11 15:55:02'),(1597,2,13,'13_30','2017-05-11','reuniao beeit',0,0,'2017-05-11 15:55:02'),(1598,2,13,'14_00','2017-05-11','reuniao beeit',0,0,'2017-05-11 15:55:02'),(1599,6,24,'16_30','2017-05-11','AlphaVikings',1,24,'2017-05-11 20:02:11'),(1600,6,24,'17_00','2017-05-11','AlphaVikings',1,6,'2017-05-11 20:05:46'),(1601,23,6,'17_00','2017-05-12','AlphaVikings',0,0,'2017-05-11 20:05:39'),(1602,6,1,'9_30','2017-05-12','Endeeper',0,0,'2017-05-12 12:28:08'),(1603,6,6,'14_30','2017-05-15','CEI',0,0,'2017-05-12 13:02:15'),(1604,6,6,'15_00','2017-05-15','CEI',1,6,'2017-05-15 13:52:36'),(1605,6,6,'15_30','2017-05-15','CEI',1,6,'2017-05-15 13:52:33'),(1606,2,20,'13_30','2017-05-15','',0,0,'2017-05-12 13:09:01'),(1607,2,20,'14_00','2017-05-15','',0,0,'2017-05-12 13:09:01'),(1608,2,20,'14_30','2017-05-15','',0,0,'2017-05-12 13:09:01'),(1609,2,20,'15_00','2017-05-15','',0,0,'2017-05-12 13:09:01'),(1610,2,20,'15_30','2017-05-15','',0,0,'2017-05-12 13:09:01'),(1611,6,25,'16_00','2017-05-16','CEI - Cerne',0,0,'2017-05-15 00:57:14'),(1612,6,25,'16_30','2017-05-16','CEI - Cerne',0,0,'2017-05-15 00:57:14'),(1613,6,7,'10_30','2017-05-15','CEI',0,0,'2017-05-15 13:51:44'),(1614,6,7,'11_00','2017-05-15','CEI',0,0,'2017-05-15 13:51:44'),(1615,6,7,'11_30','2017-05-15','CEI',0,0,'2017-05-15 14:31:07'),(1616,6,6,'15_30','2017-05-15','Cei',0,0,'2017-05-15 18:23:51'),(1617,2,7,'12_00','2017-05-16','I9',0,0,'2017-05-16 12:44:39'),(1618,2,7,'12_30','2017-05-16','I9',0,0,'2017-05-16 12:44:39'),(1619,2,7,'13_00','2017-05-16','I9',0,0,'2017-05-16 12:44:39'),(1620,6,7,'11_00','2017-05-16','MConf ',0,0,'2017-05-16 14:04:39'),(1621,6,7,'11_30','2017-05-16','MConf ',0,0,'2017-05-16 14:04:39'),(1622,2,24,'14_00','2017-05-16','AlphaVikings',0,0,'2017-05-16 14:15:03'),(1623,2,24,'14_30','2017-05-16','AlphaVikings',0,0,'2017-05-16 14:15:03'),(1624,2,24,'15_00','2017-05-16','AlphaVikings',0,0,'2017-05-16 14:15:03'),(1625,2,24,'15_30','2017-05-16','AlphaVikings',0,0,'2017-05-16 14:15:03'),(1626,2,24,'16_00','2017-05-16','AlphaVikings',0,0,'2017-05-16 14:15:03'),(1627,2,24,'16_30','2017-05-16','AlphaVikings',0,0,'2017-05-16 14:15:03'),(1628,2,24,'17_00','2017-05-16','AlphaVikings',0,0,'2017-05-16 14:16:07'),(1629,6,27,'12_00','2017-05-18','NSCAD',0,0,'2017-05-16 16:37:54'),(1630,6,27,'12_30','2017-05-18','NSCAD',0,0,'2017-05-16 16:37:54'),(1631,6,27,'13_00','2017-05-18','NSCAD',0,0,'2017-05-16 16:37:54'),(1632,6,24,'14_00','2017-05-17','AlphaVikings',0,0,'2017-05-16 19:27:26'),(1633,6,24,'14_30','2017-05-17','AlphaVikings',0,0,'2017-05-16 19:27:26'),(1634,6,24,'15_00','2017-05-17','AlphaVikings',1,24,'2017-05-16 19:52:02'),(1635,6,24,'15_30','2017-05-17','AlphaVikings',1,24,'2017-05-16 19:52:06'),(1636,6,24,'16_00','2017-05-17','AlphaVikings',1,24,'2017-05-16 19:52:10'),(1637,6,24,'16_30','2017-05-17','AlphaVikings',1,24,'2017-05-16 19:52:14'),(1638,6,24,'17_00','2017-05-17','AlphaVikings',1,24,'2017-05-16 19:52:19'),(1639,6,24,'9_30','2017-05-17','AlphaVikings',0,0,'2017-05-16 19:51:27'),(1640,6,24,'10_00','2017-05-17','AlphaVikings',0,0,'2017-05-16 19:51:27'),(1641,6,24,'10_30','2017-05-17','AlphaVikings',0,0,'2017-05-16 19:51:27'),(1642,6,24,'11_00','2017-05-17','AlphaVikings',0,0,'2017-05-16 19:51:27'),(1643,6,24,'11_30','2017-05-17','AlphaVikings',0,0,'2017-05-16 19:51:27'),(1644,6,24,'12_00','2017-05-17','AlphaVikings',0,0,'2017-05-16 19:51:27'),(1645,6,24,'12_30','2017-05-17','AlphaVikings',0,0,'2017-05-16 19:51:27'),(1646,6,24,'15_00','2017-05-17','AlphaVikings',0,0,'2017-05-17 15:40:32'),(1647,6,24,'15_30','2017-05-17','AlphaVikings',0,0,'2017-05-17 15:40:32'),(1648,6,24,'16_00','2017-05-17','AlphaVikings',0,0,'2017-05-17 15:40:32'),(1649,2,31,'13_30','2017-05-17','Clic Corretores',0,0,'2017-05-17 16:36:27'),(1650,2,31,'14_00','2017-05-17','Clic Corretores',0,0,'2017-05-17 16:36:27'),(1651,2,31,'14_30','2017-05-17','Clic Corretores',0,0,'2017-05-17 16:36:27'),(1652,2,31,'15_00','2017-05-17','Clic Corretores',0,0,'2017-05-17 16:36:27'),(1653,2,31,'15_30','2017-05-17','Clic Corretores',0,0,'2017-05-17 16:36:27'),(1654,2,24,'10_00','2017-05-18','AlphaVikings',0,0,'2017-05-17 18:40:23'),(1655,2,24,'10_30','2017-05-18','AlphaVikings',0,0,'2017-05-17 18:40:23'),(1656,2,24,'11_00','2017-05-18','AlphaVikings',0,0,'2017-05-17 18:40:23'),(1657,2,24,'11_30','2017-05-18','AlphaVikings',0,0,'2017-05-17 18:40:23'),(1658,2,24,'12_00','2017-05-18','AlphaVikings',0,0,'2017-05-17 18:40:23'),(1659,2,24,'12_30','2017-05-18','AlphaVikings',0,0,'2017-05-17 18:40:23'),(1660,2,25,'13_00','2017-05-18','bloqueada',0,0,'2017-05-18 15:28:09'),(1661,6,24,'10_00','2017-05-19','AlphaVikings',0,0,'2017-05-18 20:53:54'),(1662,6,7,'8_30','2017-05-19','CEI',0,0,'2017-05-19 11:36:19'),(1663,6,7,'9_00','2017-05-19','CEI',0,0,'2017-05-19 11:36:19'),(1664,6,7,'9_30','2017-05-19','CEI',0,0,'2017-05-19 11:36:19'),(1665,2,7,'10_00','2017-05-19','CEI',1,25,'2017-05-19 14:03:16'),(1666,2,7,'10_30','2017-05-19','CEI',1,25,'2017-05-19 14:03:19'),(1667,6,24,'10_00','2017-05-22','AlphaVikings',0,0,'2017-05-19 14:13:18'),(1668,6,24,'10_30','2017-05-22','AlphaVikings',0,0,'2017-05-19 14:13:18'),(1669,6,24,'11_00','2017-05-22','AlphaVikings',0,0,'2017-05-19 14:13:18'),(1670,6,24,'11_30','2017-05-22','AlphaVikings',0,0,'2017-05-19 14:13:18'),(1671,6,24,'12_00','2017-05-22','AlphaVikings',0,0,'2017-05-19 14:13:18'),(1672,6,24,'12_30','2017-05-22','AlphaVikings',0,0,'2017-05-19 14:13:18'),(1673,6,6,'13_00','2017-06-01','CEI - Monitoramento',0,0,'2017-05-19 16:44:45'),(1674,6,6,'13_30','2017-06-01','CEI - Monitoramento',0,0,'2017-05-19 16:44:45'),(1675,6,6,'14_00','2017-06-01','CEI - Monitoramento',0,0,'2017-05-19 16:44:45'),(1676,6,6,'14_30','2017-06-01','CEI - Monitoramento',0,0,'2017-05-19 16:44:45'),(1677,6,6,'15_00','2017-06-01','CEI - Monitoramento',0,0,'2017-05-19 16:44:45'),(1678,6,6,'15_30','2017-06-01','CEI - Monitoramento',0,0,'2017-05-19 16:44:45'),(1679,6,6,'16_00','2017-06-01','CEI - Monitoramento',0,0,'2017-05-19 16:44:45'),(1680,6,6,'8_30','2017-06-12','CEI - Monitoramento',1,6,'2017-06-09 17:39:56'),(1681,6,6,'9_00','2017-06-12','CEI - Monitoramento',1,6,'2017-06-09 17:39:57'),(1682,6,6,'9_30','2017-06-12','CEI - Monitoramento',1,6,'2017-06-09 17:39:59'),(1683,6,6,'10_00','2017-06-12','CEI - Monitoramento',1,6,'2017-06-09 17:39:59'),(1684,6,6,'10_30','2017-06-12','CEI - Monitoramento',1,6,'2017-06-09 17:40:00'),(1685,6,6,'11_00','2017-06-12','CEI - Monitoramento',1,6,'2017-06-09 17:40:01'),(1686,6,6,'11_30','2017-06-12','CEI - Monitoramento',1,6,'2017-06-09 17:40:03'),(1687,6,20,'14_30','2017-05-19','Arbra',0,0,'2017-05-19 17:34:24'),(1688,6,20,'15_00','2017-05-19','Arbra',0,0,'2017-05-19 17:34:24'),(1689,6,20,'15_30','2017-05-19','Arbra',0,0,'2017-05-19 17:34:24'),(1690,6,22,'16_00','2017-05-19','Mconf Tecnologia',0,0,'2017-05-19 18:33:49'),(1691,6,22,'16_30','2017-05-19','Mconf Tecnologia',0,0,'2017-05-19 18:33:55'),(1692,6,11,'14_00','2017-05-22','E-AWARE',0,0,'2017-05-22 12:24:31'),(1693,6,11,'14_30','2017-05-22','E-AWARE',0,0,'2017-05-22 12:24:31'),(1694,6,11,'15_00','2017-05-22','E-AWARE',0,0,'2017-05-22 12:24:31'),(1695,6,11,'15_30','2017-05-22','E-AWARE',0,0,'2017-05-22 12:24:31'),(1696,6,11,'16_00','2017-05-22','E-AWARE',0,0,'2017-05-22 12:24:31'),(1697,6,11,'16_30','2017-05-22','E-AWARE',0,0,'2017-05-22 12:24:31'),(1698,6,11,'17_00','2017-05-22','E-AWARE',0,0,'2017-05-22 12:24:31'),(1699,2,22,'10_00','2017-05-22','Mconf Tecnologia',0,0,'2017-05-22 12:40:50'),(1700,2,22,'10_30','2017-05-22','Mconf Tecnologia',0,0,'2017-05-22 12:40:50'),(1701,2,24,'14_00','2017-05-22','AlphaVikings',0,0,'2017-05-22 14:19:22'),(1702,2,24,'14_30','2017-05-22','AlphaVikings',0,0,'2017-05-22 14:19:22'),(1703,2,24,'15_00','2017-05-22','AlphaVikings',0,0,'2017-05-22 14:19:22'),(1704,2,24,'15_30','2017-05-22','AlphaVikings',0,0,'2017-05-22 14:19:22'),(1705,2,24,'16_00','2017-05-22','AlphaVikings',0,0,'2017-05-22 14:19:22'),(1706,2,24,'16_30','2017-05-22','AlphaVikings',0,0,'2017-05-22 14:19:22'),(1707,2,24,'17_00','2017-05-22','AlphaVikings',0,0,'2017-05-22 14:19:22'),(1708,6,24,'10_00','2017-05-23','AlphaVikings',0,0,'2017-05-22 14:19:41'),(1709,6,24,'10_30','2017-05-23','AlphaVikings',0,0,'2017-05-22 14:19:41'),(1710,6,24,'11_00','2017-05-23','AlphaVikings',0,0,'2017-05-22 14:19:41'),(1711,6,24,'11_30','2017-05-23','AlphaVikings',0,0,'2017-05-22 14:19:41'),(1712,6,24,'12_00','2017-05-23','AlphaVikings',0,0,'2017-05-22 14:19:41'),(1713,6,24,'12_30','2017-05-23','AlphaVikings',1,24,'2017-05-22 14:22:25'),(1714,6,24,'9_30','2017-05-23','AlphaVikings',0,0,'2017-05-22 14:22:33'),(1715,23,7,'16_30','2017-05-22','CEI',0,0,'2017-05-22 14:53:30'),(1716,23,7,'17_00','2017-05-22','CEI',0,0,'2017-05-22 14:53:30'),(1717,2,27,'13_00','2017-06-08','NSCAD',0,0,'2017-05-22 16:03:07'),(1718,2,27,'13_30','2017-06-08','NSCAD',0,0,'2017-05-22 16:03:07'),(1719,2,27,'14_00','2017-06-08','NSCAD',0,0,'2017-05-22 16:03:07'),(1720,2,27,'14_30','2017-06-08','NSCAD',0,0,'2017-05-22 16:03:07'),(1721,2,27,'15_00','2017-06-08','NSCAD',0,0,'2017-05-22 16:03:07'),(1722,2,27,'15_30','2017-06-08','NSCAD',0,0,'2017-05-22 16:03:07'),(1723,2,27,'16_00','2017-06-08','NSCAD',0,0,'2017-05-22 16:03:07'),(1724,2,27,'14_30','2017-06-09','NSCAD',1,7,'2017-06-09 17:30:43'),(1725,2,27,'15_00','2017-06-09','NSCAD',1,7,'2017-06-09 17:30:56'),(1726,2,27,'15_30','2017-06-09','NSCAD',1,7,'2017-06-09 17:30:59'),(1727,2,27,'16_00','2017-06-09','NSCAD',1,7,'2017-06-09 17:31:01'),(1728,2,27,'16_30','2017-06-09','NSCAD',1,7,'2017-06-09 17:31:03'),(1729,2,27,'17_00','2017-06-09','NSCAD',1,7,'2017-06-09 17:31:06'),(1730,23,7,'15_30','2017-05-22','CEI',0,0,'2017-05-22 18:03:51'),(1731,23,7,'16_00','2017-05-22','CEI',0,0,'2017-05-22 18:03:51'),(1732,6,24,'10_00','2017-05-24','AlphaVikings',0,0,'2017-05-22 21:13:51'),(1733,6,24,'10_30','2017-05-24','AlphaVikings',0,0,'2017-05-22 21:13:51'),(1734,6,24,'11_00','2017-05-24','AlphaVikings',0,0,'2017-05-22 21:13:51'),(1735,6,24,'11_30','2017-05-24','AlphaVikings',0,0,'2017-05-22 21:13:51'),(1736,2,20,'10_00','2017-05-23','Arbra',0,0,'2017-05-23 12:33:02'),(1737,2,20,'10_30','2017-05-23','Arbra',0,0,'2017-05-23 12:33:02'),(1738,2,20,'11_00','2017-05-23','Arbra',0,0,'2017-05-23 12:33:02'),(1739,2,20,'11_30','2017-05-23','Arbra',0,0,'2017-05-23 12:33:02'),(1740,2,20,'12_00','2017-05-23','Arbra',0,0,'2017-05-23 12:33:02'),(1741,2,20,'12_30','2017-05-23','Arbra',0,0,'2017-05-23 12:33:02'),(1742,2,20,'13_00','2017-05-23','Arbra',0,0,'2017-05-23 12:33:02'),(1743,2,20,'13_30','2017-05-23','Arbra',0,0,'2017-05-23 12:33:02'),(1744,2,20,'14_00','2017-05-23','Arbra',0,0,'2017-05-23 12:33:02'),(1745,2,20,'14_30','2017-05-23','Arbra',0,0,'2017-05-23 12:33:02'),(1746,6,7,'12_30','2017-05-23','I9',0,0,'2017-05-23 15:04:43'),(1747,6,7,'13_00','2017-05-23','I9',0,0,'2017-05-23 15:04:43'),(1748,6,25,'16_30','2017-06-01','Cei - Pré-inc',0,0,'2017-05-23 18:37:11'),(1749,6,25,'17_00','2017-06-01','Cei - Pré-inc',0,0,'2017-05-23 18:37:11'),(1750,6,13,'9_00','2017-05-24','reuniao beeit',0,0,'2017-05-24 11:08:14'),(1751,6,13,'9_30','2017-05-24','reuniao beeit',0,0,'2017-05-24 11:08:14'),(1752,2,31,'10_30','2017-05-24','Clic Corretores',0,0,'2017-05-24 11:37:27'),(1753,2,31,'11_00','2017-05-24','Clic Corretores',0,0,'2017-05-24 11:37:37'),(1754,2,31,'11_30','2017-05-24','Clic Corretores',0,0,'2017-05-24 11:38:02'),(1755,2,27,'14_00','2017-05-24','NSCAD',0,0,'2017-05-24 11:40:56'),(1756,2,27,'14_30','2017-05-24','NSCAD',0,0,'2017-05-24 11:40:56'),(1757,2,31,'10_00','2017-05-24','Clic Corretores',0,0,'2017-05-24 12:50:30'),(1758,6,24,'9_00','2017-05-25','AlphaVikings',0,0,'2017-05-24 18:06:27'),(1759,6,24,'9_30','2017-05-25','AlphaVikings',0,0,'2017-05-24 18:06:27'),(1760,6,24,'10_00','2017-05-25','AlphaVikings',0,0,'2017-05-24 18:06:27'),(1761,6,24,'10_30','2017-05-25','AlphaVikings',0,0,'2017-05-24 18:06:27'),(1762,6,24,'11_00','2017-05-25','AlphaVikings',0,0,'2017-05-24 18:06:27'),(1763,6,24,'11_30','2017-05-25','AlphaVikings',0,0,'2017-05-24 18:06:27'),(1764,6,24,'12_00','2017-05-25','AlphaVikings',0,0,'2017-05-24 18:06:27'),(1765,6,24,'12_30','2017-05-25','AlphaVikings',0,0,'2017-05-24 18:06:27'),(1766,6,21,'14_00','2017-05-25','Endeeper',0,0,'2017-05-24 19:32:05'),(1767,6,21,'14_30','2017-05-25','Endeeper',0,0,'2017-05-24 19:32:05'),(1768,6,21,'15_00','2017-05-25','Endeeper',0,0,'2017-05-24 19:32:05'),(1769,6,21,'15_30','2017-05-25','Endeeper',0,0,'2017-05-24 19:32:05'),(1770,6,21,'16_00','2017-05-25','Endeeper',0,0,'2017-05-24 19:32:05'),(1771,6,21,'16_30','2017-05-25','Endeeper',0,0,'2017-05-24 19:32:05'),(1772,6,21,'17_00','2017-05-25','Endeeper',0,0,'2017-05-24 19:32:47'),(1773,2,21,'10_00','2017-05-25','Endeeper',0,0,'2017-05-25 11:54:19'),(1774,2,21,'10_30','2017-05-25','Endeeper',0,0,'2017-05-25 11:54:19'),(1775,2,21,'11_00','2017-05-25','Endeeper',0,0,'2017-05-25 11:54:19'),(1776,2,21,'11_30','2017-05-25','Endeeper',0,0,'2017-05-25 11:54:19'),(1777,2,21,'12_00','2017-05-25','Endeeper',0,0,'2017-05-25 11:55:07'),(1778,2,21,'12_30','2017-05-25','Endeeper',0,0,'2017-05-25 11:55:07'),(1779,2,25,'15_30','2017-05-30','CEI',0,0,'2017-05-25 13:38:27'),(1780,2,25,'16_00','2017-05-30','CEI',0,0,'2017-05-25 13:38:27'),(1781,2,25,'14_30','2017-05-25','CEI',1,7,'2017-05-25 17:49:17'),(1782,2,25,'15_00','2017-05-25','CEI',1,7,'2017-05-25 17:49:21'),(1783,2,25,'15_30','2017-05-25','CEI',1,7,'2017-05-25 17:49:23'),(1784,2,22,'13_00','2017-05-25','Mconf Tecnologia',0,0,'2017-05-25 15:21:32'),(1785,6,7,'13_00','2017-05-25','Endeeper',0,0,'2017-05-25 15:51:12'),(1786,6,7,'13_30','2017-05-25','Endeeper',0,0,'2017-05-25 15:51:12'),(1787,2,22,'13_30','2017-05-25','Mconf Tecnologia',0,0,'2017-05-25 16:29:35'),(1788,2,22,'14_00','2017-05-25','Mconf Tecnologia',0,0,'2017-05-25 16:29:35'),(1789,2,7,'14_30','2017-05-25','MConf ',0,0,'2017-05-25 17:50:01'),(1790,2,7,'15_00','2017-05-25','MConf ',0,0,'2017-05-25 17:50:01'),(1791,2,7,'15_30','2017-05-25','MConf ',0,0,'2017-05-25 17:50:01'),(1792,2,25,'14_30','2017-05-26','CEI',0,0,'2017-05-25 18:02:10'),(1793,2,25,'15_00','2017-05-26','CEI',0,0,'2017-05-25 18:02:10'),(1794,2,25,'15_30','2017-05-26','CEI',0,0,'2017-05-25 18:02:10'),(1795,6,21,'10_30','2017-05-26','Endeeper',0,0,'2017-05-25 21:32:43'),(1796,6,21,'11_00','2017-05-26','Endeeper',0,0,'2017-05-25 21:32:43'),(1797,6,21,'11_30','2017-05-26','Endeeper',0,0,'2017-05-25 21:32:43'),(1798,6,21,'12_00','2017-05-26','Endeeper',0,0,'2017-05-25 21:32:43'),(1799,6,13,'15_00','2017-05-26','reuniao beeit',0,0,'2017-05-26 11:55:50'),(1800,6,13,'15_30','2017-05-26','reuniao beeit',0,0,'2017-05-26 11:55:50'),(1801,6,13,'16_00','2017-05-26','reuniao beeit',0,0,'2017-05-26 11:55:50'),(1802,6,13,'16_30','2017-05-26','reuniao beeit',0,0,'2017-05-26 11:55:50'),(1803,6,13,'17_00','2017-05-26','reuniao beeit',0,0,'2017-05-26 11:55:50'),(1804,6,25,'13_30','2017-05-26','Endeeper',0,0,'2017-05-26 16:21:27'),(1805,6,25,'14_00','2017-05-26','Endeeper',0,0,'2017-05-26 16:21:27'),(1806,6,25,'14_30','2017-05-26','Endeeper',0,0,'2017-05-26 16:21:27'),(1807,6,24,'10_00','2017-05-29','AlphaVikings',0,0,'2017-05-26 18:03:35'),(1808,6,24,'10_30','2017-05-29','AlphaVikings',0,0,'2017-05-26 18:03:35'),(1809,6,24,'11_00','2017-05-29','AlphaVikings',0,0,'2017-05-26 18:03:35'),(1810,6,24,'11_30','2017-05-29','AlphaVikings',0,0,'2017-05-26 18:03:35'),(1811,6,24,'12_00','2017-05-29','AlphaVikings',0,0,'2017-05-26 18:03:35'),(1812,6,24,'12_30','2017-05-29','AlphaVikings',0,0,'2017-05-26 18:03:35'),(1813,6,24,'10_00','2017-05-30','AlphaVikings',1,24,'2017-05-26 18:04:36'),(1814,6,24,'10_30','2017-05-30','AlphaVikings',1,24,'2017-05-26 18:04:34'),(1815,6,24,'11_00','2017-05-30','AlphaVikings',1,24,'2017-05-26 18:04:33'),(1816,6,24,'11_30','2017-05-30','AlphaVikings',1,24,'2017-05-26 18:04:31'),(1817,6,24,'12_00','2017-05-30','AlphaVikings',1,24,'2017-05-26 18:04:29'),(1818,6,24,'12_30','2017-05-30','AlphaVikings',1,24,'2017-05-26 18:04:27'),(1819,6,24,'13_30','2017-05-30','AlphaVikings',1,24,'2017-05-30 16:02:49'),(1820,6,24,'14_00','2017-05-30','AlphaVikings',0,0,'2017-05-26 18:04:47'),(1821,6,24,'14_30','2017-05-30','AlphaVikings',0,0,'2017-05-26 18:04:47'),(1822,6,24,'15_00','2017-05-30','AlphaVikings',0,0,'2017-05-26 18:04:47'),(1823,6,24,'15_30','2017-05-30','AlphaVikings',0,0,'2017-05-26 18:04:47'),(1824,6,24,'16_00','2017-05-30','AlphaVikings',0,0,'2017-05-26 18:04:47'),(1825,6,24,'16_30','2017-05-30','AlphaVikings',0,0,'2017-05-26 18:04:47'),(1826,6,24,'17_00','2017-05-30','AlphaVikings',0,0,'2017-05-26 18:04:47'),(1827,2,7,'10_00','2017-05-29','Bee IT',0,0,'2017-05-29 13:18:52'),(1828,2,7,'10_30','2017-05-29','Bee IT',0,0,'2017-05-29 13:18:52'),(1829,6,24,'11_00','2017-05-30','AlphaVikings',0,0,'2017-05-29 14:04:02'),(1830,6,24,'11_30','2017-05-30','AlphaVikings',0,0,'2017-05-29 14:04:02'),(1831,2,25,'14_00','2017-05-30','CEI',0,0,'2017-05-29 20:25:58'),(1832,2,25,'14_30','2017-05-30','CEI',0,0,'2017-05-29 20:25:58'),(1833,2,25,'15_00','2017-05-30','CEI',0,0,'2017-05-29 20:25:58'),(1834,2,6,'13_30','2017-05-30','CEI',0,0,'2017-05-30 16:34:04'),(1835,2,27,'13_00','2017-06-13','NSCAD',0,0,'2017-05-30 17:27:49'),(1836,2,27,'13_30','2017-06-13','NSCAD',0,0,'2017-05-30 17:27:49'),(1837,2,27,'14_00','2017-06-13','NSCAD',0,0,'2017-05-30 17:27:49'),(1838,2,27,'14_30','2017-06-13','NSCAD',0,0,'2017-05-30 17:27:49'),(1839,2,27,'15_00','2017-06-13','NSCAD',0,0,'2017-05-30 17:27:49'),(1840,2,27,'15_30','2017-06-13','NSCAD',0,0,'2017-05-30 17:27:49'),(1841,2,27,'16_00','2017-06-13','NSCAD',0,0,'2017-05-30 17:27:49'),(1842,2,27,'13_00','2017-06-22','NSCAD',0,0,'2017-05-30 17:29:55'),(1843,2,27,'13_30','2017-06-22','NSCAD',0,0,'2017-05-30 17:29:55'),(1844,2,27,'14_00','2017-06-22','NSCAD',0,0,'2017-05-30 17:29:55'),(1845,2,27,'14_30','2017-06-22','NSCAD',0,0,'2017-05-30 17:29:55'),(1846,2,27,'15_00','2017-06-22','NSCAD',0,0,'2017-05-30 17:29:55'),(1847,2,27,'15_30','2017-06-22','NSCAD',0,0,'2017-05-30 17:29:55'),(1848,2,27,'16_00','2017-06-22','NSCAD',0,0,'2017-05-30 17:29:55'),(1849,2,27,'14_30','2017-06-23','NSCAD',0,0,'2017-05-30 17:30:33'),(1850,2,27,'15_00','2017-06-23','NSCAD',0,0,'2017-05-30 17:30:33'),(1851,2,27,'15_30','2017-06-23','NSCAD',0,0,'2017-05-30 17:30:33'),(1852,2,27,'16_00','2017-06-23','NSCAD',0,0,'2017-05-30 17:30:33'),(1853,2,27,'16_30','2017-06-23','NSCAD',0,0,'2017-05-30 17:30:33'),(1854,2,27,'17_00','2017-06-23','NSCAD',0,0,'2017-05-30 17:30:33'),(1855,2,27,'13_00','2017-06-29','NSCAD',1,27,'2017-06-14 17:59:21'),(1856,2,27,'13_30','2017-06-29','NSCAD',1,27,'2017-06-14 17:59:26'),(1857,2,27,'14_00','2017-06-29','NSCAD',1,27,'2017-06-14 17:59:30'),(1858,2,27,'14_30','2017-06-29','NSCAD',1,27,'2017-06-14 17:59:33'),(1859,2,27,'15_00','2017-06-29','NSCAD',1,27,'2017-06-14 17:59:36'),(1860,2,27,'15_30','2017-06-29','NSCAD',1,27,'2017-06-14 17:59:40'),(1861,2,27,'16_00','2017-06-29','NSCAD',1,27,'2017-06-14 17:59:43'),(1862,2,27,'14_30','2017-06-30','NSCAD',1,27,'2017-06-14 18:00:07'),(1863,2,27,'15_00','2017-06-30','NSCAD',1,27,'2017-06-14 18:00:13'),(1864,2,27,'15_30','2017-06-30','NSCAD',1,27,'2017-06-14 18:00:22'),(1865,2,27,'16_00','2017-06-30','NSCAD',1,27,'2017-06-14 18:00:25'),(1866,2,27,'16_30','2017-06-30','NSCAD',1,27,'2017-06-14 18:00:29'),(1867,2,27,'17_00','2017-06-30','NSCAD',1,27,'2017-06-14 18:00:32'),(1868,2,27,'13_00','2017-07-06','NSCAD',1,27,'2017-06-14 18:01:56'),(1869,2,27,'13_30','2017-07-06','NSCAD',1,27,'2017-06-14 18:01:59'),(1870,2,27,'14_00','2017-07-06','NSCAD',1,27,'2017-06-14 18:02:03'),(1871,2,27,'14_30','2017-07-06','NSCAD',1,27,'2017-06-14 18:02:07'),(1872,2,27,'15_00','2017-07-06','NSCAD',1,27,'2017-06-14 18:02:10'),(1873,2,27,'15_30','2017-07-06','NSCAD',1,27,'2017-06-14 18:02:16'),(1874,2,27,'16_00','2017-07-06','NSCAD',1,27,'2017-06-14 18:02:19'),(1875,2,27,'14_30','2017-07-07','NSCAD',1,27,'2017-06-14 18:02:40'),(1876,2,27,'15_00','2017-07-07','NSCAD',1,27,'2017-06-14 18:02:43'),(1877,2,27,'15_30','2017-07-07','NSCAD',1,27,'2017-06-14 18:02:47'),(1878,2,27,'16_00','2017-07-07','NSCAD',1,27,'2017-06-14 18:02:51'),(1879,2,27,'16_30','2017-07-07','NSCAD',1,27,'2017-06-14 18:02:56'),(1880,2,27,'13_00','2017-07-13','NSCAD',1,27,'2017-06-14 18:04:19'),(1881,2,27,'13_30','2017-07-13','NSCAD',1,27,'2017-06-14 18:04:22'),(1882,2,27,'14_00','2017-07-13','NSCAD',1,27,'2017-06-14 18:04:36'),(1883,2,27,'14_30','2017-07-13','NSCAD',1,27,'2017-06-14 18:04:40'),(1884,2,27,'15_00','2017-07-13','NSCAD',1,27,'2017-06-14 18:04:43'),(1885,2,27,'15_30','2017-07-13','NSCAD',1,27,'2017-06-14 18:04:47'),(1886,2,27,'16_00','2017-07-13','NSCAD',1,27,'2017-06-14 18:04:51'),(1887,2,27,'14_30','2017-07-14','NSCAD',1,27,'2017-06-14 18:04:32'),(1888,2,27,'15_00','2017-07-14','NSCAD',1,27,'2017-06-14 18:04:57'),(1889,2,27,'15_30','2017-07-14','NSCAD',1,27,'2017-06-14 18:05:00'),(1890,2,27,'16_00','2017-07-14','NSCAD',1,27,'2017-06-14 18:05:04'),(1891,2,27,'16_30','2017-07-14','NSCAD',1,27,'2017-06-14 18:05:07'),(1892,2,27,'17_00','2017-07-14','NSCAD',1,27,'2017-06-14 18:05:11'),(1893,2,27,'13_00','2017-07-18','NSCAD',1,27,'2017-06-14 18:05:58'),(1894,2,27,'13_30','2017-07-18','NSCAD',1,27,'2017-06-14 18:06:02'),(1895,2,27,'14_00','2017-07-18','NSCAD',1,27,'2017-06-14 18:06:04'),(1896,2,27,'14_30','2017-07-18','NSCAD',1,27,'2017-06-14 18:06:07'),(1897,2,27,'15_00','2017-07-18','NSCAD',1,27,'2017-06-14 18:06:10'),(1898,2,27,'15_30','2017-07-18','NSCAD',1,27,'2017-06-14 18:06:14'),(1899,2,27,'16_00','2017-07-18','NSCAD',1,27,'2017-06-14 18:06:17'),(1900,2,27,'9_30','2017-06-07','NSCAD',0,0,'2017-05-30 18:05:18'),(1901,2,27,'10_00','2017-06-07','NSCAD',0,0,'2017-05-30 18:05:18'),(1902,6,27,'12_00','2017-06-07','NSCAD',0,0,'2017-05-30 18:05:37'),(1903,6,27,'12_30','2017-06-07','NSCAD',0,0,'2017-05-30 18:05:37'),(1904,6,27,'13_00','2017-06-07','NSCAD',0,0,'2017-05-30 18:05:37'),(1905,2,27,'9_30','2017-06-14','NSCAD',0,0,'2017-05-30 18:06:01'),(1906,2,27,'10_00','2017-06-14','NSCAD',0,0,'2017-05-30 18:06:01'),(1907,6,27,'12_00','2017-06-14','NSCAD',0,0,'2017-05-30 18:06:21'),(1908,6,27,'12_30','2017-06-14','NSCAD',0,0,'2017-05-30 18:06:21'),(1909,6,27,'13_00','2017-06-14','NSCAD',0,0,'2017-05-30 18:06:21'),(1910,2,27,'9_30','2017-06-21','NSCAD',1,27,'2017-06-21 11:47:42'),(1911,2,27,'10_00','2017-06-21','NSCAD',0,0,'2017-05-30 18:06:50'),(1912,6,27,'12_00','2017-06-21','NSCAD',0,0,'2017-05-30 18:07:06'),(1913,6,27,'12_30','2017-06-21','NSCAD',0,0,'2017-05-30 18:07:06'),(1914,6,27,'13_00','2017-06-21','NSCAD',0,0,'2017-05-30 18:07:06'),(1915,2,27,'9_30','2017-06-28','NSCAD',0,0,'2017-05-30 18:07:32'),(1916,2,27,'10_00','2017-06-28','NSCAD',0,0,'2017-05-30 18:07:32'),(1917,6,27,'12_00','2017-06-28','NSCAD',1,27,'2017-05-30 18:08:55'),(1918,6,27,'12_30','2017-06-28','NSCAD',1,27,'2017-05-30 18:08:58'),(1919,6,27,'13_00','2017-06-28','NSCAD',1,27,'2017-05-30 18:09:01'),(1920,2,27,'9_30','2017-07-05','NSCAD',1,27,'2017-07-04 17:41:22'),(1921,2,27,'10_00','2017-07-05','NSCAD',1,27,'2017-07-04 17:41:25'),(1922,2,27,'9_30','2017-07-12','NSCAD',0,0,'2017-05-30 18:09:28'),(1923,2,27,'10_00','2017-07-12','NSCAD',0,0,'2017-05-30 18:09:28'),(1924,2,27,'9_30','2017-07-19','NSCAD',0,0,'2017-05-30 18:09:51'),(1925,2,27,'10_00','2017-07-19','NSCAD',0,0,'2017-05-30 18:09:51'),(1926,2,27,'9_30','2017-07-26','NSCAD',0,0,'2017-05-30 18:10:15'),(1927,2,27,'10_00','2017-07-26','NSCAD',0,0,'2017-05-30 18:10:15'),(1928,2,27,'9_30','2017-08-02','NSCAD',1,27,'2017-08-02 12:33:39'),(1929,2,27,'10_00','2017-08-02','NSCAD',1,27,'2017-08-02 12:33:41'),(1930,2,27,'9_30','2017-08-09','NSCAD',0,0,'2017-05-30 18:11:10'),(1931,2,27,'10_00','2017-08-09','NSCAD',0,0,'2017-05-30 18:11:10'),(1932,2,27,'9_30','2017-08-16','NSCAD',1,27,'2017-08-16 12:07:27'),(1933,2,27,'10_00','2017-08-16','NSCAD',0,0,'2017-05-30 18:11:30'),(1934,2,27,'9_30','2017-08-23','NSCAD',1,27,'2017-08-23 12:46:02'),(1935,2,27,'10_00','2017-08-23','NSCAD',1,27,'2017-08-23 12:46:05'),(1936,2,27,'9_30','2017-08-30','NSCAD',1,27,'2017-08-28 19:19:37'),(1937,2,27,'10_00','2017-08-30','NSCAD',1,27,'2017-08-28 19:19:39'),(1938,6,27,'12_00','2017-08-02','NSCAD',1,27,'2017-08-01 18:07:07'),(1939,6,27,'12_30','2017-08-02','NSCAD',1,27,'2017-08-02 13:36:43'),(1940,6,27,'13_00','2017-08-02','NSCAD',1,27,'2017-08-02 13:36:46'),(1941,6,24,'14_00','2017-05-31','AlphaVikings',0,0,'2017-05-30 21:01:03'),(1942,6,24,'14_30','2017-05-31','AlphaVikings',0,0,'2017-05-30 21:01:03'),(1943,6,24,'15_00','2017-05-31','AlphaVikings',0,0,'2017-05-30 21:01:03'),(1944,6,24,'15_30','2017-05-31','AlphaVikings',0,0,'2017-05-30 21:01:03'),(1945,6,24,'16_00','2017-05-31','AlphaVikings',0,0,'2017-05-30 21:01:03'),(1946,6,24,'16_30','2017-05-31','AlphaVikings',0,0,'2017-05-30 21:01:03'),(1947,6,24,'17_00','2017-05-31','AlphaVikings',0,0,'2017-05-30 21:01:03'),(1948,2,27,'11_00','2017-05-31','Prof. Hamilton (Lab110)',0,0,'2017-05-31 14:06:37'),(1949,2,27,'11_30','2017-05-31','Prof. Hamilton (Lab110)',0,0,'2017-05-31 14:06:37'),(1950,2,21,'15_00','2017-05-31','Endeeper',0,0,'2017-05-31 16:47:42'),(1951,2,21,'15_30','2017-05-31','Endeeper',0,0,'2017-05-31 16:47:42'),(1952,6,24,'10_00','2017-06-01','AlphaVikings',0,0,'2017-05-31 23:41:24'),(1953,6,24,'10_30','2017-06-01','AlphaVikings',0,0,'2017-05-31 23:41:24'),(1954,6,24,'11_00','2017-06-01','AlphaVikings',0,0,'2017-05-31 23:41:24'),(1955,6,24,'11_30','2017-06-01','AlphaVikings',0,0,'2017-05-31 23:41:24'),(1956,6,24,'12_00','2017-06-01','AlphaVikings',0,0,'2017-05-31 23:41:24'),(1957,6,24,'12_30','2017-06-01','AlphaVikings',0,0,'2017-05-31 23:41:24'),(1958,2,13,'16_00','2017-06-01','reuniao beeit',0,0,'2017-06-01 19:50:31'),(1959,2,13,'16_30','2017-06-01','reuniao beeit',0,0,'2017-06-01 19:50:31'),(1960,2,13,'17_00','2017-06-01','reuniao beeit',0,0,'2017-06-01 19:50:31'),(1961,6,25,'8_30','2017-06-02','CEI',0,0,'2017-06-01 20:39:10'),(1962,6,25,'9_00','2017-06-02','CEI',0,0,'2017-06-01 20:39:10'),(1963,2,29,'9_30','2017-06-02','System Advisor - Mário',1,29,'2017-06-02 10:39:08'),(1964,2,29,'10_00','2017-06-02','System Advisor - Mário',1,29,'2017-06-02 10:39:13'),(1965,2,29,'9_30','2017-06-02','System Advisor - Mário',1,29,'2017-06-02 10:39:34'),(1966,2,29,'10_00','2017-06-02','System Advisor - Mário',1,29,'2017-06-02 10:39:38'),(1967,6,29,'9_30','2017-06-02','System Advisor - Mário',0,0,'2017-06-02 10:40:14'),(1968,6,29,'10_00','2017-06-02','System Advisor - Mário',1,1,'2017-06-02 12:51:53'),(1969,2,20,'10_00','2017-06-02','Arbra',0,0,'2017-06-02 12:46:36'),(1970,2,20,'10_30','2017-06-02','Arbra',0,0,'2017-06-02 12:46:36'),(1971,2,20,'11_00','2017-06-02','Arbra',0,0,'2017-06-02 12:46:36'),(1972,2,20,'11_30','2017-06-02','Arbra',0,0,'2017-06-02 12:46:36'),(1973,6,27,'11_00','2017-06-02','NSCAD',0,0,'2017-06-02 13:05:30'),(1974,6,27,'11_30','2017-06-02','NSCAD',0,0,'2017-06-02 13:05:30'),(1975,6,27,'12_00','2017-06-02','NSCAD',0,0,'2017-06-02 13:05:30'),(1976,6,7,'10_30','2017-06-02','Bee IT',0,0,'2017-06-02 13:33:22'),(1977,6,11,'16_00','2017-06-02','E-AWARE',0,0,'2017-06-02 16:47:49'),(1978,6,11,'16_30','2017-06-02','E-AWARE',0,0,'2017-06-02 16:47:49'),(1979,2,13,'16_00','2017-06-02','reuniao beeit',0,0,'2017-06-02 19:42:42'),(1980,2,13,'16_30','2017-06-02','reuniao beeit',0,0,'2017-06-02 19:42:42'),(1981,2,13,'17_00','2017-06-02','reuniao beeit',0,0,'2017-06-02 19:42:42'),(1982,6,7,'13_30','2017-06-06','CEI',0,0,'2017-06-05 15:33:44'),(1983,6,7,'14_00','2017-06-06','CEI',0,0,'2017-06-05 15:33:44'),(1984,6,7,'14_30','2017-06-06','CEI',0,0,'2017-06-05 15:33:44'),(1985,2,22,'13_30','2017-06-05','Mconf Tecnologia',1,22,'2017-06-05 16:38:54'),(1986,6,22,'13_30','2017-06-05','Mconf Tecnologia',1,22,'2017-06-05 16:48:42'),(1987,6,22,'14_00','2017-06-05','Mconf Tecnologia',1,22,'2017-06-05 16:48:39'),(1988,6,22,'16_00','2017-06-05','Mconf Tecnologia',0,0,'2017-06-05 19:01:20'),(1989,6,22,'16_30','2017-06-05','Mconf Tecnologia',0,0,'2017-06-05 19:01:20'),(1990,6,21,'10_00','2017-06-06','Endeeper',0,0,'2017-06-06 12:59:49'),(1991,6,21,'10_30','2017-06-06','Endeeper',0,0,'2017-06-06 12:59:57'),(1992,2,7,'12_30','2017-06-06','I9',0,0,'2017-06-06 14:05:46'),(1993,2,7,'13_00','2017-06-06','I9',0,0,'2017-06-06 14:05:46'),(1994,6,24,'16_30','2017-06-06','AlphaVikings',0,0,'2017-06-06 16:19:14'),(1995,6,24,'17_00','2017-06-06','AlphaVikings',0,0,'2017-06-06 16:19:14'),(1996,6,22,'8_30','2017-06-22','Mconf Tecnologia',0,0,'2017-06-07 13:48:26'),(1997,6,22,'9_00','2017-06-22','Mconf Tecnologia',0,0,'2017-06-07 13:48:26'),(1998,6,22,'9_30','2017-06-22','Mconf Tecnologia',0,0,'2017-06-07 13:48:26'),(1999,6,22,'10_00','2017-06-22','Mconf Tecnologia',0,0,'2017-06-07 13:48:26'),(2000,6,22,'10_30','2017-06-22','Mconf Tecnologia',0,0,'2017-06-07 13:48:26'),(2001,6,22,'11_00','2017-06-22','Mconf Tecnologia',0,0,'2017-06-07 13:48:26'),(2002,6,22,'11_30','2017-06-22','Mconf Tecnologia',0,0,'2017-06-07 13:48:26'),(2003,6,22,'12_00','2017-06-22','Mconf Tecnologia',0,0,'2017-06-07 13:48:26'),(2004,6,22,'12_30','2017-06-22','Mconf Tecnologia',0,0,'2017-06-07 13:48:26'),(2005,6,22,'13_00','2017-06-22','Mconf Tecnologia',0,0,'2017-06-07 13:48:26'),(2006,6,22,'13_30','2017-06-22','Mconf Tecnologia',0,0,'2017-06-07 13:48:26'),(2007,6,22,'14_00','2017-06-22','Mconf Tecnologia',0,0,'2017-06-07 13:48:26'),(2008,6,22,'14_30','2017-06-22','Mconf Tecnologia',0,0,'2017-06-07 13:48:26'),(2009,6,22,'15_00','2017-06-22','Mconf Tecnologia',0,0,'2017-06-07 13:48:26'),(2010,6,22,'15_30','2017-06-22','Mconf Tecnologia',0,0,'2017-06-07 13:48:26'),(2011,6,22,'16_00','2017-06-22','Mconf Tecnologia',0,0,'2017-06-07 13:48:26'),(2012,6,22,'16_30','2017-06-22','Mconf Tecnologia',0,0,'2017-06-07 13:48:26'),(2013,6,22,'17_00','2017-06-22','Mconf Tecnologia',0,0,'2017-06-07 13:48:26'),(2014,6,22,'8_30','2017-06-23','Mconf Tecnologia',0,0,'2017-06-07 13:48:34'),(2015,6,22,'9_00','2017-06-23','Mconf Tecnologia',0,0,'2017-06-07 13:48:34'),(2016,6,22,'9_30','2017-06-23','Mconf Tecnologia',0,0,'2017-06-07 13:48:34'),(2017,6,22,'10_00','2017-06-23','Mconf Tecnologia',0,0,'2017-06-07 13:48:34'),(2018,6,22,'10_30','2017-06-23','Mconf Tecnologia',0,0,'2017-06-07 13:48:34'),(2019,6,22,'11_00','2017-06-23','Mconf Tecnologia',0,0,'2017-06-07 13:48:34'),(2020,6,22,'11_30','2017-06-23','Mconf Tecnologia',0,0,'2017-06-07 13:48:34'),(2021,6,22,'12_00','2017-06-23','Mconf Tecnologia',0,0,'2017-06-07 13:48:34'),(2022,6,22,'12_30','2017-06-23','Mconf Tecnologia',0,0,'2017-06-07 13:48:34'),(2023,6,22,'13_00','2017-06-23','Mconf Tecnologia',0,0,'2017-06-07 13:48:34'),(2024,6,22,'13_30','2017-06-23','Mconf Tecnologia',0,0,'2017-06-07 13:48:34'),(2025,6,22,'14_00','2017-06-23','Mconf Tecnologia',0,0,'2017-06-07 13:48:34'),(2026,6,22,'14_30','2017-06-23','Mconf Tecnologia',0,0,'2017-06-07 13:48:34'),(2027,6,22,'15_00','2017-06-23','Mconf Tecnologia',0,0,'2017-06-07 13:48:34'),(2028,6,22,'15_30','2017-06-23','Mconf Tecnologia',0,0,'2017-06-07 13:48:34'),(2029,6,22,'16_00','2017-06-23','Mconf Tecnologia',0,0,'2017-06-07 13:48:34'),(2030,6,22,'16_30','2017-06-23','Mconf Tecnologia',0,0,'2017-06-07 13:48:34'),(2031,6,22,'17_00','2017-06-23','Mconf Tecnologia',0,0,'2017-06-07 13:48:34'),(2032,2,7,'12_30','2017-06-07','I9',0,0,'2017-06-07 13:49:06'),(2033,2,7,'13_00','2017-06-07','I9',0,0,'2017-06-07 13:49:06'),(2034,2,11,'11_00','2017-06-07','E-AWARE',0,0,'2017-06-07 13:54:56'),(2035,2,11,'11_30','2017-06-07','E-AWARE',0,0,'2017-06-07 13:54:56'),(2036,2,11,'12_00','2017-06-07','E-AWARE',0,0,'2017-06-07 13:54:56'),(2037,6,10,'15_00','2017-06-07','AEGRO',0,0,'2017-06-07 15:33:34'),(2038,6,10,'15_30','2017-06-07','AEGRO',0,0,'2017-06-07 15:33:34'),(2039,2,20,'13_30','2017-06-07','',0,0,'2017-06-07 16:40:22'),(2040,2,20,'14_00','2017-06-07','',0,0,'2017-06-07 16:40:22'),(2041,2,20,'14_30','2017-06-07','',0,0,'2017-06-07 16:40:22'),(2042,2,20,'15_00','2017-06-07','',0,0,'2017-06-07 16:40:22'),(2043,2,20,'15_30','2017-06-07','',0,0,'2017-06-07 16:40:22'),(2044,2,20,'16_00','2017-06-07','',0,0,'2017-06-07 16:40:22'),(2045,2,20,'16_30','2017-06-07','',0,0,'2017-06-07 16:40:22'),(2046,6,11,'11_00','2017-06-08','E-AWARE',1,11,'2017-06-08 14:17:35'),(2047,6,11,'11_30','2017-06-08','E-AWARE',1,11,'2017-06-08 14:17:37'),(2048,6,11,'12_00','2017-06-08','E-AWARE',1,11,'2017-06-08 14:17:40'),(2049,6,11,'15_00','2017-06-08','E-AWARE',0,0,'2017-06-08 12:58:51'),(2050,6,11,'15_30','2017-06-08','E-AWARE',0,0,'2017-06-08 12:58:51'),(2051,6,11,'16_00','2017-06-08','E-AWARE',0,0,'2017-06-08 12:58:51'),(2052,6,7,'10_00','2017-06-08','CEI',0,0,'2017-06-08 13:05:52'),(2053,2,20,'10_30','2017-06-08','Arbra',0,0,'2017-06-08 13:16:24'),(2054,2,20,'11_00','2017-06-08','Arbra',0,0,'2017-06-08 13:16:24'),(2055,2,20,'11_30','2017-06-08','Arbra',0,0,'2017-06-08 13:16:24'),(2056,2,20,'12_00','2017-06-08','Arbra',0,0,'2017-06-08 13:16:24'),(2057,6,11,'14_00','2017-06-08','E-AWARE',0,0,'2017-06-08 14:17:59'),(2058,6,11,'14_30','2017-06-08','E-AWARE',0,0,'2017-06-08 14:17:59'),(2059,6,13,'16_30','2017-06-08','reuniao beeit',0,0,'2017-06-08 19:13:30'),(2060,6,13,'17_00','2017-06-08','reuniao beeit',0,0,'2017-06-08 19:13:30'),(2061,2,7,'16_30','2017-06-08','CEI',0,0,'2017-06-08 19:34:57'),(2062,2,7,'17_00','2017-06-08','CEI',0,0,'2017-06-08 19:34:57'),(2063,6,7,'14_30','2017-06-09','NSCAD',0,0,'2017-06-09 17:30:53'),(2064,6,7,'15_00','2017-06-09','NSCAD',0,0,'2017-06-09 17:30:53'),(2065,6,7,'15_30','2017-06-09','NSCAD',0,0,'2017-06-09 17:30:53'),(2066,6,7,'16_00','2017-06-09','NSCAD',0,0,'2017-06-09 17:30:53'),(2067,6,7,'16_30','2017-06-09','NSCAD',0,0,'2017-06-09 17:30:53'),(2068,6,7,'17_00','2017-06-09','NSCAD',0,0,'2017-06-09 17:30:53'),(2069,6,6,'8_30','2017-06-13','CEI - Monitoramento',0,0,'2017-06-09 17:39:53'),(2070,6,6,'9_00','2017-06-13','CEI - Monitoramento',0,0,'2017-06-09 17:39:53'),(2071,6,6,'9_30','2017-06-13','CEI - Monitoramento',0,0,'2017-06-09 17:39:53'),(2072,6,6,'10_00','2017-06-13','CEI - Monitoramento',0,0,'2017-06-09 17:39:53'),(2073,6,6,'10_30','2017-06-13','CEI - Monitoramento',0,0,'2017-06-09 17:39:53'),(2074,6,6,'11_00','2017-06-13','CEI - Monitoramento',0,0,'2017-06-09 17:39:53'),(2075,6,6,'11_30','2017-06-13','CEI - Monitoramento',0,0,'2017-06-09 17:39:53'),(2076,6,6,'12_00','2017-06-13','CEI - Monitoramento',0,0,'2017-06-09 17:39:53'),(2077,6,6,'13_30','2017-06-16','Napi - Victor',0,0,'2017-06-09 17:41:13'),(2078,6,6,'14_00','2017-06-16','Napi - Victor',0,0,'2017-06-09 17:41:13'),(2079,6,6,'14_30','2017-06-16','Napi - Victor',0,0,'2017-06-09 17:41:13'),(2080,6,6,'15_00','2017-06-16','Napi - Victor',0,0,'2017-06-09 17:41:13'),(2081,2,20,'15_00','2017-06-09','ARBRA',0,0,'2017-06-09 18:03:26'),(2082,2,20,'15_30','2017-06-09','ARBRA',0,0,'2017-06-09 18:03:26'),(2083,2,20,'16_00','2017-06-09','ARBRA',0,0,'2017-06-09 18:03:26'),(2084,6,6,'13_00','2017-06-13','reunião direção',0,0,'2017-06-12 15:31:33'),(2085,6,6,'13_30','2017-06-13','reunião direção',0,0,'2017-06-12 15:31:33'),(2086,6,6,'14_00','2017-06-13','reunião direção',0,0,'2017-06-12 15:31:33'),(2087,6,6,'14_30','2017-06-13','reunião direção',0,0,'2017-06-12 15:31:33'),(2088,2,20,'9_30','2017-06-13','ARBRA',0,0,'2017-06-13 12:17:28'),(2089,2,20,'10_00','2017-06-13','ARBRA',0,0,'2017-06-13 12:17:28'),(2090,2,20,'10_30','2017-06-13','ARBRA',0,0,'2017-06-13 12:17:28'),(2091,6,24,'17_00','2017-06-13','AlphaVikings',0,0,'2017-06-13 13:45:21'),(2092,2,20,'11_00','2017-06-13','ARBRA',0,0,'2017-06-13 14:06:15'),(2093,2,20,'11_30','2017-06-13','ARBRA',0,0,'2017-06-13 14:06:15'),(2094,6,7,'12_30','2017-06-13','CEI',0,0,'2017-06-13 15:03:07'),(2095,6,7,'15_00','2017-06-13','CEI',0,0,'2017-06-13 17:18:12'),(2096,6,7,'15_30','2017-06-13','CEI',0,0,'2017-06-13 17:18:12'),(2097,6,7,'10_30','2017-06-14','Endeeper',0,0,'2017-06-14 13:49:00'),(2098,6,7,'11_00','2017-06-14','Endeeper',0,0,'2017-06-14 13:49:00'),(2099,2,11,'13_30','2017-06-14','E-AWARE',0,0,'2017-06-14 16:13:36'),(2100,2,11,'14_00','2017-06-14','E-AWARE',0,0,'2017-06-14 16:13:36'),(2101,6,13,'8_30','2017-06-21','reuniao beeit',0,0,'2017-06-14 16:53:10'),(2102,6,13,'9_00','2017-06-21','reuniao beeit',0,0,'2017-06-14 16:53:10'),(2103,6,13,'9_30','2017-06-21','reuniao beeit',0,0,'2017-06-14 16:53:10'),(2104,6,13,'10_00','2017-06-21','reuniao beeit',0,0,'2017-06-14 16:53:10'),(2105,6,13,'10_30','2017-06-21','reuniao beeit',0,0,'2017-06-14 16:53:10'),(2106,6,13,'11_00','2017-06-21','reuniao beeit',0,0,'2017-06-14 16:53:10'),(2107,6,13,'11_30','2017-06-21','reuniao beeit',0,0,'2017-06-14 16:53:10'),(2108,6,27,'13_00','2017-06-29','NSCAD',0,0,'2017-06-14 17:59:11'),(2109,6,27,'13_30','2017-06-29','NSCAD',0,0,'2017-06-14 17:59:11'),(2110,6,27,'14_00','2017-06-29','NSCAD',0,0,'2017-06-14 17:59:11'),(2111,6,27,'14_30','2017-06-29','NSCAD',0,0,'2017-06-14 17:59:11'),(2112,6,27,'15_00','2017-06-29','NSCAD',0,0,'2017-06-14 17:59:11'),(2113,6,27,'15_30','2017-06-29','NSCAD',0,0,'2017-06-14 17:59:11'),(2114,6,27,'16_00','2017-06-29','NSCAD',0,0,'2017-06-14 17:59:11'),(2115,6,27,'14_30','2017-06-30','NSCAD',0,0,'2017-06-14 18:00:01'),(2116,6,27,'15_00','2017-06-30','NSCAD',0,0,'2017-06-14 18:00:01'),(2117,6,27,'15_30','2017-06-30','NSCAD',0,0,'2017-06-14 18:00:01'),(2118,6,27,'16_00','2017-06-30','NSCAD',0,0,'2017-06-14 18:00:01'),(2119,6,27,'16_30','2017-06-30','NSCAD',0,0,'2017-06-14 18:00:01'),(2120,6,27,'17_00','2017-06-30','NSCAD',0,0,'2017-06-14 18:00:01'),(2121,6,27,'13_00','2017-07-06','NSCAD',1,27,'2017-07-03 15:32:56'),(2122,6,27,'13_30','2017-07-06','NSCAD',1,27,'2017-07-03 15:32:59'),(2123,6,27,'14_00','2017-07-06','NSCAD',1,27,'2017-07-03 15:33:07'),(2124,6,27,'14_30','2017-07-06','NSCAD',1,27,'2017-07-03 15:33:15'),(2125,6,27,'15_00','2017-07-06','NSCAD',1,27,'2017-07-03 15:33:18'),(2126,6,27,'15_30','2017-07-06','NSCAD',1,27,'2017-07-03 15:33:22'),(2127,6,27,'16_00','2017-07-06','NSCAD',1,27,'2017-07-03 15:33:25'),(2128,6,27,'14_30','2017-07-07','NSCAD',1,27,'2017-07-03 12:06:40'),(2129,6,27,'15_00','2017-07-07','NSCAD',1,27,'2017-07-03 12:06:43'),(2130,6,27,'15_30','2017-07-07','NSCAD',1,27,'2017-07-03 12:06:47'),(2131,6,27,'16_00','2017-07-07','NSCAD',1,27,'2017-07-03 12:06:50'),(2132,6,27,'16_30','2017-07-07','NSCAD',1,27,'2017-07-03 12:06:55'),(2133,6,27,'17_00','2017-07-07','NSCAD',1,27,'2017-07-03 12:06:58'),(2134,6,27,'13_00','2017-07-13','NSCAD',0,0,'2017-06-14 18:03:56'),(2135,6,27,'13_30','2017-07-13','NSCAD',0,0,'2017-06-14 18:03:56'),(2136,6,27,'14_00','2017-07-13','NSCAD',0,0,'2017-06-14 18:03:56'),(2137,6,27,'14_30','2017-07-13','NSCAD',0,0,'2017-06-14 18:03:56'),(2138,6,27,'15_00','2017-07-13','NSCAD',0,0,'2017-06-14 18:03:57'),(2139,6,27,'15_30','2017-07-13','NSCAD',0,0,'2017-06-14 18:03:57'),(2140,6,27,'16_00','2017-07-13','NSCAD',0,0,'2017-06-14 18:03:57'),(2141,6,27,'14_30','2017-07-14','NSCAD',0,0,'2017-06-14 18:04:12'),(2142,6,27,'15_00','2017-07-14','NSCAD',0,0,'2017-06-14 18:04:12'),(2143,6,27,'15_30','2017-07-14','NSCAD',0,0,'2017-06-14 18:04:12'),(2144,6,27,'16_00','2017-07-14','NSCAD',0,0,'2017-06-14 18:04:12'),(2145,6,27,'16_30','2017-07-14','NSCAD',0,0,'2017-06-14 18:04:12'),(2146,6,27,'17_00','2017-07-14','NSCAD',0,0,'2017-06-14 18:04:12'),(2147,6,27,'13_00','2017-07-18','NSCAD',1,27,'2017-07-18 15:34:36'),(2148,6,27,'13_30','2017-07-18','NSCAD',1,27,'2017-07-18 15:34:40'),(2149,6,27,'14_00','2017-07-18','NSCAD',1,27,'2017-07-18 15:34:42'),(2150,6,27,'14_30','2017-07-18','NSCAD',1,27,'2017-07-18 15:34:44'),(2151,6,27,'15_00','2017-07-18','NSCAD',1,27,'2017-07-18 15:34:46'),(2152,6,27,'15_30','2017-07-18','NSCAD',1,27,'2017-07-18 15:34:49'),(2153,6,27,'16_00','2017-07-18','NSCAD',1,27,'2017-07-18 15:34:54'),(2154,2,20,'9_30','2017-06-19','Arbra',1,7,'2017-06-19 12:25:14'),(2155,2,20,'10_00','2017-06-19','Arbra',1,7,'2017-06-19 12:25:17'),(2156,2,20,'10_30','2017-06-19','Arbra',1,7,'2017-06-19 12:25:19'),(2157,2,20,'11_00','2017-06-19','Arbra',1,7,'2017-06-19 12:25:21'),(2158,2,20,'11_30','2017-06-19','Arbra',1,7,'2017-06-19 12:25:23'),(2159,6,7,'9_30','2017-06-19','Arbra',0,0,'2017-06-19 12:25:06'),(2160,6,7,'10_00','2017-06-19','Arbra',0,0,'2017-06-19 12:25:06'),(2161,6,7,'10_30','2017-06-19','Arbra',0,0,'2017-06-19 12:25:06'),(2162,6,7,'11_00','2017-06-19','Arbra',0,0,'2017-06-19 12:25:06'),(2163,6,7,'11_30','2017-06-19','Arbra',0,0,'2017-06-19 12:25:06'),(2164,6,7,'9_30','2017-06-20','CEI',0,0,'2017-06-20 12:51:17'),(2165,6,7,'10_00','2017-06-20','CEI',0,0,'2017-06-20 12:51:17'),(2166,6,7,'12_00','2017-06-20','CEI',0,0,'2017-06-20 15:10:58'),(2167,6,7,'12_30','2017-06-20','CEI',0,0,'2017-06-20 15:10:58'),(2168,2,27,'10_30','2017-06-23','NSCAD',0,0,'2017-06-20 15:16:44'),(2169,2,27,'11_00','2017-06-23','NSCAD',0,0,'2017-06-20 15:16:44'),(2170,2,27,'11_30','2017-06-23','NSCAD',0,0,'2017-06-20 15:16:44'),(2171,2,27,'12_00','2017-06-23','NSCAD',0,0,'2017-06-20 15:16:44'),(2172,6,10,'15_00','2017-06-20','AEGRO',0,0,'2017-06-20 18:09:47'),(2173,6,10,'15_30','2017-06-20','AEGRO',0,0,'2017-06-20 18:09:47'),(2174,6,10,'16_00','2017-06-20','AEGRO',0,0,'2017-06-20 18:09:47'),(2175,6,10,'16_30','2017-06-20','AEGRO',0,0,'2017-06-20 18:09:47'),(2176,6,10,'17_00','2017-06-20','AEGRO',0,0,'2017-06-20 18:09:47'),(2177,6,10,'14_00','2017-06-21','AEGRO',0,0,'2017-06-20 18:10:00'),(2178,6,10,'14_30','2017-06-21','AEGRO',0,0,'2017-06-20 18:10:00'),(2179,6,10,'15_00','2017-06-21','AEGRO',0,0,'2017-06-20 18:10:00'),(2180,6,10,'15_30','2017-06-21','AEGRO',0,0,'2017-06-20 18:10:00'),(2181,6,10,'16_00','2017-06-21','AEGRO',0,0,'2017-06-20 18:10:00'),(2182,6,10,'16_30','2017-06-21','AEGRO',0,0,'2017-06-20 18:10:00'),(2183,6,10,'17_00','2017-06-21','AEGRO',0,0,'2017-06-20 18:10:00'),(2184,2,7,'16_00','2017-06-20','I9',0,0,'2017-06-20 19:12:34'),(2185,2,7,'16_30','2017-06-20','I9',0,0,'2017-06-20 19:12:34'),(2186,2,27,'10_30','2017-06-21','NSCAD',0,0,'2017-06-21 11:47:50'),(2187,2,7,'10_00','2017-06-22','CEI',0,0,'2017-06-21 14:57:31'),(2188,2,7,'10_30','2017-06-22','CEI',0,0,'2017-06-21 14:57:31'),(2189,2,8,'8_30','2017-06-22','I9access',0,0,'2017-06-22 10:29:24'),(2190,2,8,'9_00','2017-06-22','I9access',0,0,'2017-06-22 10:29:24'),(2191,2,8,'9_30','2017-06-22','I9access',0,0,'2017-06-22 10:29:24'),(2192,2,8,'11_00','2017-06-22','I9access',0,0,'2017-06-22 10:29:49'),(2193,2,8,'11_30','2017-06-22','I9access',0,0,'2017-06-22 10:29:49'),(2194,2,8,'12_00','2017-06-22','I9access',0,0,'2017-06-22 10:29:49'),(2195,2,8,'12_30','2017-06-22','I9access',0,0,'2017-06-22 10:29:49'),(2196,2,7,'12_30','2017-06-23','CEI',1,7,'2017-06-23 15:30:51'),(2197,2,7,'13_00','2017-06-23','CEI',1,7,'2017-06-23 15:30:54'),(2198,2,7,'13_30','2017-06-23','CEI',1,7,'2017-06-23 15:30:56'),(2199,2,7,'14_00','2017-06-23','CEI',1,7,'2017-06-23 15:30:58'),(2200,6,27,'12_00','2017-08-09','NSCAD',1,27,'2017-08-08 17:09:49'),(2201,6,27,'12_30','2017-08-09','NSCAD',1,27,'2017-08-08 17:09:54'),(2202,6,27,'13_00','2017-08-09','NSCAD',1,27,'2017-08-08 17:09:58'),(2203,6,13,'9_30','2017-06-26','reuniao beeit',0,0,'2017-06-26 11:28:57'),(2204,6,13,'10_00','2017-06-26','reuniao beeit',0,0,'2017-06-26 11:28:57'),(2205,6,13,'10_30','2017-06-26','reuniao beeit',0,0,'2017-06-26 11:28:57'),(2206,6,13,'11_00','2017-06-26','reuniao beeit',0,0,'2017-06-26 11:28:57'),(2207,6,13,'11_30','2017-06-26','reuniao beeit',0,0,'2017-06-26 11:28:57'),(2208,6,13,'12_00','2017-06-26','reuniao beeit',0,0,'2017-06-26 11:28:57'),(2209,6,13,'12_30','2017-06-26','reuniao beeit',1,13,'2017-06-26 11:30:56'),(2210,6,13,'13_00','2017-06-26','reuniao beeit',1,13,'2017-06-26 11:30:52'),(2211,6,13,'13_30','2017-06-26','reuniao beeit',1,13,'2017-06-26 11:30:49'),(2212,6,13,'14_00','2017-06-26','reuniao beeit',1,13,'2017-06-26 11:30:45'),(2213,6,13,'14_30','2017-06-26','reuniao beeit',1,13,'2017-06-26 11:30:42'),(2214,6,13,'15_00','2017-06-26','reuniao beeit',1,13,'2017-06-26 11:30:38'),(2215,6,13,'15_30','2017-06-26','reuniao beeit',1,13,'2017-06-26 11:30:35'),(2216,6,13,'16_00','2017-06-26','reuniao beeit',1,13,'2017-06-26 11:30:30'),(2217,6,7,'8_30','2017-06-26','Beeit',0,0,'2017-06-26 11:35:43'),(2218,6,7,'9_00','2017-06-26','Beeit',0,0,'2017-06-26 11:35:43'),(2219,6,13,'15_00','2017-06-26','BEEIT',0,0,'2017-06-26 18:40:07'),(2220,6,13,'15_30','2017-06-26','BEEIT',0,0,'2017-06-26 18:40:07'),(2221,6,13,'16_00','2017-06-26','BEEIT',0,0,'2017-06-26 18:40:07'),(2222,6,13,'8_30','2017-06-30','BEEIT',0,0,'2017-06-26 19:03:34'),(2223,6,13,'9_00','2017-06-30','BEEIT',0,0,'2017-06-26 19:03:34'),(2224,6,13,'9_30','2017-06-30','BEEIT',0,0,'2017-06-26 19:03:34'),(2225,6,13,'10_00','2017-06-30','BEEIT',0,0,'2017-06-26 19:03:34'),(2226,6,13,'10_30','2017-06-30','BEEIT',0,0,'2017-06-26 19:03:34'),(2227,6,13,'11_00','2017-06-30','BEEIT',0,0,'2017-06-26 19:03:34'),(2228,6,13,'11_30','2017-06-30','BEEIT',0,0,'2017-06-26 19:03:34'),(2229,6,13,'12_00','2017-06-30','BEEIT',0,0,'2017-06-26 19:03:34'),(2230,2,20,'16_00','2017-06-26','ARBRA',0,0,'2017-06-26 19:05:23'),(2231,2,20,'16_30','2017-06-26','ARBRA',0,0,'2017-06-26 19:05:23'),(2232,2,20,'17_00','2017-06-26','ARBRA',0,0,'2017-06-26 19:05:23'),(2233,6,20,'8_30','2017-06-27','Arbra',0,0,'2017-06-26 20:49:45'),(2234,6,20,'9_00','2017-06-27','Arbra',0,0,'2017-06-26 20:49:45'),(2235,6,20,'9_30','2017-06-27','Arbra',0,0,'2017-06-26 20:49:45'),(2236,6,20,'10_00','2017-06-27','Arbra',0,0,'2017-06-26 20:49:45'),(2237,6,20,'10_30','2017-06-27','Arbra',0,0,'2017-06-26 20:49:45'),(2238,6,20,'11_00','2017-06-27','Arbra',0,0,'2017-06-26 20:49:45'),(2239,6,8,'13_30','2017-06-27','i9access',1,8,'2017-06-27 17:17:09'),(2240,6,8,'14_00','2017-06-27','i9access',1,8,'2017-06-27 17:17:16'),(2241,6,8,'14_30','2017-06-27','i9access',1,8,'2017-06-27 17:17:37'),(2242,6,8,'15_00','2017-06-27','i9access',1,8,'2017-06-27 17:17:32'),(2243,6,8,'15_30','2017-06-27','i9access',1,8,'2017-06-27 17:17:29'),(2244,6,8,'16_00','2017-06-27','i9access',1,8,'2017-06-27 17:17:25'),(2245,6,8,'16_30','2017-06-27','i9access',1,8,'2017-06-27 17:17:20'),(2246,6,8,'13_30','2017-06-28','i9access',0,0,'2017-06-27 13:11:18'),(2247,6,8,'14_00','2017-06-28','i9access',0,0,'2017-06-27 13:11:18'),(2248,6,8,'14_30','2017-06-28','i9access',0,0,'2017-06-27 13:11:18'),(2249,6,8,'15_00','2017-06-28','i9access',0,0,'2017-06-27 13:11:18'),(2250,6,8,'15_30','2017-06-28','i9access',0,0,'2017-06-27 13:11:18'),(2251,6,8,'16_00','2017-06-28','i9access',0,0,'2017-06-27 13:11:18'),(2252,6,8,'16_30','2017-06-28','i9access',0,0,'2017-06-27 13:11:18'),(2253,6,33,'13_30','2017-07-05','CEI - AGIR',0,0,'2017-06-27 19:34:22'),(2254,6,33,'14_00','2017-07-05','CEI - AGIR',0,0,'2017-06-27 19:34:32'),(2255,6,11,'8_30','2017-06-28','E-AWARE',0,0,'2017-06-28 11:42:42'),(2256,6,11,'9_00','2017-06-28','E-AWARE',0,0,'2017-06-28 11:42:42'),(2257,6,11,'9_30','2017-06-28','E-AWARE',0,0,'2017-06-28 11:42:42'),(2258,6,11,'10_00','2017-06-28','E-AWARE',0,0,'2017-06-28 11:42:42'),(2259,2,7,'14_00','2017-07-07','CEI',1,7,'2017-07-03 12:05:00'),(2260,2,7,'14_30','2017-07-07','CEI',1,7,'2017-07-03 12:05:01'),(2261,2,7,'12_30','2017-06-28','I9',0,0,'2017-06-28 15:32:24'),(2262,2,7,'13_00','2017-06-28','I9',0,0,'2017-06-28 15:32:24'),(2263,2,13,'13_30','2017-06-29','BEEIT',0,0,'2017-06-28 16:58:25'),(2264,2,13,'14_00','2017-06-29','BEEIT',0,0,'2017-06-28 16:58:25'),(2265,2,13,'14_30','2017-06-29','BEEIT',0,0,'2017-06-28 16:58:25'),(2266,2,13,'15_00','2017-06-29','BEEIT',0,0,'2017-06-28 16:58:25'),(2267,2,13,'15_30','2017-06-29','BEEIT',0,0,'2017-06-28 16:58:25'),(2268,2,13,'16_00','2017-06-29','BEEIT',0,0,'2017-06-28 16:58:25'),(2269,2,13,'16_30','2017-06-29','BEEIT',0,0,'2017-06-28 16:58:25'),(2270,2,13,'8_30','2017-06-29','BEEIT',0,0,'2017-06-29 11:34:37'),(2271,2,13,'9_00','2017-06-29','BEEIT',0,0,'2017-06-29 11:34:37'),(2272,2,13,'9_30','2017-06-29','BEEIT',0,0,'2017-06-29 11:34:37'),(2273,2,13,'10_00','2017-06-29','BEEIT',0,0,'2017-06-29 11:34:37'),(2274,2,31,'13_00','2017-06-30','Clic Corretores',0,0,'2017-06-29 14:41:21'),(2275,2,31,'13_30','2017-06-30','Clic Corretores',0,0,'2017-06-29 14:41:21'),(2276,2,31,'14_00','2017-06-30','Clic Corretores',0,0,'2017-06-29 14:41:21'),(2277,2,31,'14_30','2017-06-30','Clic Corretores',0,0,'2017-06-29 14:41:21'),(2278,2,31,'15_00','2017-06-30','Clic Corretores',0,0,'2017-06-29 14:41:21'),(2279,2,31,'15_30','2017-06-30','Clic Corretores',0,0,'2017-06-29 14:41:21'),(2280,2,31,'16_00','2017-06-30','Clic Corretores',0,0,'2017-06-29 14:41:21'),(2281,2,31,'16_30','2017-06-30','Clic Corretores',0,0,'2017-06-29 14:41:21'),(2282,2,31,'17_00','2017-06-30','Clic Corretores',0,0,'2017-06-29 14:41:21'),(2283,6,31,'14_00','2017-07-04','Clic Corretores',0,0,'2017-06-29 14:42:33'),(2284,6,31,'14_30','2017-07-04','Clic Corretores',0,0,'2017-06-29 14:42:33'),(2285,6,31,'15_00','2017-07-04','Clic Corretores',0,0,'2017-06-29 14:43:31'),(2286,6,31,'15_30','2017-07-04','Clic Corretores',0,0,'2017-06-29 14:43:31'),(2287,6,31,'16_00','2017-07-04','Clic Corretores',0,0,'2017-06-29 14:43:31'),(2288,6,31,'16_30','2017-07-04','Clic Corretores',0,0,'2017-06-29 14:43:31'),(2289,2,7,'9_00','2017-06-30','CEI - NAPI',0,0,'2017-06-29 16:07:16'),(2290,2,7,'9_30','2017-06-30','CEI - NAPI',0,0,'2017-06-29 16:07:16'),(2291,2,7,'10_00','2017-06-30','CEI - NAPI',0,0,'2017-06-29 16:07:16'),(2292,2,7,'10_30','2017-06-30','CEI - NAPI',0,0,'2017-06-29 16:07:16'),(2293,6,8,'13_30','2017-07-12','I9access',1,8,'2017-07-11 22:06:04'),(2294,6,8,'14_00','2017-07-12','I9access',1,8,'2017-07-11 22:06:37'),(2295,6,8,'14_30','2017-07-12','I9access',1,8,'2017-07-11 22:06:30'),(2296,6,8,'15_00','2017-07-12','I9access',1,8,'2017-07-11 22:06:26'),(2297,6,8,'15_30','2017-07-12','I9access',1,8,'2017-07-11 22:06:22'),(2298,6,8,'16_00','2017-07-12','I9access',1,8,'2017-07-11 22:06:18'),(2299,6,8,'16_30','2017-07-12','I9access',1,8,'2017-07-11 22:06:14'),(2300,6,8,'17_00','2017-07-12','I9access',1,8,'2017-07-11 22:06:09'),(2301,6,33,'14_00','2017-07-10','CEI - BPM',0,0,'2017-06-30 12:40:02'),(2302,6,33,'14_30','2017-07-10','CEI - BPM',0,0,'2017-06-30 12:40:02'),(2303,2,7,'15_00','2017-07-07','CEI',1,7,'2017-07-03 12:05:03'),(2304,2,7,'15_30','2017-07-07','CEI',1,7,'2017-07-03 12:05:04'),(2305,2,7,'16_00','2017-07-07','CEI',1,7,'2017-07-03 12:05:05'),(2306,2,7,'16_30','2017-07-07','CEI',1,7,'2017-07-03 12:05:06'),(2307,2,7,'17_00','2017-07-07','CEI',1,7,'2017-07-03 12:05:07'),(2308,6,11,'8_30','2017-07-03','E-AWARE',0,0,'2017-07-03 11:46:28'),(2309,6,11,'9_00','2017-07-03','E-AWARE',0,0,'2017-07-03 11:46:28'),(2310,6,11,'9_30','2017-07-03','E-AWARE',0,0,'2017-07-03 11:46:28'),(2311,6,11,'10_00','2017-07-03','E-AWARE',0,0,'2017-07-03 11:46:28'),(2312,2,27,'14_30','2017-07-07','NSCAD',0,0,'2017-07-03 12:06:32'),(2313,2,27,'15_00','2017-07-07','NSCAD',0,0,'2017-07-03 12:06:32'),(2314,2,27,'15_30','2017-07-07','NSCAD',0,0,'2017-07-03 12:06:32'),(2315,2,27,'16_00','2017-07-07','NSCAD',0,0,'2017-07-03 12:06:32'),(2316,2,27,'16_30','2017-07-07','NSCAD',0,0,'2017-07-03 12:06:32'),(2317,2,27,'17_00','2017-07-07','NSCAD',0,0,'2017-07-03 12:06:32'),(2318,6,7,'14_00','2017-07-07','CEI',0,0,'2017-07-03 12:07:57'),(2319,6,7,'14_30','2017-07-07','CEI',0,0,'2017-07-03 12:07:57'),(2320,6,7,'15_00','2017-07-07','CEI',0,0,'2017-07-03 12:07:57'),(2321,6,27,'8_30','2017-07-06','NSCAD',1,27,'2017-07-06 13:21:17'),(2322,6,27,'9_00','2017-07-06','NSCAD',1,27,'2017-07-06 13:21:22'),(2323,6,27,'9_30','2017-07-06','NSCAD',1,27,'2017-07-06 13:21:25'),(2324,6,27,'10_00','2017-07-06','NSCAD',1,27,'2017-07-06 13:21:29'),(2325,6,27,'10_30','2017-07-06','NSCAD',1,27,'2017-07-06 13:21:33'),(2326,6,27,'11_00','2017-07-06','NSCAD',1,27,'2017-07-06 13:21:39'),(2327,6,10,'14_00','2017-07-03','AEGRO',0,0,'2017-07-03 16:42:12'),(2328,6,10,'14_30','2017-07-03','AEGRO',0,0,'2017-07-03 16:42:12'),(2329,6,10,'15_00','2017-07-03','AEGRO',0,0,'2017-07-03 16:42:12'),(2330,6,10,'15_30','2017-07-03','AEGRO',0,0,'2017-07-03 16:42:12'),(2331,2,20,'14_30','2017-07-03','',0,0,'2017-07-03 17:14:39'),(2332,2,20,'15_00','2017-07-03','',0,0,'2017-07-03 17:14:39'),(2333,2,20,'15_30','2017-07-03','',0,0,'2017-07-03 17:14:39'),(2334,2,20,'16_00','2017-07-03','',0,0,'2017-07-03 17:14:39'),(2335,2,6,'13_30','2017-07-04','CEI',0,0,'2017-07-04 12:07:45'),(2336,2,6,'14_00','2017-07-04','CEI',0,0,'2017-07-04 12:07:45'),(2337,2,6,'14_30','2017-07-04','CEI',0,0,'2017-07-04 12:07:45'),(2338,2,6,'15_00','2017-07-04','CEI',0,0,'2017-07-04 12:07:45'),(2339,6,20,'9_30','2017-07-04','ARBRA',0,0,'2017-07-04 12:23:34'),(2340,6,20,'10_00','2017-07-04','ARBRA',0,0,'2017-07-04 12:23:34'),(2341,6,20,'10_30','2017-07-04','ARBRA',0,0,'2017-07-04 12:23:34'),(2342,6,20,'11_00','2017-07-04','ARBRA',0,0,'2017-07-04 12:51:42'),(2343,6,20,'11_30','2017-07-04','ARBRA',0,0,'2017-07-04 12:51:42'),(2344,2,20,'15_30','2017-07-04','ARBRA',0,0,'2017-07-04 12:57:19'),(2345,2,20,'16_00','2017-07-04','ARBRA',0,0,'2017-07-04 12:57:19'),(2346,2,24,'10_30','2017-07-04','AlphaVikings',0,0,'2017-07-04 13:08:43'),(2347,2,24,'11_00','2017-07-04','AlphaVikings',0,0,'2017-07-04 13:08:43'),(2348,2,27,'13_30','2017-07-07','NSCAD',0,0,'2017-07-04 17:39:10'),(2349,2,27,'14_00','2017-07-07','NSCAD',0,0,'2017-07-04 17:39:10'),(2350,6,27,'10_00','2017-07-05','NSCAD',0,0,'2017-07-05 12:54:46'),(2351,6,27,'10_30','2017-07-05','NSCAD',0,0,'2017-07-05 12:54:46'),(2352,6,27,'11_00','2017-07-05','NSCAD',0,0,'2017-07-05 12:54:46'),(2353,6,20,'8_30','2017-07-07','ARBRA',0,0,'2017-07-05 13:08:31'),(2354,6,20,'9_00','2017-07-07','ARBRA',0,0,'2017-07-05 13:08:31'),(2355,6,20,'9_30','2017-07-07','ARBRA',0,0,'2017-07-05 13:08:31'),(2356,6,20,'10_00','2017-07-07','ARBRA',0,0,'2017-07-05 13:08:31'),(2357,6,20,'10_30','2017-07-07','ARBRA',0,0,'2017-07-05 13:08:31'),(2358,2,27,'13_30','2017-07-05','NSCAD',0,0,'2017-07-05 16:07:46'),(2359,2,27,'14_00','2017-07-05','NSCAD',0,0,'2017-07-05 16:07:46'),(2360,2,27,'14_30','2017-07-05','NSCAD',0,0,'2017-07-05 16:07:46'),(2361,6,13,'14_30','2017-07-05','BEEIT',0,0,'2017-07-05 18:13:12'),(2362,6,13,'15_00','2017-07-05','BEEIT',0,0,'2017-07-05 18:13:12'),(2363,6,13,'15_30','2017-07-05','BEEIT',0,0,'2017-07-05 18:13:12'),(2364,6,13,'16_00','2017-07-05','BEEIT',0,0,'2017-07-05 18:13:12'),(2365,2,7,'8_30','2017-07-06','CEI',1,7,'2017-07-05 20:06:02'),(2366,2,7,'9_00','2017-07-06','CEI',1,7,'2017-07-05 20:06:03'),(2367,2,7,'9_30','2017-07-06','CEI',1,7,'2017-07-05 20:06:05'),(2368,2,7,'10_00','2017-07-06','CEI',1,7,'2017-07-05 20:06:07'),(2369,2,7,'10_30','2017-07-06','CEI',1,7,'2017-07-05 20:06:09'),(2370,2,7,'11_00','2017-07-06','CEI',1,7,'2017-07-05 20:06:11'),(2371,2,7,'11_30','2017-07-06','CEI',1,7,'2017-07-05 20:06:13'),(2372,2,7,'8_30','2017-07-06','Bee IT',0,0,'2017-07-05 20:06:23'),(2373,2,7,'9_00','2017-07-06','Bee IT',0,0,'2017-07-05 20:06:23'),(2374,2,7,'9_30','2017-07-06','Bee IT',0,0,'2017-07-05 20:06:23'),(2375,2,7,'10_00','2017-07-06','Bee IT',0,0,'2017-07-05 20:06:23'),(2376,2,7,'10_30','2017-07-06','Bee IT',0,0,'2017-07-05 20:06:23'),(2377,2,7,'11_00','2017-07-06','Bee IT',0,0,'2017-07-05 20:06:23'),(2378,2,7,'11_30','2017-07-06','Bee IT',0,0,'2017-07-05 20:06:23'),(2379,6,22,'11_30','2017-07-06','Mconf Tecnologia',1,7,'2017-07-06 13:30:36'),(2380,6,7,'11_00','2017-07-06','MConf ',0,0,'2017-07-06 13:30:48'),(2381,6,27,'13_00','2017-07-06','NSCAD',1,27,'2017-07-06 16:00:55'),(2382,6,27,'13_30','2017-07-06','NSCAD',1,27,'2017-07-06 16:01:00'),(2383,6,27,'14_00','2017-07-06','NSCAD',1,27,'2017-07-06 16:01:05'),(2384,6,27,'14_30','2017-07-06','NSCAD',1,27,'2017-07-06 16:01:48'),(2385,6,27,'15_00','2017-07-06','NSCAD',1,27,'2017-07-06 16:01:52'),(2386,6,27,'15_30','2017-07-06','NSCAD',1,27,'2017-07-06 16:01:56'),(2387,6,27,'16_00','2017-07-06','NSCAD',1,27,'2017-07-06 16:02:00'),(2388,2,21,'15_00','2017-07-06','Endeeper',1,7,'2017-07-06 17:41:58'),(2389,2,21,'15_30','2017-07-06','Endeeper',1,7,'2017-07-06 17:42:01'),(2390,2,21,'16_00','2017-07-06','Endeeper',1,7,'2017-07-06 17:42:04'),(2391,2,21,'16_30','2017-07-06','Endeeper',1,7,'2017-07-06 17:42:06'),(2392,2,13,'12_00','2017-07-06','BEEIT',0,0,'2017-07-06 15:43:09'),(2393,2,13,'12_30','2017-07-06','BEEIT',0,0,'2017-07-06 15:43:09'),(2394,2,13,'13_00','2017-07-06','BEEIT',0,0,'2017-07-06 15:43:09'),(2395,2,13,'13_30','2017-07-06','BEEIT',0,0,'2017-07-06 15:43:09'),(2396,2,13,'14_00','2017-07-06','BEEIT',0,0,'2017-07-06 15:43:09'),(2397,2,13,'14_30','2017-07-06','BEEIT',0,0,'2017-07-06 15:43:09'),(2398,6,7,'14_30','2017-07-06','Endepeer',0,0,'2017-07-06 17:41:49'),(2399,6,7,'15_00','2017-07-06','Endepeer',0,0,'2017-07-06 17:41:49'),(2400,6,7,'15_30','2017-07-06','Endepeer',0,0,'2017-07-06 17:41:49'),(2401,6,7,'16_00','2017-07-06','Endepeer',0,0,'2017-07-06 17:41:49'),(2402,6,7,'16_30','2017-07-06','Endepeer',0,0,'2017-07-06 17:41:49'),(2403,2,13,'13_30','2017-07-10','BEEIT',0,0,'2017-07-06 18:23:33'),(2404,2,13,'14_00','2017-07-10','BEEIT',0,0,'2017-07-06 18:23:33'),(2405,2,13,'14_30','2017-07-10','BEEIT',0,0,'2017-07-06 18:23:33'),(2406,2,13,'15_00','2017-07-10','BEEIT',0,0,'2017-07-06 18:23:33'),(2407,2,13,'15_30','2017-07-10','BEEIT',0,0,'2017-07-06 18:23:33'),(2408,6,13,'11_00','2017-07-07','BEEIT',0,0,'2017-07-06 19:19:57'),(2409,6,13,'11_30','2017-07-07','BEEIT',0,0,'2017-07-06 19:19:57'),(2410,6,13,'12_00','2017-07-07','BEEIT',0,0,'2017-07-06 19:19:57'),(2411,6,13,'12_30','2017-07-07','BEEIT',0,0,'2017-07-06 19:19:57'),(2412,6,13,'13_00','2017-07-07','BEEIT',0,0,'2017-07-06 19:19:57'),(2413,6,13,'13_30','2017-07-07','BEEIT',0,0,'2017-07-06 19:19:57'),(2414,2,27,'17_00','2017-07-06','NSCAD',1,27,'2017-07-06 19:40:11'),(2415,2,12,'8_30','2017-07-07','Cognitiva',0,0,'2017-07-07 11:25:49'),(2416,6,7,'8_30','2017-07-10','CEI - Cleber Inf',0,0,'2017-07-07 14:53:16'),(2417,6,7,'9_00','2017-07-10','CEI - Cleber Inf',0,0,'2017-07-07 14:53:16'),(2418,6,7,'9_30','2017-07-10','CEI - Cleber Inf',0,0,'2017-07-07 14:53:16'),(2419,6,7,'10_00','2017-07-10','CEI - Cleber Inf',0,0,'2017-07-07 14:53:16'),(2420,6,7,'10_30','2017-07-10','CEI - Cleber Inf',0,0,'2017-07-07 14:53:16'),(2421,6,7,'11_00','2017-07-10','CEI - Cleber Inf',0,0,'2017-07-07 14:53:16'),(2422,6,7,'11_30','2017-07-10','CEI - Cleber Inf',0,0,'2017-07-07 14:53:16'),(2423,6,10,'10_00','2017-07-11','AEGRO',0,0,'2017-07-07 17:11:06'),(2424,6,10,'10_30','2017-07-11','AEGRO',0,0,'2017-07-07 17:11:06'),(2425,6,10,'11_00','2017-07-11','AEGRO',0,0,'2017-07-07 17:11:06'),(2426,6,10,'11_30','2017-07-11','AEGRO',0,0,'2017-07-07 17:11:06'),(2427,6,10,'12_00','2017-07-11','AEGRO',0,0,'2017-07-07 17:11:06'),(2428,6,10,'12_30','2017-07-11','AEGRO',0,0,'2017-07-07 17:11:06'),(2429,6,10,'13_00','2017-07-11','AEGRO',0,0,'2017-07-07 17:11:06'),(2430,6,10,'13_30','2017-07-11','AEGRO',0,0,'2017-07-07 17:11:06'),(2431,6,10,'14_00','2017-07-11','AEGRO',1,6,'2017-07-11 17:03:23'),(2432,6,10,'14_30','2017-07-11','AEGRO',1,6,'2017-07-11 17:03:24'),(2433,6,10,'15_00','2017-07-11','AEGRO',1,6,'2017-07-11 17:03:25'),(2434,6,10,'15_30','2017-07-11','AEGRO',1,6,'2017-07-11 17:03:27'),(2435,6,10,'16_00','2017-07-11','AEGRO',1,6,'2017-07-11 17:03:28'),(2436,6,10,'16_30','2017-07-11','AEGRO',1,6,'2017-07-11 17:03:29'),(2437,6,10,'17_00','2017-07-11','AEGRO',1,6,'2017-07-11 17:03:30'),(2438,6,10,'10_00','2017-07-12','AEGRO',0,0,'2017-07-07 17:11:26'),(2439,6,10,'10_30','2017-07-12','AEGRO',0,0,'2017-07-07 17:11:26'),(2440,6,10,'11_00','2017-07-12','AEGRO',0,0,'2017-07-07 17:11:26'),(2441,6,10,'11_30','2017-07-12','AEGRO',0,0,'2017-07-07 17:11:26'),(2442,6,10,'12_00','2017-07-12','AEGRO',0,0,'2017-07-07 17:11:26'),(2443,6,10,'12_30','2017-07-12','AEGRO',0,0,'2017-07-07 17:11:26'),(2444,2,10,'13_00','2017-07-12','AEGRO',0,0,'2017-07-07 17:11:42'),(2445,2,10,'13_30','2017-07-12','AEGRO',0,0,'2017-07-07 17:11:42'),(2446,2,10,'14_00','2017-07-12','AEGRO',0,0,'2017-07-07 17:11:42'),(2447,2,10,'14_30','2017-07-12','AEGRO',0,0,'2017-07-07 17:11:42'),(2448,2,10,'15_00','2017-07-12','AEGRO',0,0,'2017-07-07 17:11:42'),(2449,2,10,'15_30','2017-07-12','AEGRO',0,0,'2017-07-07 17:11:42'),(2450,2,10,'16_00','2017-07-12','AEGRO',0,0,'2017-07-07 17:11:42'),(2451,2,10,'16_30','2017-07-12','AEGRO',0,0,'2017-07-07 17:11:42'),(2452,2,10,'17_00','2017-07-12','AEGRO',0,0,'2017-07-07 17:11:42'),(2453,2,27,'9_00','2017-07-12','NSCAD',0,0,'2017-07-07 17:53:44'),(2454,2,27,'10_30','2017-07-12','NSCAD',0,0,'2017-07-07 17:53:59'),(2455,2,27,'11_00','2017-07-12','NSCAD',0,0,'2017-07-07 17:53:59'),(2456,2,27,'11_30','2017-07-12','NSCAD',0,0,'2017-07-07 17:53:59'),(2457,2,20,'11_00','2017-07-10','Arbra',0,0,'2017-07-10 14:07:01'),(2458,2,20,'11_30','2017-07-10','Arbra',0,0,'2017-07-10 14:07:01'),(2459,6,20,'15_00','2017-07-10','Arbra',0,0,'2017-07-10 17:16:45'),(2460,6,20,'15_30','2017-07-10','Arbra',0,0,'2017-07-10 17:16:45'),(2461,6,20,'16_00','2017-07-10','Arbra',0,0,'2017-07-10 17:16:45'),(2462,6,22,'16_30','2017-07-10','Mconf Tecnologia',0,0,'2017-07-10 19:39:35'),(2463,6,22,'17_00','2017-07-10','Mconf Tecnologia',0,0,'2017-07-10 19:39:35'),(2464,2,13,'10_30','2017-07-11','BEEIT',0,0,'2017-07-11 13:59:42'),(2465,2,13,'11_00','2017-07-11','BEEIT',0,0,'2017-07-11 13:59:42'),(2466,2,13,'11_30','2017-07-11','BEEIT',0,0,'2017-07-11 13:59:42'),(2467,6,6,'14_00','2017-07-11','CEI',0,0,'2017-07-11 17:03:41'),(2468,6,6,'14_30','2017-07-11','CEI',0,0,'2017-07-11 17:03:41'),(2469,6,6,'15_00','2017-07-11','CEI',0,0,'2017-07-11 17:03:41'),(2470,2,6,'14_30','2017-07-11','Endeeper',0,0,'2017-07-11 18:05:31'),(2471,2,6,'15_00','2017-07-11','Endeeper',0,0,'2017-07-11 18:05:31'),(2472,2,6,'15_30','2017-07-11','Endeeper',0,0,'2017-07-11 18:05:31'),(2473,2,6,'16_00','2017-07-11','Endeeper',0,0,'2017-07-11 18:05:31'),(2474,2,6,'16_30','2017-07-11','Endeeper',0,0,'2017-07-11 18:05:31'),(2475,2,6,'17_00','2017-07-11','Endeeper',0,0,'2017-07-11 18:05:31'),(2476,6,6,'15_30','2017-07-11','CEI',0,0,'2017-07-11 18:05:56'),(2477,6,6,'16_00','2017-07-11','CEI',0,0,'2017-07-11 18:05:56'),(2478,6,6,'16_30','2017-07-11','CEI',0,0,'2017-07-11 18:05:56'),(2479,6,6,'17_00','2017-07-11','CEI',0,0,'2017-07-11 18:05:56'),(2480,6,8,'8_30','2017-07-14','i9access',0,0,'2017-07-11 22:04:52'),(2481,6,8,'9_00','2017-07-14','i9access',0,0,'2017-07-11 22:04:52'),(2482,6,8,'9_30','2017-07-14','i9access',0,0,'2017-07-11 22:04:52'),(2483,6,8,'10_00','2017-07-14','i9access',0,0,'2017-07-11 22:04:52'),(2484,6,8,'10_30','2017-07-14','i9access',0,0,'2017-07-11 22:04:52'),(2485,6,8,'11_00','2017-07-14','i9access',0,0,'2017-07-11 22:04:52'),(2486,6,8,'11_30','2017-07-14','i9access',0,0,'2017-07-11 22:04:52'),(2487,6,8,'12_00','2017-07-14','i9access',0,0,'2017-07-11 22:04:52'),(2488,6,8,'12_30','2017-07-14','i9access',0,0,'2017-07-11 22:04:52'),(2489,6,8,'13_00','2017-07-14','i9access',0,0,'2017-07-11 22:04:52'),(2490,6,8,'13_30','2017-07-14','i9access',0,0,'2017-07-11 22:04:52'),(2491,6,11,'14_00','2017-07-12','E-AWARE',0,0,'2017-07-12 16:24:16'),(2492,6,11,'14_30','2017-07-12','E-AWARE',0,0,'2017-07-12 16:24:16'),(2493,6,11,'15_00','2017-07-12','E-AWARE',0,0,'2017-07-12 16:24:16'),(2494,2,27,'9_00','2017-07-24','NSCAD',0,0,'2017-07-12 16:24:32'),(2495,2,27,'9_30','2017-07-24','NSCAD',0,0,'2017-07-12 16:24:32'),(2496,2,27,'10_00','2017-07-24','NSCAD',0,0,'2017-07-12 16:24:32'),(2497,2,27,'10_30','2017-07-24','NSCAD',0,0,'2017-07-12 16:24:32'),(2498,2,27,'11_00','2017-07-24','NSCAD',0,0,'2017-07-12 16:24:32'),(2499,2,27,'11_30','2017-07-24','NSCAD',0,0,'2017-07-12 16:24:32'),(2500,23,33,'14_00','2017-07-12','Mabília',1,33,'2017-07-12 17:15:24'),(2501,23,33,'14_30','2017-07-12','Mabília',1,33,'2017-07-12 17:15:26'),(2502,2,33,'13_00','2017-07-14','Mabília',0,0,'2017-07-12 16:56:50'),(2503,2,33,'13_30','2017-07-14','Mabília',0,0,'2017-07-12 16:56:50'),(2504,6,13,'10_00','2017-07-17','BEEIT',0,0,'2017-07-12 17:44:07'),(2505,6,13,'10_30','2017-07-17','BEEIT',0,0,'2017-07-12 17:44:07'),(2506,6,13,'11_00','2017-07-17','BEEIT',0,0,'2017-07-12 17:44:07'),(2507,6,13,'11_30','2017-07-17','BEEIT',0,0,'2017-07-12 17:44:07'),(2508,6,13,'12_00','2017-07-17','BEEIT',0,0,'2017-07-12 17:44:07'),(2509,6,33,'16_30','2017-07-12','Endeeper',0,0,'2017-07-12 19:43:19'),(2510,6,33,'17_00','2017-07-12','Endeeper',0,0,'2017-07-12 19:43:19'),(2511,6,33,'15_00','2017-07-17','CEI - BPM',0,0,'2017-07-13 14:44:15'),(2512,6,33,'15_30','2017-07-17','CEI - BPM',0,0,'2017-07-13 14:44:15'),(2513,6,33,'16_00','2017-07-17','CEI - BPM',0,0,'2017-07-13 14:44:15'),(2514,2,22,'15_00','2017-07-13','Mconf Tecnologia',0,0,'2017-07-13 16:55:23'),(2515,2,22,'15_30','2017-07-13','Mconf Tecnologia',0,0,'2017-07-13 16:55:23'),(2516,2,31,'14_30','2017-07-13','Clic Corretores',0,0,'2017-07-13 17:16:24'),(2517,2,31,'14_00','2017-07-13','Clic Corretores',0,0,'2017-07-13 17:16:45'),(2518,2,31,'16_00','2017-07-13','Clic Corretores',0,0,'2017-07-13 17:22:37'),(2519,2,31,'16_30','2017-07-13','Clic Corretores',0,0,'2017-07-13 17:22:37'),(2520,2,31,'17_00','2017-07-13','Clic Corretores',0,0,'2017-07-13 17:22:37'),(2521,2,6,'14_00','2017-07-14','CEI',0,0,'2017-07-13 17:22:49'),(2522,2,6,'14_30','2017-07-14','CEI',0,0,'2017-07-13 17:22:49'),(2523,2,6,'15_00','2017-07-14','CEI',0,0,'2017-07-13 17:22:49'),(2524,6,33,'15_30','2017-07-21','Luciana -Creare',0,0,'2017-07-13 18:14:26'),(2525,6,33,'16_00','2017-07-21','Luciana -Creare',0,0,'2017-07-13 18:14:26'),(2526,6,24,'14_30','2017-07-19','AlphaVikings',0,0,'2017-07-13 20:35:13'),(2527,6,24,'15_00','2017-07-19','AlphaVikings',0,0,'2017-07-13 20:35:13'),(2528,6,24,'15_30','2017-07-19','AlphaVikings',0,0,'2017-07-13 20:35:13'),(2529,6,22,'14_00','2017-07-17','Mconf Tecnologia',0,0,'2017-07-14 01:47:55'),(2530,6,22,'14_30','2017-07-17','Mconf Tecnologia',0,0,'2017-07-14 01:47:55'),(2531,2,12,'9_00','2017-07-14','Cognitiva ',0,0,'2017-07-14 11:48:48'),(2532,2,20,'14_00','2017-07-17','ARBRA',0,0,'2017-07-17 14:05:11'),(2533,2,20,'14_30','2017-07-17','ARBRA',0,0,'2017-07-17 14:05:11'),(2534,2,20,'15_00','2017-07-17','ARBRA',0,0,'2017-07-17 14:05:11'),(2535,2,20,'15_30','2017-07-17','ARBRA',0,0,'2017-07-17 14:05:11'),(2536,2,20,'16_00','2017-07-17','ARBRA',0,0,'2017-07-17 14:05:11'),(2537,2,20,'16_30','2017-07-17','ARBRA',0,0,'2017-07-17 14:05:11'),(2538,2,20,'9_00','2017-07-18','Arbra',1,20,'2017-07-17 15:30:23'),(2539,2,20,'9_30','2017-07-18','Arbra',1,20,'2017-07-17 15:30:26'),(2540,2,20,'10_00','2017-07-18','Arbra',1,20,'2017-07-17 15:30:29'),(2541,2,20,'10_30','2017-07-18','Arbra',1,20,'2017-07-17 15:30:33'),(2542,2,20,'11_00','2017-07-18','Arbra',1,20,'2017-07-17 15:30:19'),(2543,2,20,'11_30','2017-07-18','Arbra',1,20,'2017-07-17 15:30:16'),(2544,2,20,'12_00','2017-07-18','Arbra',1,20,'2017-07-17 15:30:12'),(2545,2,20,'12_30','2017-07-18','Arbra',1,20,'2017-07-17 15:30:09'),(2546,2,20,'13_00','2017-07-18','Arbra',0,0,'2017-07-17 15:29:36'),(2547,2,20,'13_30','2017-07-18','Arbra',0,0,'2017-07-17 15:29:36'),(2548,2,20,'14_00','2017-07-18','Arbra',0,0,'2017-07-17 15:29:36'),(2549,2,20,'14_30','2017-07-18','Arbra',0,0,'2017-07-17 15:29:36'),(2550,2,20,'15_00','2017-07-18','Arbra',0,0,'2017-07-17 15:29:36'),(2551,2,20,'15_30','2017-07-18','Arbra',0,0,'2017-07-17 15:29:36'),(2552,2,20,'16_00','2017-07-18','Arbra',0,0,'2017-07-17 15:29:36'),(2553,2,20,'16_30','2017-07-18','Arbra',0,0,'2017-07-17 15:29:36'),(2554,6,20,'9_00','2017-07-18','Arbra',0,0,'2017-07-17 15:30:58'),(2555,6,20,'9_30','2017-07-18','Arbra',0,0,'2017-07-17 15:30:58'),(2556,6,20,'10_00','2017-07-18','Arbra',0,0,'2017-07-17 15:30:58'),(2557,6,20,'10_30','2017-07-18','Arbra',0,0,'2017-07-17 15:30:58'),(2558,6,20,'11_00','2017-07-18','Arbra',0,0,'2017-07-17 15:30:58'),(2559,6,20,'11_30','2017-07-18','Arbra',0,0,'2017-07-17 15:30:58'),(2560,6,20,'12_00','2017-07-18','Arbra',0,0,'2017-07-17 15:30:58'),(2561,6,20,'8_30','2017-07-19','Arbra',0,0,'2017-07-17 15:32:05'),(2562,6,20,'9_00','2017-07-19','Arbra',0,0,'2017-07-17 15:32:05'),(2563,6,20,'9_30','2017-07-19','Arbra',0,0,'2017-07-17 15:32:05'),(2564,6,20,'10_00','2017-07-19','Arbra',0,0,'2017-07-17 15:32:05'),(2565,6,20,'10_30','2017-07-19','Arbra',0,0,'2017-07-17 15:32:05'),(2566,6,20,'11_00','2017-07-19','Arbra',0,0,'2017-07-17 15:32:05'),(2567,6,20,'11_30','2017-07-19','Arbra',1,20,'2017-07-20 13:13:05'),(2568,6,20,'12_00','2017-07-19','Arbra',1,20,'2017-07-20 13:13:09'),(2569,6,20,'12_30','2017-07-19','Arbra',1,20,'2017-07-20 13:13:13'),(2570,6,20,'13_00','2017-07-19','Arbra',0,0,'2017-07-17 15:32:05'),(2571,6,20,'13_30','2017-07-19','Arbra',0,0,'2017-07-17 15:32:05'),(2572,6,20,'14_00','2017-07-19','Arbra',0,0,'2017-07-17 15:32:05'),(2573,6,20,'8_30','2017-07-20','Arbra',0,0,'2017-07-17 15:32:36'),(2574,6,20,'9_00','2017-07-20','Arbra',0,0,'2017-07-17 15:32:36'),(2575,6,20,'9_30','2017-07-20','Arbra',0,0,'2017-07-17 15:32:36'),(2576,6,20,'10_00','2017-07-20','Arbra',0,0,'2017-07-17 15:32:36'),(2577,6,20,'10_30','2017-07-20','Arbra',0,0,'2017-07-17 15:32:36'),(2578,6,20,'11_00','2017-07-20','Arbra',0,0,'2017-07-17 15:32:36'),(2579,6,20,'11_30','2017-07-20','Arbra',1,20,'2017-07-20 13:14:08'),(2580,6,20,'12_00','2017-07-20','Arbra',1,20,'2017-07-20 13:14:18'),(2581,6,20,'12_30','2017-07-20','Arbra',1,20,'2017-07-20 13:14:28'),(2582,6,20,'13_00','2017-07-20','Arbra',1,20,'2017-07-20 13:14:37'),(2583,6,20,'13_30','2017-07-20','Arbra',1,20,'2017-07-20 13:14:45'),(2584,6,20,'14_00','2017-07-20','Arbra',1,20,'2017-07-20 13:12:27'),(2585,6,20,'14_30','2017-07-20','Arbra',1,20,'2017-07-20 13:12:34'),(2586,6,20,'15_00','2017-07-20','Arbra',1,20,'2017-07-20 13:12:44'),(2587,6,20,'15_30','2017-07-20','Arbra',1,20,'2017-07-20 13:12:50'),(2588,6,20,'16_00','2017-07-20','Arbra',1,20,'2017-07-20 13:12:09'),(2589,2,33,'12_00','2017-07-17','I9',0,0,'2017-07-17 15:43:43'),(2590,2,33,'12_30','2017-07-17','I9',0,0,'2017-07-17 15:43:43'),(2591,2,33,'13_00','2017-07-17','I9',0,0,'2017-07-17 15:43:43'),(2592,2,33,'13_30','2017-07-17','I9',0,0,'2017-07-17 15:43:43'),(2593,6,20,'14_00','2017-07-21','ARBRA',0,0,'2017-07-17 19:47:34'),(2594,6,20,'14_30','2017-07-21','ARBRA',0,0,'2017-07-17 19:47:34'),(2595,6,20,'15_00','2017-07-21','ARBRA',0,0,'2017-07-17 19:47:34'),(2596,2,34,'11_30','2017-07-18','Mconf',0,0,'2017-07-17 20:05:02'),(2597,2,34,'12_00','2017-07-18','Mconf',0,0,'2017-07-17 20:05:02'),(2598,2,6,'10_00','2017-07-18','Aegro',0,0,'2017-07-18 12:59:34'),(2599,2,6,'10_30','2017-07-18','Aegro',0,0,'2017-07-18 12:59:34'),(2600,2,6,'11_00','2017-07-18','Aegro',0,0,'2017-07-18 12:59:34'),(2601,2,34,'14_30','2017-07-20','Mconf Tecnologia ',0,0,'2017-07-18 13:21:31'),(2602,2,34,'15_00','2017-07-20','Mconf Tecnologia ',0,0,'2017-07-18 13:21:31'),(2603,2,34,'15_30','2017-07-20','Mconf Tecnologia ',0,0,'2017-07-18 13:21:31'),(2604,2,34,'16_00','2017-07-20','Mconf Tecnologia ',0,0,'2017-07-18 13:21:31'),(2605,2,34,'16_30','2017-07-20','Mconf Tecnologia ',0,0,'2017-07-18 13:21:31'),(2606,2,24,'9_00','2017-07-20','AlphaVikings',0,0,'2017-07-18 15:32:29'),(2607,2,24,'9_30','2017-07-20','AlphaVikings',0,0,'2017-07-18 15:32:29'),(2608,2,24,'10_00','2017-07-20','AlphaVikings',0,0,'2017-07-18 15:32:29'),(2609,2,24,'10_30','2017-07-20','AlphaVikings',0,0,'2017-07-18 15:32:29'),(2610,2,24,'11_00','2017-07-20','AlphaVikings',0,0,'2017-07-18 15:32:29'),(2611,2,24,'11_30','2017-07-20','AlphaVikings',0,0,'2017-07-18 15:32:29'),(2612,2,24,'12_00','2017-07-20','AlphaVikings',0,0,'2017-07-18 15:32:29'),(2613,2,24,'12_30','2017-07-20','AlphaVikings',0,0,'2017-07-18 15:32:29'),(2614,6,24,'16_00','2017-07-19','AlphaVikings',0,0,'2017-07-18 15:32:46'),(2615,6,24,'16_30','2017-07-19','AlphaVikings',0,0,'2017-07-18 15:32:46'),(2616,6,24,'17_00','2017-07-19','AlphaVikings',0,0,'2017-07-18 15:32:46'),(2617,2,24,'10_30','2017-07-19','AlphaVikings',0,0,'2017-07-18 15:33:17'),(2618,2,24,'11_00','2017-07-19','AlphaVikings',0,0,'2017-07-18 15:33:17'),(2619,2,24,'11_30','2017-07-19','AlphaVikings',0,0,'2017-07-18 15:33:17'),(2620,2,24,'12_00','2017-07-19','AlphaVikings',0,0,'2017-07-18 15:33:17'),(2621,2,24,'12_30','2017-07-19','AlphaVikings',0,0,'2017-07-18 15:33:17'),(2622,2,24,'14_00','2017-07-19','AlphaVikings',1,24,'2017-07-18 15:33:35'),(2623,2,24,'14_30','2017-07-19','AlphaVikings',1,24,'2017-07-18 15:33:38'),(2624,2,24,'15_00','2017-07-19','AlphaVikings',1,24,'2017-07-18 15:33:41'),(2625,2,24,'15_30','2017-07-19','AlphaVikings',1,24,'2017-07-18 15:33:47'),(2626,2,24,'16_00','2017-07-19','AlphaVikings',1,24,'2017-07-18 15:33:50'),(2627,2,24,'16_30','2017-07-19','AlphaVikings',1,24,'2017-07-18 15:33:55'),(2628,2,24,'17_00','2017-07-19','AlphaVikings',1,24,'2017-07-18 15:33:59'),(2629,6,33,'14_00','2017-07-18','cei',0,0,'2017-07-18 16:57:54'),(2630,6,33,'14_30','2017-07-18','cei',0,0,'2017-07-18 16:57:54'),(2631,6,33,'15_00','2017-07-18','cei',0,0,'2017-07-18 16:57:54'),(2632,2,10,'14_00','2017-07-19','AEGRO',0,0,'2017-07-19 14:04:01'),(2633,2,10,'14_30','2017-07-19','AEGRO',0,0,'2017-07-19 14:04:01'),(2634,2,10,'15_00','2017-07-19','AEGRO',0,0,'2017-07-19 14:04:01'),(2635,2,10,'15_30','2017-07-19','AEGRO',0,0,'2017-07-19 14:04:01'),(2636,2,10,'16_00','2017-07-19','AEGRO',0,0,'2017-07-19 14:04:01'),(2637,2,10,'16_30','2017-07-19','AEGRO',0,0,'2017-07-19 14:04:01'),(2638,2,24,'13_00','2017-07-20','AlphaVikings',1,24,'2017-07-20 15:03:38'),(2639,6,24,'14_00','2017-07-20','AlphaVikings',0,0,'2017-07-20 15:03:50'),(2640,6,24,'14_30','2017-07-20','AlphaVikings',0,0,'2017-07-20 15:03:50'),(2641,6,24,'15_00','2017-07-20','AlphaVikings',0,0,'2017-07-20 15:03:50'),(2642,6,24,'15_30','2017-07-20','AlphaVikings',0,0,'2017-07-20 15:03:50'),(2643,6,24,'16_00','2017-07-20','AlphaVikings',0,0,'2017-07-20 15:03:50'),(2644,6,24,'16_30','2017-07-20','AlphaVikings',0,0,'2017-07-20 15:03:50'),(2645,2,34,'11_00','2017-07-25','Mconf Tecnologia',1,34,'2017-07-20 21:13:08'),(2646,2,34,'14_00','2017-07-27','Mconf Tecnologia',1,34,'2017-07-20 21:13:18'),(2647,6,34,'11_00','2017-07-25','Mconf Tecnologia',0,0,'2017-07-20 21:13:13'),(2648,6,34,'14_00','2017-07-27','Mconf Tecnologia',0,0,'2017-07-20 21:13:24'),(2649,6,6,'13_00','2017-08-03','CEI',0,0,'2017-07-21 15:43:37'),(2650,6,6,'13_30','2017-08-03','CEI',0,0,'2017-07-21 15:43:37'),(2651,6,6,'14_00','2017-08-03','CEI',0,0,'2017-07-21 15:43:37'),(2652,6,6,'14_30','2017-08-03','CEI',0,0,'2017-07-21 15:43:37'),(2653,6,6,'15_00','2017-08-03','CEI',0,0,'2017-07-21 15:43:37'),(2654,6,11,'9_00','2017-07-24','E',0,0,'2017-07-24 11:58:15'),(2655,6,11,'9_30','2017-07-24','E',0,0,'2017-07-24 11:58:15'),(2656,6,11,'10_00','2017-07-24','E',0,0,'2017-07-24 11:58:15'),(2657,6,11,'10_30','2017-07-24','E',0,0,'2017-07-24 11:58:15'),(2658,2,7,'12_30','2017-07-24','I9',0,0,'2017-07-24 14:03:56'),(2659,2,7,'13_00','2017-07-24','I9',0,0,'2017-07-24 14:03:56'),(2660,2,7,'13_30','2017-07-24','I9',0,0,'2017-07-24 14:03:56'),(2661,6,34,'17_00','2017-07-25','Mconf Tecnologia',0,0,'2017-07-24 23:34:07'),(2662,6,10,'14_00','2017-07-25','AEGRO',0,0,'2017-07-25 13:13:53'),(2663,6,10,'14_30','2017-07-25','AEGRO',0,0,'2017-07-25 13:13:53'),(2664,6,10,'15_00','2017-07-25','AEGRO',0,0,'2017-07-25 13:13:53'),(2665,6,13,'13_00','2017-07-25','BEEIT',0,0,'2017-07-25 14:37:00'),(2666,6,13,'13_30','2017-07-25','BEEIT',0,0,'2017-07-25 14:37:00'),(2667,2,7,'13_00','2017-07-25','CEI',0,0,'2017-07-25 16:45:48'),(2668,2,7,'13_30','2017-07-25','CEI',0,0,'2017-07-25 16:45:48'),(2669,2,7,'14_00','2017-07-25','CEI',0,0,'2017-07-25 16:45:48'),(2670,2,7,'14_30','2017-07-25','CEI',0,0,'2017-07-25 16:45:48'),(2671,2,7,'15_00','2017-07-25','CEI',0,0,'2017-07-25 16:45:58'),(2672,2,7,'15_30','2017-07-25','CEI',0,0,'2017-07-25 16:46:02'),(2673,6,36,'15_30','2017-07-25','I9',0,0,'2017-07-25 17:58:04'),(2674,2,24,'16_00','2017-07-25','AlphaVikings',0,0,'2017-07-25 18:11:51'),(2675,2,24,'16_30','2017-07-25','AlphaVikings',1,36,'2017-07-25 19:36:11'),(2676,2,24,'17_00','2017-07-25','AlphaVikings',1,36,'2017-07-25 19:36:13'),(2677,6,22,'16_00','2017-07-25','Mconf Tecnologia',0,0,'2017-07-25 18:27:37'),(2678,6,22,'16_30','2017-07-25','Mconf Tecnologia',0,0,'2017-07-25 18:27:37'),(2679,6,11,'13_00','2017-07-26','E-AWARE',0,0,'2017-07-26 15:19:45'),(2680,6,11,'13_30','2017-07-26','E-AWARE',0,0,'2017-07-26 15:19:45'),(2681,6,11,'14_00','2017-07-26','E-AWARE',0,0,'2017-07-26 15:19:45'),(2682,6,11,'14_30','2017-07-26','E-AWARE',0,0,'2017-07-26 15:19:45'),(2683,6,11,'15_00','2017-07-26','E-AWARE',0,0,'2017-07-26 15:19:45'),(2684,6,11,'15_30','2017-07-26','E-AWARE',0,0,'2017-07-26 15:19:45'),(2685,6,6,'11_00','2017-08-03','CEI',0,0,'2017-07-27 11:27:37'),(2686,6,6,'11_30','2017-08-03','CEI',0,0,'2017-07-27 11:27:37'),(2687,6,6,'12_00','2017-08-03','CEI',0,0,'2017-07-27 11:27:37'),(2688,6,6,'12_30','2017-08-03','CEI',0,0,'2017-07-27 11:27:37'),(2689,6,11,'10_00','2017-07-27','E-AWARE',0,0,'2017-07-27 12:12:15'),(2690,6,11,'10_30','2017-07-27','E-AWARE',0,0,'2017-07-27 12:12:15'),(2691,6,11,'11_00','2017-07-27','E-AWARE',0,0,'2017-07-27 12:12:15'),(2692,2,6,'13_30','2017-07-27','I9ACCESS',0,0,'2017-07-27 16:10:34'),(2693,2,6,'14_00','2017-07-27','I9ACCESS',0,0,'2017-07-27 16:10:34'),(2694,2,6,'14_30','2017-07-27','I9ACCESS',0,0,'2017-07-27 16:10:34'),(2695,2,6,'15_00','2017-07-27','I9ACCESS',0,0,'2017-07-27 16:10:34'),(2696,6,22,'15_00','2017-07-27','Mconf Tecnologia',0,0,'2017-07-27 17:58:52'),(2697,6,22,'15_30','2017-07-27','Mconf Tecnologia',0,0,'2017-07-27 17:58:52'),(2698,6,11,'10_00','2017-07-31','E-AWARE',0,0,'2017-07-31 12:00:59'),(2699,6,11,'10_30','2017-07-31','E-AWARE',0,0,'2017-07-31 12:00:59'),(2700,6,11,'11_00','2017-07-31','E-AWARE',0,0,'2017-07-31 12:00:59'),(2701,6,11,'11_30','2017-07-31','E-AWARE',0,0,'2017-07-31 12:00:59'),(2702,6,10,'15_30','2017-07-31','AEGRO',0,0,'2017-07-31 17:33:11'),(2703,6,10,'16_00','2017-07-31','AEGRO',0,0,'2017-07-31 17:33:11'),(2704,6,10,'16_30','2017-07-31','AEGRO',0,0,'2017-07-31 17:33:11'),(2705,6,22,'13_00','2017-08-01','Mconf Tecnologia',1,22,'2017-08-01 21:58:51'),(2706,6,22,'13_30','2017-08-01','Mconf Tecnologia',1,22,'2017-08-01 21:58:55'),(2707,6,22,'14_00','2017-08-01','Mconf Tecnologia',1,22,'2017-08-01 21:59:01'),(2708,6,22,'14_30','2017-08-01','Mconf Tecnologia',1,22,'2017-08-01 21:59:04'),(2709,6,12,'9_00','2017-08-01','Cognitiva',0,0,'2017-08-01 11:44:43'),(2710,2,13,'9_30','2017-08-01','beeit',0,0,'2017-08-01 12:31:10'),(2711,2,13,'10_00','2017-08-01','beeit',0,0,'2017-08-01 12:31:10'),(2712,2,20,'13_00','2017-08-01','ARBRA',1,6,'2017-08-01 16:43:50'),(2713,2,20,'13_30','2017-08-01','ARBRA',1,6,'2017-08-01 16:43:46'),(2714,2,20,'14_00','2017-08-01','ARBRA',1,6,'2017-08-01 16:43:43'),(2715,2,20,'14_30','2017-08-01','ARBRA',1,6,'2017-08-01 16:43:41'),(2716,2,20,'15_00','2017-08-01','ARBRA',0,0,'2017-08-01 13:01:27'),(2717,2,20,'15_30','2017-08-01','ARBRA',0,0,'2017-08-01 13:01:27'),(2718,6,10,'10_00','2017-08-01','AEGRO',0,0,'2017-08-01 13:01:29'),(2719,6,10,'10_30','2017-08-01','AEGRO',0,0,'2017-08-01 13:01:29'),(2720,6,10,'11_00','2017-08-01','AEGRO',0,0,'2017-08-01 13:01:29'),(2721,6,6,'15_00','2017-08-01','I9ACCESS',1,36,'2017-08-01 17:22:29'),(2722,6,6,'15_30','2017-08-01','I9ACCESS',1,36,'2017-08-01 17:22:35'),(2723,6,6,'16_00','2017-08-01','I9ACCESS',1,36,'2017-08-01 17:22:37'),(2724,2,6,'13_30','2017-08-01','I9ACCESS',0,0,'2017-08-01 16:44:04'),(2725,2,6,'14_00','2017-08-01','I9ACCESS',0,0,'2017-08-01 16:44:04'),(2726,2,6,'14_30','2017-08-01','I9ACCESS',0,0,'2017-08-01 16:44:04'),(2727,2,36,'12_30','2017-08-02','I9',0,0,'2017-08-01 17:23:09'),(2728,2,36,'13_00','2017-08-02','I9',0,0,'2017-08-01 17:23:17'),(2729,2,36,'13_30','2017-08-02','I9',0,0,'2017-08-01 17:23:20'),(2730,6,13,'15_00','2017-08-01','BEEIT',0,0,'2017-08-01 17:47:52'),(2731,6,13,'15_30','2017-08-01','BEEIT',0,0,'2017-08-01 17:47:52'),(2732,2,27,'12_00','2017-08-03','NSCAD',0,0,'2017-08-01 18:14:55'),(2733,2,27,'12_30','2017-08-03','NSCAD',0,0,'2017-08-01 18:14:55'),(2734,2,27,'13_00','2017-08-03','NSCAD',0,0,'2017-08-01 18:14:55'),(2735,6,11,'16_00','2017-08-01','E-AWARE',0,0,'2017-08-01 18:42:15'),(2736,6,11,'16_30','2017-08-01','E-AWARE',0,0,'2017-08-01 18:42:15'),(2737,6,22,'15_00','2017-08-02','Mconf Tecnologia',1,22,'2017-08-01 21:59:10'),(2738,6,22,'15_30','2017-08-02','Mconf Tecnologia',1,22,'2017-08-01 21:59:15'),(2739,6,22,'16_00','2017-08-02','Mconf Tecnologia',1,22,'2017-08-01 21:59:20'),(2740,6,22,'16_30','2017-08-02','Mconf Tecnologia',1,22,'2017-08-01 21:59:25'),(2741,2,29,'15_00','2017-08-03','System Advisor - Mário',0,0,'2017-08-02 00:25:26'),(2742,2,29,'15_30','2017-08-03','System Advisor - Mário',0,0,'2017-08-02 00:25:26'),(2743,2,29,'16_00','2017-08-03','System Advisor - Mário',0,0,'2017-08-02 00:25:26'),(2744,2,29,'16_30','2017-08-03','System Advisor - Mário',0,0,'2017-08-02 00:25:26'),(2745,2,29,'17_00','2017-08-03','System Advisor - Mário',0,0,'2017-08-02 00:25:26'),(2746,6,6,'9_00','2017-08-02','CEI',0,0,'2017-08-02 12:10:19'),(2747,6,6,'9_30','2017-08-02','CEI',0,0,'2017-08-02 12:10:19'),(2748,6,6,'10_00','2017-08-02','CEI',0,0,'2017-08-02 12:10:19'),(2749,6,6,'10_30','2017-08-02','CEI',0,0,'2017-08-02 12:10:19'),(2750,6,27,'13_30','2017-08-02','NSCAD',1,27,'2017-08-02 13:36:52'),(2751,2,36,'9_30','2017-08-02','E-Aware',0,0,'2017-08-02 12:53:34'),(2752,2,36,'10_00','2017-08-02','E-Aware',0,0,'2017-08-02 12:53:34'),(2753,2,36,'10_30','2017-08-02','E-Aware',0,0,'2017-08-02 12:53:34'),(2754,2,27,'13_00','2017-08-04','NSCAD',0,0,'2017-08-02 14:16:11'),(2755,2,27,'13_30','2017-08-04','NSCAD',0,0,'2017-08-02 14:16:11'),(2756,2,36,'14_30','2017-08-03','System Advisor - Mário',0,0,'2017-08-03 17:39:41'),(2757,2,36,'9_00','2017-08-10','CEI - Victor',0,0,'2017-08-04 18:12:50'),(2758,2,36,'9_30','2017-08-10','CEI - Victor',0,0,'2017-08-04 18:12:55'),(2759,6,6,'13_00','2017-08-08','CEI',0,0,'2017-08-07 13:10:22'),(2760,6,6,'13_30','2017-08-08','CEI',0,0,'2017-08-07 13:10:22'),(2761,6,6,'14_00','2017-08-08','CEI',0,0,'2017-08-07 13:10:22'),(2762,2,13,'13_00','2017-08-07','BEEIT',0,0,'2017-08-07 13:30:22'),(2763,2,13,'13_30','2017-08-07','BEEIT',0,0,'2017-08-07 13:30:22'),(2764,6,11,'14_00','2017-08-07','E-AWARE',0,0,'2017-08-07 16:46:39'),(2765,6,11,'14_30','2017-08-07','E-AWARE',0,0,'2017-08-07 16:46:39'),(2766,6,11,'15_00','2017-08-07','E-AWARE',0,0,'2017-08-07 16:46:39'),(2767,6,22,'15_00','2017-08-11','Mconf Tecnologia',0,0,'2017-08-07 18:49:06'),(2768,6,22,'15_30','2017-08-11','Mconf Tecnologia',0,0,'2017-08-07 18:49:06'),(2769,6,6,'8_30','2017-08-08','CEI',0,0,'2017-08-08 11:38:57'),(2770,6,6,'9_00','2017-08-08','CEI',0,0,'2017-08-08 11:38:57'),(2771,6,6,'9_30','2017-08-08','CEI',0,0,'2017-08-08 11:38:57'),(2772,6,6,'10_00','2017-08-08','CEI',0,0,'2017-08-08 11:38:57'),(2773,6,6,'10_30','2017-08-08','CEI',0,0,'2017-08-08 11:38:57'),(2774,6,6,'11_00','2017-08-08','CEI',0,0,'2017-08-08 11:38:57'),(2775,6,6,'15_00','2017-08-08','CEI',0,0,'2017-08-08 11:39:24'),(2776,6,6,'15_30','2017-08-08','CEI',0,0,'2017-08-08 11:39:24'),(2777,6,6,'16_00','2017-08-08','CEI',0,0,'2017-08-08 11:39:24'),(2778,6,6,'14_30','2017-08-08','CEI',0,0,'2017-08-08 11:39:31'),(2779,2,13,'8_30','2017-08-08','BEEIT',0,0,'2017-08-08 11:50:59'),(2780,2,13,'9_00','2017-08-08','BEEIT',0,0,'2017-08-08 11:50:59'),(2781,2,13,'9_30','2017-08-08','BEEIT',0,0,'2017-08-08 11:50:59'),(2782,2,13,'10_00','2017-08-08','BEEIT',0,0,'2017-08-08 11:50:59'),(2783,2,11,'11_00','2017-08-08','E-AWARE',0,0,'2017-08-08 12:17:52'),(2784,2,11,'11_30','2017-08-08','E-AWARE',0,0,'2017-08-08 12:17:52'),(2785,2,11,'12_00','2017-08-08','E-AWARE',0,0,'2017-08-08 12:17:52'),(2786,2,11,'12_30','2017-08-08','E-AWARE',0,0,'2017-08-08 12:17:52'),(2787,2,11,'13_00','2017-08-08','E-AWARE',0,0,'2017-08-08 16:03:19'),(2788,2,11,'13_30','2017-08-08','E-AWARE',0,0,'2017-08-08 16:03:19'),(2789,2,11,'14_00','2017-08-08','E-AWARE',0,0,'2017-08-08 16:03:19'),(2790,2,11,'14_30','2017-08-08','E-AWARE',0,0,'2017-08-08 16:03:19'),(2791,6,27,'12_00','2017-08-10','NSCAD',0,0,'2017-08-08 17:10:15'),(2792,6,27,'12_30','2017-08-10','NSCAD',0,0,'2017-08-08 17:10:15'),(2793,6,27,'13_00','2017-08-10','NSCAD',0,0,'2017-08-08 17:10:15'),(2794,6,22,'15_00','2017-08-10','Mconf Tecnologia',0,0,'2017-08-08 19:29:45'),(2795,6,22,'15_30','2017-08-10','Mconf Tecnologia',1,22,'2017-08-10 17:09:33'),(2796,2,13,'13_00','2017-08-09','BEEIT',0,0,'2017-08-09 16:30:46'),(2797,2,13,'13_30','2017-08-09','BEEIT',0,0,'2017-08-09 16:30:46'),(2798,2,13,'14_00','2017-08-09','BEEIT',0,0,'2017-08-09 16:30:46'),(2799,2,11,'16_00','2017-08-11','E-AWARE',0,0,'2017-08-09 17:47:02'),(2800,2,11,'16_30','2017-08-11','E-AWARE',0,0,'2017-08-09 17:47:02'),(2801,6,36,'10_30','2017-08-11','I9',0,0,'2017-08-09 18:28:35'),(2802,6,36,'11_00','2017-08-11','I9',0,0,'2017-08-09 18:28:50'),(2803,6,36,'11_30','2017-08-11','I9',0,0,'2017-08-09 18:28:55'),(2804,6,36,'12_00','2017-08-11','I9',0,0,'2017-08-09 18:29:00'),(2805,6,36,'12_30','2017-08-11','I9',0,0,'2017-08-09 18:29:08'),(2806,6,36,'13_00','2017-08-11','I9',0,0,'2017-08-09 18:29:11'),(2807,6,36,'13_30','2017-08-11','I9',0,0,'2017-08-09 18:29:14'),(2808,6,36,'14_00','2017-08-11','I9',0,0,'2017-08-09 18:29:17'),(2809,6,36,'14_30','2017-08-11','I9',0,0,'2017-08-09 18:29:22'),(2810,6,27,'9_30','2017-08-10','NSCAD',0,0,'2017-08-09 18:33:37'),(2811,6,27,'10_00','2017-08-10','NSCAD',0,0,'2017-08-09 18:33:37'),(2812,6,27,'10_30','2017-08-10','NSCAD',0,0,'2017-08-09 18:33:37'),(2813,2,12,'10_30','2017-08-10','Cognitiva',0,0,'2017-08-10 13:04:11'),(2814,2,12,'11_00','2017-08-10','Cognitiva',0,0,'2017-08-10 13:04:11'),(2815,2,12,'11_30','2017-08-10','Cognitiva',0,0,'2017-08-10 13:04:11'),(2816,2,12,'10_00','2017-08-10','Cognitiva',0,0,'2017-08-10 13:04:24'),(2817,2,36,'12_00','2017-08-10','Mconf',0,0,'2017-08-10 15:03:29'),(2818,2,36,'12_30','2017-08-10','Mconf',0,0,'2017-08-10 15:03:37'),(2819,2,36,'14_00','2017-08-10','CEI',0,0,'2017-08-10 15:04:01'),(2820,2,36,'14_30','2017-08-10','CEI',0,0,'2017-08-10 15:04:06'),(2821,2,36,'15_00','2017-08-10','CEI',0,0,'2017-08-10 15:04:16'),(2822,6,22,'14_00','2017-08-10','Mconf Tecnologia',0,0,'2017-08-10 17:09:24'),(2823,6,22,'14_30','2017-08-10','Mconf Tecnologia',0,0,'2017-08-10 17:09:24'),(2824,2,36,'15_30','2017-08-10','Bee IT',1,36,'2017-08-10 18:52:15'),(2825,2,36,'15_30','2017-08-10','BEEIT',0,0,'2017-08-10 18:52:23'),(2826,2,36,'16_00','2017-08-10','BEEIT',0,0,'2017-08-10 18:52:30'),(2827,2,36,'16_30','2017-08-10','BEEIT',0,0,'2017-08-10 18:52:35'),(2828,6,8,'9_00','2017-08-11','i9access - Alexandro',0,0,'2017-08-10 23:24:43'),(2829,6,8,'9_30','2017-08-11','i9access - Alexandro',0,0,'2017-08-10 23:24:43'),(2830,6,8,'10_00','2017-08-11','i9access - Alexandro',0,0,'2017-08-10 23:25:18'),(2831,2,13,'8_30','2017-08-11','BEEIT',0,0,'2017-08-11 11:03:40'),(2832,2,13,'9_00','2017-08-11','BEEIT',0,0,'2017-08-11 11:03:40'),(2833,2,13,'9_30','2017-08-11','BEEIT',0,0,'2017-08-11 11:03:40'),(2834,2,13,'10_00','2017-08-11','BEEIT',0,0,'2017-08-11 11:03:40'),(2835,2,13,'10_30','2017-08-11','BEEIT',0,0,'2017-08-11 11:03:40'),(2836,6,6,'8_30','2017-08-17','CEI',0,0,'2017-08-11 17:22:57'),(2837,6,6,'9_00','2017-08-17','CEI',0,0,'2017-08-11 17:22:57'),(2838,6,6,'9_30','2017-08-17','CEI',0,0,'2017-08-11 17:22:57'),(2839,6,6,'10_00','2017-08-17','CEI',0,0,'2017-08-11 17:22:57'),(2840,6,11,'9_30','2017-08-14','E-AWARE',0,0,'2017-08-11 18:55:45'),(2841,6,11,'10_00','2017-08-14','E-AWARE',0,0,'2017-08-11 18:55:45'),(2842,6,11,'11_00','2017-08-14','E-AWARE',0,0,'2017-08-11 18:56:01'),(2843,6,11,'11_30','2017-08-14','E-AWARE',0,0,'2017-08-11 18:56:01'),(2844,6,11,'12_00','2017-08-14','E-AWARE',0,0,'2017-08-11 18:56:01'),(2845,6,11,'13_30','2017-08-14','E-AWARE',0,0,'2017-08-11 18:56:27'),(2846,6,11,'14_00','2017-08-14','E-AWARE',0,0,'2017-08-11 18:56:27'),(2847,6,11,'14_30','2017-08-14','E-AWARE',0,0,'2017-08-11 18:56:27'),(2848,6,11,'15_00','2017-08-14','E-AWARE',0,0,'2017-08-11 18:56:27'),(2849,2,22,'14_00','2017-08-14','Mconf Tecnologia',1,22,'2017-08-14 16:22:12'),(2850,2,22,'14_30','2017-08-14','Mconf Tecnologia',1,22,'2017-08-14 16:22:21'),(2851,2,22,'15_00','2017-08-14','Mconf Tecnologia',1,22,'2017-08-14 16:22:50'),(2852,2,22,'15_30','2017-08-14','Mconf Tecnologia',1,22,'2017-08-14 16:22:41'),(2853,6,8,'15_30','2017-08-14','i9access - Alexandro',0,0,'2017-08-14 12:15:58'),(2854,6,8,'16_00','2017-08-14','i9access - Alexandro',0,0,'2017-08-14 12:15:58'),(2855,6,8,'16_30','2017-08-14','i9access - Alexandro',0,0,'2017-08-14 12:15:58'),(2856,6,6,'8_30','2017-08-31','CEI',0,0,'2017-08-14 14:05:58'),(2857,6,6,'9_00','2017-08-31','CEI',0,0,'2017-08-14 14:05:58'),(2858,6,6,'9_30','2017-08-31','CEI',0,0,'2017-08-14 14:05:58'),(2859,6,6,'10_00','2017-08-31','CEI',0,0,'2017-08-14 14:05:58'),(2860,6,6,'10_30','2017-08-31','CEI',0,0,'2017-08-14 14:05:58'),(2861,6,6,'11_00','2017-08-31','CEI',0,0,'2017-08-14 14:05:58'),(2862,6,6,'11_30','2017-08-31','CEI',0,0,'2017-08-14 14:05:58'),(2863,6,6,'12_00','2017-08-31','CEI',0,0,'2017-08-14 14:05:58'),(2864,6,6,'12_30','2017-08-31','CEI',0,0,'2017-08-14 14:05:58'),(2865,2,10,'13_30','2017-08-14','AEGRO',0,0,'2017-08-14 16:50:54'),(2866,2,10,'14_00','2017-08-14','AEGRO',0,0,'2017-08-14 16:50:54'),(2867,2,10,'14_30','2017-08-14','AEGRO',0,0,'2017-08-14 16:50:54'),(2868,2,10,'15_00','2017-08-14','AEGRO',0,0,'2017-08-14 16:50:54'),(2869,2,10,'15_30','2017-08-14','AEGRO',0,0,'2017-08-14 16:50:54'),(2870,2,10,'16_00','2017-08-14','AEGRO',0,0,'2017-08-14 16:50:54'),(2871,2,10,'16_30','2017-08-14','AEGRO',0,0,'2017-08-14 16:50:54'),(2872,2,10,'17_00','2017-08-14','AEGRO',0,0,'2017-08-14 16:50:54'),(2873,6,27,'12_00','2017-08-17','NSCAD',0,0,'2017-08-14 17:06:39'),(2874,6,27,'12_30','2017-08-17','NSCAD',0,0,'2017-08-14 17:06:39'),(2875,6,27,'13_00','2017-08-17','NSCAD',0,0,'2017-08-14 17:06:39'),(2876,6,10,'9_30','2017-08-15','AEGRO',0,0,'2017-08-14 18:09:34'),(2877,6,10,'10_00','2017-08-15','AEGRO',0,0,'2017-08-14 18:09:34'),(2878,6,10,'10_30','2017-08-15','AEGRO',0,0,'2017-08-14 18:09:34'),(2879,6,10,'11_00','2017-08-15','AEGRO',0,0,'2017-08-14 18:09:34'),(2880,6,10,'11_30','2017-08-15','AEGRO',0,0,'2017-08-14 18:09:34'),(2881,6,10,'12_00','2017-08-15','AEGRO',0,0,'2017-08-14 18:09:34'),(2882,6,10,'12_30','2017-08-15','AEGRO',0,0,'2017-08-14 18:09:34'),(2883,6,10,'13_00','2017-08-15','AEGRO',0,0,'2017-08-14 18:09:34'),(2884,6,10,'13_30','2017-08-15','AEGRO',0,0,'2017-08-14 18:09:34'),(2885,6,10,'14_00','2017-08-15','AEGRO',0,0,'2017-08-14 18:09:34'),(2886,6,10,'14_30','2017-08-15','AEGRO',0,0,'2017-08-14 18:09:34'),(2887,6,10,'15_00','2017-08-15','AEGRO',0,0,'2017-08-14 18:09:34'),(2888,6,10,'15_30','2017-08-15','AEGRO',0,0,'2017-08-14 18:09:34'),(2889,6,10,'16_00','2017-08-15','AEGRO',0,0,'2017-08-14 18:09:34'),(2890,6,10,'16_30','2017-08-15','AEGRO',0,0,'2017-08-14 18:09:34'),(2891,6,27,'8_30','2017-08-18','NSCAD',0,0,'2017-08-15 12:38:14'),(2892,6,27,'9_00','2017-08-18','NSCAD',0,0,'2017-08-15 12:38:14'),(2893,6,27,'9_30','2017-08-18','NSCAD',0,0,'2017-08-15 12:38:14'),(2894,6,27,'10_00','2017-08-18','NSCAD',0,0,'2017-08-15 12:38:14'),(2895,6,27,'10_30','2017-08-18','NSCAD',0,0,'2017-08-15 12:38:14'),(2896,6,27,'11_00','2017-08-18','NSCAD',0,0,'2017-08-15 12:38:14'),(2897,6,27,'11_30','2017-08-18','NSCAD',0,0,'2017-08-15 12:38:14'),(2898,2,27,'9_30','2017-09-06','NSCAD',1,27,'2017-09-05 13:29:52'),(2899,2,27,'10_00','2017-09-06','NSCAD',1,27,'2017-09-05 13:29:54'),(2900,2,20,'15_30','2017-08-15','ARBRA',0,0,'2017-08-15 18:33:07'),(2901,2,20,'16_00','2017-08-15','ARBRA',0,0,'2017-08-15 18:33:07'),(2902,2,20,'16_30','2017-08-15','ARBRA',0,0,'2017-08-15 18:33:07'),(2903,2,27,'10_30','2017-08-16','NSCAD',0,0,'2017-08-16 12:07:35'),(2904,6,11,'9_30','2017-08-16','E-AWARE',0,0,'2017-08-16 12:45:56'),(2905,6,11,'10_00','2017-08-16','E-AWARE',0,0,'2017-08-16 12:45:56'),(2906,6,11,'13_30','2017-08-16','E-AWARE',0,0,'2017-08-16 13:59:15'),(2907,6,11,'14_00','2017-08-16','E-AWARE',0,0,'2017-08-16 13:59:15'),(2908,6,11,'14_30','2017-08-16','E-AWARE',0,0,'2017-08-16 13:59:15'),(2909,6,36,'11_00','2017-08-16','AEGRO',0,0,'2017-08-16 14:05:30'),(2910,6,36,'11_30','2017-08-16','AEGRO',0,0,'2017-08-16 14:05:36'),(2911,6,6,'14_00','2017-08-17','CEI',0,0,'2017-08-16 15:55:37'),(2912,6,6,'14_30','2017-08-17','CEI',0,0,'2017-08-16 15:55:37'),(2913,6,6,'15_00','2017-08-17','CEI',0,0,'2017-08-16 15:55:37'),(2914,6,6,'15_30','2017-08-17','CEI',0,0,'2017-08-16 15:55:37'),(2915,2,13,'8_30','2017-08-17','BEEIT',0,0,'2017-08-17 11:04:43'),(2916,2,13,'9_00','2017-08-17','BEEIT',0,0,'2017-08-17 11:04:43'),(2917,2,13,'9_30','2017-08-17','BEEIT',0,0,'2017-08-17 11:04:43'),(2918,2,36,'13_30','2017-08-16','CEI',0,0,'2017-08-17 14:45:38'),(2919,2,36,'14_00','2017-08-16','CEI',0,0,'2017-08-17 14:45:49'),(2920,6,13,'8_30','2017-08-21','BEEIT',1,13,'2017-08-21 11:18:39'),(2921,6,13,'9_00','2017-08-21','BEEIT',1,13,'2017-08-21 11:18:36'),(2922,6,13,'9_30','2017-08-21','BEEIT',1,13,'2017-08-21 11:18:34'),(2923,6,13,'10_00','2017-08-21','BEEIT',1,13,'2017-08-21 11:18:32'),(2924,6,13,'10_30','2017-08-21','BEEIT',1,13,'2017-08-21 11:17:58'),(2925,6,13,'11_00','2017-08-21','BEEIT',1,13,'2017-08-21 11:17:55'),(2926,6,13,'11_30','2017-08-21','BEEIT',1,13,'2017-08-21 11:17:53'),(2927,6,13,'12_00','2017-08-21','BEEIT',1,13,'2017-08-21 11:17:51'),(2928,6,13,'12_30','2017-08-21','BEEIT',1,13,'2017-08-21 11:17:48'),(2929,2,1,'13_30','2017-08-17','CEI',0,0,'2017-08-17 16:31:50'),(2930,2,1,'14_00','2017-08-17','CEI',0,0,'2017-08-17 16:31:50'),(2931,2,13,'14_30','2017-08-17','BEEIT',0,0,'2017-08-17 17:06:49'),(2932,2,13,'15_00','2017-08-17','BEEIT',0,0,'2017-08-17 17:06:49'),(2933,2,13,'15_30','2017-08-17','BEEIT',0,0,'2017-08-17 17:06:49'),(2934,2,13,'16_00','2017-08-17','BEEIT',0,0,'2017-08-17 17:06:49'),(2935,6,36,'16_00','2017-08-17','CEI',0,0,'2017-08-17 19:16:04'),(2936,6,36,'17_00','2017-08-17','NSCAD',0,0,'2017-08-17 19:50:06'),(2937,6,11,'11_30','2017-08-22','E-AWARE',0,0,'2017-08-18 15:00:47'),(2938,6,11,'12_00','2017-08-22','E-AWARE',0,0,'2017-08-18 15:00:47'),(2939,6,27,'9_00','2017-09-22','NSCAD',1,27,'2017-09-18 19:19:43'),(2940,6,27,'9_30','2017-09-22','NSCAD',1,27,'2017-09-18 19:19:46'),(2941,6,27,'10_00','2017-09-22','NSCAD',1,27,'2017-09-18 19:19:49'),(2942,6,27,'10_30','2017-09-22','NSCAD',1,27,'2017-09-18 19:19:51'),(2943,6,27,'11_00','2017-09-22','NSCAD',1,27,'2017-09-18 19:19:55'),(2944,6,27,'11_30','2017-09-22','NSCAD',1,27,'2017-09-18 19:19:57'),(2945,6,27,'9_00','2017-11-03','NSCAD',0,0,'2017-08-18 18:56:03'),(2946,6,27,'9_30','2017-11-03','NSCAD',0,0,'2017-08-18 18:56:03'),(2947,6,27,'10_00','2017-11-03','NSCAD',0,0,'2017-08-18 18:56:03'),(2948,6,27,'10_30','2017-11-03','NSCAD',0,0,'2017-08-18 18:56:03'),(2949,6,27,'11_00','2017-11-03','NSCAD',0,0,'2017-08-18 18:56:03'),(2950,6,27,'11_30','2017-11-03','NSCAD',0,0,'2017-08-18 18:56:03'),(2951,6,27,'9_00','2017-12-08','NSCAD',0,0,'2017-08-18 18:58:30'),(2952,6,27,'9_30','2017-12-08','NSCAD',0,0,'2017-08-18 18:58:30'),(2953,6,27,'10_00','2017-12-08','NSCAD',0,0,'2017-08-18 18:58:30'),(2954,6,27,'10_30','2017-12-08','NSCAD',0,0,'2017-08-18 18:58:30'),(2955,6,27,'11_00','2017-12-08','NSCAD',0,0,'2017-08-18 18:58:30'),(2956,6,27,'11_30','2017-12-08','NSCAD',0,0,'2017-08-18 18:58:30'),(2957,6,27,'12_00','2017-08-23','NSCAD',0,0,'2017-08-18 19:04:10'),(2958,6,27,'12_30','2017-08-23','NSCAD',0,0,'2017-08-18 19:04:10'),(2959,6,27,'13_00','2017-08-23','NSCAD',0,0,'2017-08-18 19:04:10'),(2960,6,27,'12_00','2017-08-30','NSCAD',0,0,'2017-08-18 19:04:29'),(2961,6,27,'12_30','2017-08-30','NSCAD',0,0,'2017-08-18 19:04:29'),(2962,6,27,'13_00','2017-08-30','NSCAD',0,0,'2017-08-18 19:04:29'),(2963,6,27,'12_00','2017-09-06','NSCAD',0,0,'2017-08-18 19:04:52'),(2964,6,27,'12_30','2017-09-06','NSCAD',0,0,'2017-08-18 19:04:52'),(2965,6,27,'13_00','2017-09-06','NSCAD',0,0,'2017-08-18 19:04:52'),(2966,6,13,'12_30','2017-08-21','BEEIT',0,0,'2017-08-21 11:18:24'),(2967,6,13,'13_00','2017-08-21','BEEIT',0,0,'2017-08-21 11:18:24'),(2968,6,13,'13_30','2017-08-21','BEEIT',0,0,'2017-08-21 11:18:24'),(2969,6,13,'14_00','2017-08-21','BEEIT',0,0,'2017-08-21 11:18:24'),(2970,6,13,'14_30','2017-08-21','BEEIT',0,0,'2017-08-21 11:18:24'),(2971,6,13,'15_00','2017-08-21','BEEIT',0,0,'2017-08-21 11:18:24'),(2972,6,13,'15_30','2017-08-21','BEEIT',0,0,'2017-08-21 11:18:24'),(2973,6,13,'16_00','2017-08-21','BEEIT',0,0,'2017-08-21 11:18:24'),(2974,6,13,'16_30','2017-08-21','BEEIT',0,0,'2017-08-21 11:18:24'),(2975,6,13,'17_00','2017-08-21','BEEIT',0,0,'2017-08-21 11:18:24'),(2976,6,11,'11_00','2017-08-21','E-AWARE',0,0,'2017-08-21 12:34:43'),(2977,6,11,'11_30','2017-08-21','E-AWARE',0,0,'2017-08-21 12:34:43'),(2978,6,11,'12_00','2017-08-21','E-AWARE',0,0,'2017-08-21 12:34:43'),(2979,2,36,'15_30','2017-08-21','AEGRO',0,0,'2017-08-21 18:29:38'),(2980,2,36,'16_00','2017-08-21','AEGRO',0,0,'2017-08-21 18:29:42'),(2981,2,36,'16_30','2017-08-21','AEGRO',0,0,'2017-08-21 18:29:46'),(2982,6,27,'14_30','2017-08-22','NSCAD',1,27,'2017-08-22 16:39:14'),(2983,6,27,'15_00','2017-08-22','NSCAD',1,27,'2017-08-22 16:39:18'),(2984,6,27,'15_30','2017-08-22','NSCAD',1,27,'2017-08-22 16:39:21'),(2985,6,27,'16_00','2017-08-22','NSCAD',1,27,'2017-08-22 16:39:24'),(2986,2,13,'10_00','2017-08-22','BEEIT',1,13,'2017-08-22 13:27:04'),(2987,2,13,'10_30','2017-08-22','BEEIT',1,13,'2017-08-22 13:27:07'),(2988,6,13,'10_00','2017-08-22','BEEIT',1,13,'2017-08-22 13:27:27'),(2989,6,13,'10_30','2017-08-22','BEEIT',1,13,'2017-08-22 13:27:29'),(2990,6,13,'11_00','2017-08-22','BEEIT',1,13,'2017-08-22 13:27:31'),(2991,2,13,'10_30','2017-08-22','',0,0,'2017-08-22 13:27:36'),(2992,2,13,'9_00','2017-08-22','BEEIT',0,0,'2017-08-22 13:27:48'),(2993,2,13,'9_30','2017-08-22','BEEIT',0,0,'2017-08-22 13:27:48'),(2994,2,13,'10_00','2017-08-22','BEEIT',0,0,'2017-08-22 13:27:48'),(2995,2,6,'12_00','2017-08-22','I9ACCESS',0,0,'2017-08-22 14:42:37'),(2996,2,6,'12_30','2017-08-22','I9ACCESS',0,0,'2017-08-22 14:42:37'),(2997,2,6,'13_00','2017-08-22','I9ACCESS',0,0,'2017-08-22 14:42:37'),(2998,2,6,'13_30','2017-08-22','I9ACCESS',0,0,'2017-08-22 14:42:37'),(2999,6,6,'15_00','2017-08-22','CEI',0,0,'2017-08-22 18:18:42'),(3000,6,6,'15_30','2017-08-22','CEI',0,0,'2017-08-22 18:18:42'),(3001,6,6,'16_00','2017-08-22','CEI',0,0,'2017-08-22 18:18:42'),(3002,2,6,'13_00','2017-08-25','cei - victor',1,36,'2017-08-25 16:27:51'),(3003,2,6,'13_30','2017-08-25','cei - victor',1,36,'2017-08-25 16:27:49'),(3004,2,6,'14_00','2017-08-25','cei - victor',1,36,'2017-08-25 16:27:47'),(3005,6,36,'9_30','2017-08-23','CEI',0,0,'2017-08-23 12:20:57'),(3006,6,36,'10_00','2017-08-23','CEI',0,0,'2017-08-23 12:21:07'),(3007,2,13,'13_30','2017-08-23','BEEIT',0,0,'2017-08-23 15:48:48'),(3008,2,13,'14_00','2017-08-23','BEEIT',0,0,'2017-08-23 15:48:48'),(3009,2,13,'14_30','2017-08-23','BEEIT',0,0,'2017-08-23 15:48:48'),(3010,2,13,'15_00','2017-08-23','BEEIT',0,0,'2017-08-23 15:48:48'),(3011,6,11,'15_00','2017-08-23','E-AWARE',0,0,'2017-08-23 16:40:21'),(3012,6,11,'15_30','2017-08-23','E-AWARE',0,0,'2017-08-23 16:40:21'),(3013,2,6,'14_30','2017-08-25','CEI',0,0,'2017-08-23 19:34:47'),(3014,2,6,'15_00','2017-08-25','CEI',0,0,'2017-08-23 19:34:47'),(3015,2,6,'15_30','2017-08-25','CEI',0,0,'2017-08-23 19:34:47'),(3016,2,12,'12_00','2017-08-24','Cognitiva',1,12,'2017-08-23 22:23:57'),(3017,2,12,'12_30','2017-08-24','Cognitiva',1,12,'2017-08-23 22:24:02'),(3018,6,12,'12_00','2017-08-24','Cognitiva',0,0,'2017-08-23 22:24:25'),(3019,6,12,'12_30','2017-08-24','Cognitiva',0,0,'2017-08-23 22:24:25'),(3020,6,11,'11_00','2017-08-24','E-AWARE',1,11,'2017-08-24 14:16:59'),(3021,6,11,'11_30','2017-08-24','E-AWARE',1,11,'2017-08-24 14:17:03'),(3022,2,36,'11_00','2017-08-25','I9',1,33,'2017-08-25 11:48:28'),(3023,2,36,'11_30','2017-08-25','I9',1,33,'2017-08-25 11:48:30'),(3024,2,36,'12_00','2017-08-25','I9',1,33,'2017-08-25 11:48:32'),(3025,2,36,'12_30','2017-08-25','I9',1,33,'2017-08-25 11:48:37'),(3026,2,36,'12_00','2017-08-24','Mconf',0,0,'2017-08-24 15:03:15'),(3027,6,8,'15_30','2017-08-24','i9-alexandro',0,0,'2017-08-24 18:34:12'),(3028,6,8,'11_00','2017-08-25','i9access - Alexandro',0,0,'2017-08-24 22:36:25'),(3029,6,8,'11_30','2017-08-25','i9access - Alexandro',0,0,'2017-08-24 22:36:25'),(3030,6,8,'12_00','2017-08-25','i9access - Alexandro',0,0,'2017-08-24 22:36:25'),(3031,6,8,'12_30','2017-08-25','i9access - Alexandro',0,0,'2017-08-24 22:36:25'),(3032,6,8,'13_00','2017-08-25','i9access - Alexandro',0,0,'2017-08-24 22:36:25'),(3033,6,8,'13_30','2017-08-25','i9access - Alexandro',0,0,'2017-08-24 22:36:25'),(3034,6,8,'10_00','2017-08-25','i9access - Alexandro',0,0,'2017-08-24 22:42:30'),(3035,6,8,'10_30','2017-08-25','i9access - Alexandro',0,0,'2017-08-24 22:42:30'),(3036,2,13,'13_30','2017-08-30','BEEIT',0,0,'2017-08-25 14:24:38'),(3037,2,13,'14_00','2017-08-30','BEEIT',0,0,'2017-08-25 14:24:38'),(3038,2,13,'14_30','2017-08-30','BEEIT',0,0,'2017-08-25 14:24:38'),(3039,2,13,'15_00','2017-08-30','BEEIT',0,0,'2017-08-25 14:24:38'),(3040,2,13,'8_30','2017-08-28','BEEIT',0,0,'2017-08-25 14:35:11'),(3041,2,13,'9_00','2017-08-28','BEEIT',0,0,'2017-08-25 14:35:11'),(3042,2,13,'9_30','2017-08-28','BEEIT',0,0,'2017-08-25 14:35:11'),(3043,6,36,'14_00','2017-08-25','CEI - Victor',0,0,'2017-08-25 16:27:31'),(3044,6,36,'14_30','2017-08-25','CEI - Victor',0,0,'2017-08-25 16:27:35'),(3045,6,36,'15_00','2017-08-25','CEI - Victor',0,0,'2017-08-25 16:27:42'),(3046,6,13,'8_30','2017-09-14','BEEIT',0,0,'2017-08-25 17:49:22'),(3047,6,13,'9_00','2017-09-14','BEEIT',0,0,'2017-08-25 17:49:22'),(3048,6,13,'9_30','2017-09-14','BEEIT',0,0,'2017-08-25 17:49:22'),(3049,6,13,'10_00','2017-09-14','BEEIT',0,0,'2017-08-25 17:49:22'),(3050,6,13,'10_30','2017-09-14','BEEIT',0,0,'2017-08-25 17:49:22'),(3051,6,13,'11_00','2017-09-14','BEEIT',0,0,'2017-08-25 17:49:22'),(3052,6,13,'11_30','2017-09-14','BEEIT',0,0,'2017-08-25 17:49:22'),(3053,6,13,'12_00','2017-09-14','BEEIT',0,0,'2017-08-25 17:49:22'),(3054,2,13,'10_00','2017-08-28','BEEIT',0,0,'2017-08-28 11:17:02'),(3055,2,13,'10_30','2017-08-28','BEEIT',0,0,'2017-08-28 11:17:02'),(3056,23,36,'9_00','2017-08-29','E-Aware',1,36,'2017-08-28 12:10:04'),(3057,6,36,'9_00','2017-08-28','E-Aware',0,0,'2017-08-28 12:10:09'),(3058,6,36,'9_30','2017-08-28','E-Aware',0,0,'2017-08-28 12:10:12'),(3059,6,36,'10_00','2017-08-28','E-Aware',0,0,'2017-08-28 12:10:15'),(3060,2,13,'11_00','2017-08-28','BEEIT',0,0,'2017-08-28 13:34:48'),(3061,6,22,'17_00','2017-08-28','Mconf Tecnologia',0,0,'2017-08-28 17:13:19'),(3062,2,13,'14_00','2017-08-28','BEEIT',1,13,'2017-08-28 17:27:48'),(3063,2,13,'14_30','2017-08-28','BEEIT',1,13,'2017-08-28 17:27:45'),(3064,6,13,'14_00','2017-08-28','BEEIT',0,0,'2017-08-28 17:27:37'),(3065,6,13,'14_30','2017-08-28','BEEIT',0,0,'2017-08-28 17:27:37'),(3066,6,13,'15_00','2017-08-28','BEEIT',0,0,'2017-08-28 17:27:37'),(3067,2,27,'9_30','2017-09-13','NSCAD',1,27,'2017-09-05 13:30:22'),(3068,2,27,'10_00','2017-09-13','NSCAD',1,27,'2017-09-05 13:30:24'),(3069,6,27,'12_00','2017-09-13','NSCAD',0,0,'2017-08-28 19:11:43'),(3070,6,27,'12_30','2017-09-13','NSCAD',0,0,'2017-08-28 19:11:43'),(3071,6,27,'13_00','2017-09-13','NSCAD',0,0,'2017-08-28 19:11:43'),(3072,2,27,'9_30','2017-09-27','NSCAD',1,27,'2017-09-05 13:31:15'),(3073,2,27,'10_00','2017-09-27','NSCAD',1,27,'2017-09-05 13:31:17'),(3074,6,27,'12_00','2017-09-27','NSCAD',1,27,'2017-09-26 15:46:58'),(3075,6,27,'12_30','2017-09-27','NSCAD',1,27,'2017-09-26 15:46:55'),(3076,6,27,'13_00','2017-09-27','NSCAD',1,27,'2017-09-26 15:46:50'),(3077,6,22,'16_30','2017-08-28','Mconf Tecnologia',0,0,'2017-08-28 19:38:29'),(3078,2,8,'12_30','2017-08-29','i9access - Geovane',0,0,'2017-08-29 14:32:12'),(3079,2,8,'13_00','2017-08-29','i9access - Geovane',0,0,'2017-08-29 14:32:12'),(3080,6,11,'8_30','2017-08-30','E-AWARE',0,0,'2017-08-30 11:31:23'),(3081,6,11,'9_00','2017-08-30','E-AWARE',0,0,'2017-08-30 11:31:23'),(3082,6,11,'11_00','2017-08-30','E-AWARE',0,0,'2017-08-30 11:31:37'),(3083,6,11,'11_30','2017-08-30','E-AWARE',0,0,'2017-08-30 11:31:48'),(3084,2,12,'8_30','2017-08-30','Cognitiva',0,0,'2017-08-30 11:40:04'),(3085,2,12,'9_00','2017-08-30','Cognitiva',1,12,'2017-08-30 12:27:29'),(3086,2,33,'12_00','2017-08-30','NSCAD',0,0,'2017-08-30 15:03:12'),(3087,2,33,'12_30','2017-08-30','NSCAD',0,0,'2017-08-30 15:03:12'),(3088,2,33,'13_00','2017-08-30','NSCAD',0,0,'2017-08-30 15:03:12'),(3089,6,33,'10_00','2017-09-01','CEI- NAGI',0,0,'2017-08-30 16:21:42'),(3090,6,33,'10_30','2017-09-01','CEI- NAGI',0,0,'2017-08-30 16:21:42'),(3091,2,13,'15_30','2017-08-30','BEEIT',0,0,'2017-08-30 16:46:52'),(3092,2,13,'16_00','2017-08-30','BEEIT',0,0,'2017-08-30 16:46:52'),(3093,2,13,'16_30','2017-08-30','BEEIT',0,0,'2017-08-30 16:46:52'),(3094,2,13,'17_00','2017-08-30','BEEIT',0,0,'2017-08-30 16:46:52'),(3095,6,13,'15_30','2017-08-31','beeit',0,0,'2017-08-30 16:48:12'),(3096,6,13,'16_00','2017-08-31','beeit',0,0,'2017-08-30 16:48:12'),(3097,6,13,'16_30','2017-08-31','beeit',0,0,'2017-08-30 16:48:12'),(3098,6,13,'17_00','2017-08-31','beeit',0,0,'2017-08-30 16:48:12'),(3099,6,12,'12_00','2017-09-01','Cognitiva',0,0,'2017-08-31 19:48:15'),(3100,6,12,'12_30','2017-09-01','Cognitiva',0,0,'2017-08-31 19:48:15'),(3101,2,13,'10_00','2017-09-01','beeit',0,0,'2017-09-01 11:08:32'),(3102,2,13,'10_30','2017-09-01','beeit',0,0,'2017-09-01 11:08:32'),(3103,2,13,'11_00','2017-09-01','beeit',0,0,'2017-09-01 11:08:32'),(3104,2,13,'11_30','2017-09-01','beeit',0,0,'2017-09-01 11:08:32'),(3105,2,13,'12_00','2017-09-01','beeit',0,0,'2017-09-01 11:08:32'),(3106,2,13,'14_30','2017-09-01','BEEIT',0,0,'2017-09-01 17:32:06'),(3107,2,13,'15_00','2017-09-01','BEEIT',0,0,'2017-09-01 17:32:06'),(3108,2,13,'15_30','2017-09-01','BEEIT',0,0,'2017-09-01 17:32:06'),(3109,2,13,'16_00','2017-09-01','BEEIT',0,0,'2017-09-01 17:32:06'),(3110,2,13,'16_30','2017-09-01','BEEIT',0,0,'2017-09-01 17:32:06'),(3111,2,13,'17_00','2017-09-01','BEEIT',0,0,'2017-09-01 17:32:06'),(3112,6,11,'17_00','2017-09-01','E-AWARE',0,0,'2017-09-01 18:50:12'),(3113,2,13,'8_30','2017-09-04','BEEIT',0,0,'2017-09-04 11:14:21'),(3114,2,13,'9_00','2017-09-04','BEEIT',0,0,'2017-09-04 11:14:21'),(3115,2,13,'9_30','2017-09-04','BEEIT',0,0,'2017-09-04 11:14:21'),(3116,2,13,'10_00','2017-09-04','BEEIT',0,0,'2017-09-04 11:14:21'),(3117,6,10,'9_00','2017-09-04','AEGRO',0,0,'2017-09-04 11:54:03'),(3118,6,10,'9_30','2017-09-04','AEGRO',0,0,'2017-09-04 11:54:03'),(3119,6,11,'14_00','2017-09-04','E-AWARE',0,0,'2017-09-04 13:43:39'),(3120,6,11,'14_30','2017-09-04','E-AWARE',0,0,'2017-09-04 13:43:39'),(3121,6,11,'15_00','2017-09-04','E-AWARE',0,0,'2017-09-04 13:43:39'),(3122,2,13,'12_30','2017-09-04','BEEIT',0,0,'2017-09-04 16:51:10'),(3123,2,13,'13_00','2017-09-04','BEEIT',0,0,'2017-09-04 16:51:10'),(3124,2,13,'13_30','2017-09-04','BEEIT',0,0,'2017-09-04 16:51:10'),(3125,2,13,'14_00','2017-09-04','BEEIT',0,0,'2017-09-04 16:51:10'),(3126,2,13,'14_30','2017-09-04','BEEIT',0,0,'2017-09-04 16:51:10'),(3127,2,13,'15_00','2017-09-04','BEEIT',0,0,'2017-09-04 16:51:10'),(3128,2,6,'15_30','2017-09-04','Aegro',0,0,'2017-09-04 16:55:02'),(3129,2,6,'16_00','2017-09-04','Aegro',0,0,'2017-09-04 16:55:02'),(3130,2,27,'14_00','2017-09-06','NSCAD',0,0,'2017-09-05 13:30:09'),(3131,2,27,'14_30','2017-09-06','NSCAD',0,0,'2017-09-05 13:30:09'),(3132,2,27,'14_00','2017-09-13','NSCAD',0,0,'2017-09-05 13:30:35'),(3133,2,27,'14_30','2017-09-13','NSCAD',0,0,'2017-09-05 13:30:35'),(3134,2,27,'14_00','2017-09-27','NSCAD',0,0,'2017-09-05 13:31:27'),(3135,2,27,'14_30','2017-09-27','NSCAD',0,0,'2017-09-05 13:31:27'),(3136,6,27,'12_00','2017-10-04','NSCAD',1,27,'2017-10-04 12:43:37'),(3137,6,27,'12_30','2017-10-04','NSCAD',1,27,'2017-10-04 12:43:43'),(3138,6,27,'13_00','2017-10-04','NSCAD',1,27,'2017-10-04 12:43:46'),(3139,2,27,'14_00','2017-10-04','NSCAD',0,0,'2017-09-05 13:35:41'),(3140,2,27,'14_30','2017-10-04','NSCAD',0,0,'2017-09-05 13:35:41'),(3141,6,27,'12_00','2017-10-11','NSCAD',1,27,'2017-10-11 16:38:27'),(3142,6,27,'12_30','2017-10-11','NSCAD',1,27,'2017-10-11 16:38:24'),(3143,6,27,'13_00','2017-10-11','NSCAD',1,27,'2017-10-11 16:38:20'),(3144,2,27,'14_00','2017-10-11','NSCAD',0,0,'2017-09-05 13:36:38'),(3145,2,27,'14_30','2017-10-11','NSCAD',0,0,'2017-09-05 13:36:38'),(3146,6,27,'12_00','2017-10-18','NSCAD',0,0,'2017-09-05 13:37:11'),(3147,6,27,'12_30','2017-10-18','NSCAD',0,0,'2017-09-05 13:37:11'),(3148,6,27,'13_00','2017-10-18','NSCAD',0,0,'2017-09-05 13:37:11'),(3149,2,27,'14_00','2017-10-18','NSCAD',1,27,'2017-10-18 13:31:01'),(3150,2,27,'14_30','2017-10-18','NSCAD',1,27,'2017-10-18 13:31:04'),(3151,6,27,'12_00','2017-10-25','NSCAD',0,0,'2017-09-05 13:37:46'),(3152,6,27,'12_30','2017-10-25','NSCAD',0,0,'2017-09-05 13:37:46'),(3153,6,27,'13_00','2017-10-25','NSCAD',0,0,'2017-09-05 13:37:46'),(3154,2,27,'14_00','2017-10-25','NSCAD',0,0,'2017-09-05 13:37:57'),(3155,2,27,'14_30','2017-10-25','NSCAD',0,0,'2017-09-05 13:37:57'),(3156,6,27,'12_00','2017-11-01','NSCAD',0,0,'2017-09-05 13:38:22'),(3157,6,27,'12_30','2017-11-01','NSCAD',0,0,'2017-09-05 13:38:22'),(3158,6,27,'13_00','2017-11-01','NSCAD',0,0,'2017-09-05 13:38:22'),(3159,2,27,'14_00','2017-11-01','NSCAD',0,0,'2017-09-05 13:38:33'),(3160,2,27,'14_30','2017-11-01','NSCAD',0,0,'2017-09-05 13:38:33'),(3161,6,27,'12_00','2017-11-08','NSCAD',0,0,'2017-09-05 13:38:56'),(3162,6,27,'12_30','2017-11-08','NSCAD',0,0,'2017-09-05 13:38:56'),(3163,6,27,'13_00','2017-11-08','NSCAD',0,0,'2017-09-05 13:38:56'),(3164,2,27,'14_00','2017-11-08','NSCAD',0,0,'2017-09-05 13:39:07'),(3165,2,27,'14_30','2017-11-08','NSCAD',0,0,'2017-09-05 13:39:07'),(3166,2,27,'14_00','2017-11-22','NSCAD',0,0,'2017-09-05 13:43:11'),(3167,2,27,'14_30','2017-11-22','NSCAD',0,0,'2017-09-05 13:43:11'),(3168,2,27,'14_00','2017-11-29','NSCAD',0,0,'2017-09-05 13:43:30'),(3169,2,27,'14_30','2017-11-29','NSCAD',0,0,'2017-09-05 13:43:30'),(3170,2,27,'14_00','2017-12-06','NSCAD',0,0,'2017-09-05 13:44:02'),(3171,2,27,'14_30','2017-12-06','NSCAD',0,0,'2017-09-05 13:44:02'),(3172,2,27,'14_00','2017-12-13','NSCAD',0,0,'2017-09-05 13:44:20'),(3173,2,27,'14_30','2017-12-13','NSCAD',0,0,'2017-09-05 13:44:20'),(3174,2,27,'14_00','2017-12-20','NSCAD',0,0,'2017-09-05 13:44:42'),(3175,2,27,'14_30','2017-12-20','NSCAD',0,0,'2017-09-05 13:44:42'),(3176,6,6,'13_30','2017-09-05','cei',0,0,'2017-09-05 16:42:16'),(3177,6,6,'14_00','2017-09-05','cei',0,0,'2017-09-05 16:42:16'),(3178,6,6,'14_30','2017-09-05','cei',0,0,'2017-09-05 16:42:16'),(3179,6,6,'15_00','2017-09-05','cei',0,0,'2017-09-05 16:42:16'),(3180,2,10,'14_00','2017-09-05','AEGRO',0,0,'2017-09-05 16:52:14'),(3181,2,10,'14_30','2017-09-05','AEGRO',0,0,'2017-09-05 16:52:14'),(3182,2,10,'15_00','2017-09-05','AEGRO',0,0,'2017-09-05 16:52:14'),(3183,2,36,'16_00','2017-09-05','CEI',1,36,'2017-09-05 19:06:37'),(3184,2,36,'16_30','2017-09-05','CEI',1,36,'2017-09-05 19:06:39'),(3185,6,36,'16_00','2017-09-05','CEI',0,0,'2017-09-05 19:06:49'),(3186,6,36,'16_30','2017-09-05','CEI',0,0,'2017-09-05 19:06:53'),(3187,2,11,'16_00','2017-09-06','E-AWARE',0,0,'2017-09-06 17:27:46'),(3188,2,11,'16_30','2017-09-06','E-AWARE',0,0,'2017-09-06 17:27:46'),(3189,2,11,'17_00','2017-09-06','E-AWARE',0,0,'2017-09-06 17:27:46'),(3190,6,6,'9_00','2017-10-09','Cei',0,0,'2017-09-08 17:38:50'),(3191,6,6,'9_30','2017-10-09','Cei',0,0,'2017-09-08 17:38:50'),(3192,6,6,'10_00','2017-10-09','Cei',0,0,'2017-09-08 17:38:50'),(3193,6,6,'10_30','2017-10-09','Cei',0,0,'2017-09-08 17:38:50'),(3194,6,6,'11_00','2017-10-09','Cei',0,0,'2017-09-08 17:38:50'),(3195,6,6,'11_30','2017-10-09','Cei',0,0,'2017-09-08 17:38:50'),(3196,6,6,'12_00','2017-10-09','Cei',0,0,'2017-09-08 17:38:50'),(3197,6,27,'9_00','2017-09-15','NSCAD',0,0,'2017-09-11 13:16:01'),(3198,6,27,'9_30','2017-09-15','NSCAD',0,0,'2017-09-11 13:16:01'),(3199,6,27,'10_00','2017-09-15','NSCAD',0,0,'2017-09-11 13:16:01'),(3200,6,27,'10_30','2017-09-15','NSCAD',0,0,'2017-09-11 13:16:01'),(3201,6,27,'11_00','2017-09-15','NSCAD',0,0,'2017-09-11 13:16:01'),(3202,6,27,'11_30','2017-09-15','NSCAD',0,0,'2017-09-11 13:16:01'),(3203,2,8,'12_30','2017-09-12','I9Access - Geovane',0,0,'2017-09-12 13:53:25'),(3204,2,8,'13_00','2017-09-12','I9Access - Geovane',0,0,'2017-09-12 13:53:25'),(3205,2,8,'13_30','2017-09-12','I9Access - Geovane',0,0,'2017-09-12 13:53:25'),(3206,2,8,'8_30','2017-09-14','i9access - Alexandro',0,0,'2017-09-12 14:24:15'),(3207,2,8,'9_00','2017-09-14','i9access - Alexandro',0,0,'2017-09-12 14:24:15'),(3208,2,8,'9_30','2017-09-14','i9access - Alexandro',0,0,'2017-09-12 14:24:15'),(3209,2,8,'10_00','2017-09-14','i9access - Alexandro',0,0,'2017-09-12 14:24:15'),(3210,2,8,'10_30','2017-09-14','i9access - Alexandro',0,0,'2017-09-12 14:24:15'),(3211,2,8,'11_00','2017-09-14','i9access - Alexandro',0,0,'2017-09-12 14:24:15'),(3212,2,8,'11_30','2017-09-14','i9access - Alexandro',0,0,'2017-09-12 14:24:15'),(3213,2,8,'12_00','2017-09-14','i9access - Alexandro',0,0,'2017-09-12 14:24:15'),(3214,2,8,'12_30','2017-09-14','i9access - Alexandro',0,0,'2017-09-12 14:24:15'),(3215,2,8,'13_00','2017-09-14','i9access - Alexandro',0,0,'2017-09-12 14:24:15'),(3216,2,8,'13_30','2017-09-14','i9access - Alexandro',0,0,'2017-09-12 14:24:15'),(3217,2,8,'14_00','2017-09-14','i9access - Alexandro',0,0,'2017-09-12 14:24:15'),(3218,2,8,'14_30','2017-09-14','i9access - Alexandro',0,0,'2017-09-12 14:24:15'),(3219,2,8,'15_00','2017-09-14','i9access - Alexandro',0,0,'2017-09-12 14:24:15'),(3220,2,8,'15_30','2017-09-14','i9access - Alexandro',0,0,'2017-09-12 14:24:15'),(3221,2,8,'16_00','2017-09-14','i9access - Alexandro',0,0,'2017-09-12 14:24:15'),(3222,2,8,'16_30','2017-09-14','i9access - Alexandro',0,0,'2017-09-12 14:24:15'),(3223,6,8,'14_00','2017-09-13','i9access - Alexandro',0,0,'2017-09-12 14:26:12'),(3224,6,8,'14_30','2017-09-13','i9access - Alexandro',0,0,'2017-09-12 14:26:12'),(3225,6,8,'15_00','2017-09-13','i9access - Alexandro',0,0,'2017-09-12 14:26:12'),(3226,6,8,'15_30','2017-09-13','i9access - Alexandro',0,0,'2017-09-12 14:26:12'),(3227,6,8,'16_00','2017-09-13','i9access - Alexandro',0,0,'2017-09-12 14:26:12'),(3228,6,8,'16_30','2017-09-13','i9access - Alexandro',0,0,'2017-09-12 14:26:12'),(3229,6,8,'17_00','2017-09-13','i9access - Alexandro',0,0,'2017-09-12 14:26:12'),(3230,6,36,'14_00','2017-09-12','CEI',0,0,'2017-09-12 15:24:39'),(3231,6,36,'14_30','2017-09-12','CEI',0,0,'2017-09-12 15:24:43'),(3232,6,36,'15_00','2017-09-12','CEI',0,0,'2017-09-12 15:24:46'),(3233,6,36,'15_30','2017-09-12','CEI',0,0,'2017-09-12 15:24:50'),(3234,2,6,'14_00','2017-09-12','CEI',1,6,'2017-09-12 17:47:06'),(3235,2,6,'14_30','2017-09-12','CEI',1,6,'2017-09-12 17:47:07'),(3236,2,6,'15_00','2017-09-12','CEI',1,6,'2017-09-12 17:47:09'),(3237,2,6,'15_30','2017-09-12','CEI',1,6,'2017-09-12 17:47:10'),(3238,2,6,'16_00','2017-09-12','CEI',1,6,'2017-09-12 17:47:11'),(3239,6,6,'13_00','2017-09-18','CEI',1,6,'2017-09-12 17:43:44'),(3240,6,6,'13_30','2017-09-18','CEI',1,6,'2017-09-12 17:43:47'),(3241,6,6,'14_00','2017-09-18','CEI',1,6,'2017-09-12 17:43:49'),(3242,6,6,'14_30','2017-09-18','CEI',1,6,'2017-09-12 17:43:51'),(3243,6,6,'15_00','2017-09-18','CEI',1,6,'2017-09-12 17:43:53'),(3244,6,6,'15_30','2017-09-18','CEI',1,6,'2017-09-12 17:43:55'),(3245,6,6,'13_00','2017-09-19','CEI',0,0,'2017-09-12 17:44:07'),(3246,6,6,'13_30','2017-09-19','CEI',0,0,'2017-09-12 17:44:07'),(3247,6,6,'14_00','2017-09-19','CEI',0,0,'2017-09-12 17:44:07'),(3248,6,6,'14_30','2017-09-19','CEI',0,0,'2017-09-12 17:44:07'),(3249,6,6,'15_00','2017-09-19','CEI',0,0,'2017-09-12 17:44:07'),(3250,6,6,'15_30','2017-09-19','CEI',0,0,'2017-09-12 17:44:07'),(3251,6,6,'13_00','2017-09-26','CEI',0,0,'2017-09-12 17:44:25'),(3252,6,6,'13_30','2017-09-26','CEI',0,0,'2017-09-12 17:44:25'),(3253,6,6,'14_00','2017-09-26','CEI',0,0,'2017-09-12 17:44:25'),(3254,6,6,'14_30','2017-09-26','CEI',0,0,'2017-09-12 17:44:25'),(3255,6,6,'15_00','2017-09-26','CEI',0,0,'2017-09-12 17:44:25'),(3256,6,6,'15_30','2017-09-26','CEI',0,0,'2017-09-12 17:44:25'),(3257,6,6,'13_00','2017-10-03','CEI',0,0,'2017-09-12 17:44:38'),(3258,6,6,'13_30','2017-10-03','CEI',0,0,'2017-09-12 17:44:38'),(3259,6,6,'14_00','2017-10-03','CEI',0,0,'2017-09-12 17:44:38'),(3260,6,6,'14_30','2017-10-03','CEI',0,0,'2017-09-12 17:44:38'),(3261,6,6,'15_00','2017-10-03','CEI',0,0,'2017-09-12 17:44:38'),(3262,6,6,'15_30','2017-10-03','CEI',0,0,'2017-09-12 17:44:38'),(3263,6,6,'13_00','2017-10-10','CEI',0,0,'2017-09-12 17:44:58'),(3264,6,6,'13_30','2017-10-10','CEI',0,0,'2017-09-12 17:44:58'),(3265,6,6,'14_00','2017-10-10','CEI',0,0,'2017-09-12 17:44:58'),(3266,6,6,'14_30','2017-10-10','CEI',0,0,'2017-09-12 17:44:58'),(3267,6,6,'15_00','2017-10-10','CEI',0,0,'2017-09-12 17:44:58'),(3268,6,6,'15_30','2017-10-10','CEI',0,0,'2017-09-12 17:44:58'),(3269,6,6,'13_00','2017-10-17','CEI',0,0,'2017-09-12 17:45:08'),(3270,6,6,'13_30','2017-10-17','CEI',0,0,'2017-09-12 17:45:08'),(3271,6,6,'14_00','2017-10-17','CEI',0,0,'2017-09-12 17:45:08'),(3272,6,6,'14_30','2017-10-17','CEI',0,0,'2017-09-12 17:45:08'),(3273,6,6,'15_00','2017-10-17','CEI',0,0,'2017-09-12 17:45:08'),(3274,6,6,'15_30','2017-10-17','CEI',0,0,'2017-09-12 17:45:08'),(3275,6,6,'13_00','2017-10-24','CEI',0,0,'2017-09-12 17:45:18'),(3276,6,6,'13_30','2017-10-24','CEI',0,0,'2017-09-12 17:45:18'),(3277,6,6,'14_00','2017-10-24','CEI',0,0,'2017-09-12 17:45:18'),(3278,6,6,'14_30','2017-10-24','CEI',0,0,'2017-09-12 17:45:18'),(3279,6,6,'15_00','2017-10-24','CEI',0,0,'2017-09-12 17:45:18'),(3280,6,6,'15_30','2017-10-24','CEI',0,0,'2017-09-12 17:45:18'),(3281,6,6,'16_00','2017-10-24','CEI',0,0,'2017-09-12 17:45:18'),(3282,6,6,'13_00','2017-10-31','CEI',0,0,'2017-09-12 17:45:27'),(3283,6,6,'13_30','2017-10-31','CEI',0,0,'2017-09-12 17:45:27'),(3284,6,6,'14_00','2017-10-31','CEI',0,0,'2017-09-12 17:45:27'),(3285,6,6,'14_30','2017-10-31','CEI',0,0,'2017-09-12 17:45:27'),(3286,6,6,'15_00','2017-10-31','CEI',0,0,'2017-09-12 17:45:27'),(3287,6,6,'15_30','2017-10-31','CEI',0,0,'2017-09-12 17:45:27'),(3288,6,6,'13_00','2017-11-07','CEI',0,0,'2017-09-12 17:45:38'),(3289,6,6,'13_30','2017-11-07','CEI',0,0,'2017-09-12 17:45:38'),(3290,6,6,'14_00','2017-11-07','CEI',0,0,'2017-09-12 17:45:38'),(3291,6,6,'14_30','2017-11-07','CEI',0,0,'2017-09-12 17:45:38'),(3292,6,6,'15_00','2017-11-07','CEI',0,0,'2017-09-12 17:45:38'),(3293,6,6,'15_30','2017-11-07','CEI',0,0,'2017-09-12 17:45:38'),(3294,6,6,'13_00','2017-11-14','CEI',0,0,'2017-09-12 17:45:53'),(3295,6,6,'13_30','2017-11-14','CEI',0,0,'2017-09-12 17:45:53'),(3296,6,6,'14_00','2017-11-14','CEI',0,0,'2017-09-12 17:45:53'),(3297,6,6,'14_30','2017-11-14','CEI',0,0,'2017-09-12 17:45:53'),(3298,6,6,'15_00','2017-11-14','CEI',0,0,'2017-09-12 17:45:53'),(3299,6,6,'15_30','2017-11-14','CEI',0,0,'2017-09-12 17:45:53'),(3300,6,6,'16_00','2017-11-14','CEI',0,0,'2017-09-12 17:45:53'),(3301,6,6,'13_00','2017-11-21','CEI',0,0,'2017-09-12 17:46:02'),(3302,6,6,'13_30','2017-11-21','CEI',0,0,'2017-09-12 17:46:02'),(3303,6,6,'14_00','2017-11-21','CEI',0,0,'2017-09-12 17:46:02'),(3304,6,6,'14_30','2017-11-21','CEI',0,0,'2017-09-12 17:46:02'),(3305,6,6,'15_00','2017-11-21','CEI',0,0,'2017-09-12 17:46:02'),(3306,6,6,'15_30','2017-11-21','CEI',0,0,'2017-09-12 17:46:02'),(3307,6,6,'16_00','2017-11-21','CEI',0,0,'2017-09-12 17:46:02'),(3308,6,6,'13_00','2017-11-28','CEI',0,0,'2017-09-12 17:46:13'),(3309,6,6,'13_30','2017-11-28','CEI',0,0,'2017-09-12 17:46:13'),(3310,6,6,'14_00','2017-11-28','CEI',0,0,'2017-09-12 17:46:13'),(3311,6,6,'14_30','2017-11-28','CEI',0,0,'2017-09-12 17:46:13'),(3312,6,6,'15_00','2017-11-28','CEI',0,0,'2017-09-12 17:46:13'),(3313,6,6,'15_30','2017-11-28','CEI',0,0,'2017-09-12 17:46:13'),(3314,6,6,'13_00','2017-12-05','CEI',0,0,'2017-09-12 17:46:23'),(3315,6,6,'13_30','2017-12-05','CEI',0,0,'2017-09-12 17:46:23'),(3316,6,6,'14_00','2017-12-05','CEI',0,0,'2017-09-12 17:46:23'),(3317,6,6,'14_30','2017-12-05','CEI',0,0,'2017-09-12 17:46:23'),(3318,6,6,'15_00','2017-12-05','CEI',0,0,'2017-09-12 17:46:23'),(3319,6,6,'15_30','2017-12-05','CEI',0,0,'2017-09-12 17:46:23'),(3320,6,6,'16_00','2017-12-05','CEI',0,0,'2017-09-12 17:46:23'),(3321,6,6,'13_00','2017-12-12','CEI',0,0,'2017-09-12 17:46:32'),(3322,6,6,'13_30','2017-12-12','CEI',0,0,'2017-09-12 17:46:32'),(3323,6,6,'14_00','2017-12-12','CEI',0,0,'2017-09-12 17:46:32'),(3324,6,6,'14_30','2017-12-12','CEI',0,0,'2017-09-12 17:46:32'),(3325,6,6,'15_00','2017-12-12','CEI',0,0,'2017-09-12 17:46:32'),(3326,6,6,'15_30','2017-12-12','CEI',0,0,'2017-09-12 17:46:32'),(3327,6,6,'16_00','2017-12-12','CEI',0,0,'2017-09-12 17:46:32'),(3328,6,36,'16_00','2017-09-12','CEI',0,0,'2017-09-12 18:45:02'),(3329,6,36,'16_30','2017-09-12','CEI',0,0,'2017-09-12 18:45:05'),(3330,6,36,'17_00','2017-09-12','CEI',0,0,'2017-09-12 18:45:09'),(3331,2,8,'12_00','2017-09-13','I9Access - Geovane',0,0,'2017-09-13 14:53:14'),(3332,2,8,'12_30','2017-09-13','I9Access - Geovane',0,0,'2017-09-13 14:53:14'),(3333,2,8,'13_00','2017-09-13','I9Access - Geovane',0,0,'2017-09-13 14:53:14'),(3334,2,8,'13_30','2017-09-13','I9Access - Geovane',0,0,'2017-09-13 14:53:14'),(3335,6,8,'13_00','2017-09-18','I9access Carolina',0,0,'2017-09-13 19:35:37'),(3336,6,8,'13_30','2017-09-18','I9access Carolina',0,0,'2017-09-13 19:35:37'),(3337,6,8,'14_00','2017-09-18','I9access Carolina',0,0,'2017-09-13 19:35:37'),(3338,6,8,'14_30','2017-09-18','I9access Carolina',0,0,'2017-09-13 19:35:37'),(3339,6,8,'15_00','2017-09-18','I9access Carolina',0,0,'2017-09-13 19:35:37'),(3340,6,8,'15_30','2017-09-18','I9access Carolina',0,0,'2017-09-13 19:35:37'),(3341,6,8,'16_00','2017-09-18','I9access Carolina',0,0,'2017-09-13 19:35:37'),(3342,6,8,'16_30','2017-09-18','I9access Carolina',0,0,'2017-09-13 19:35:37'),(3343,6,8,'17_00','2017-09-18','I9access Carolina',0,0,'2017-09-13 19:35:37'),(3344,2,13,'8_30','2017-09-15','beeit',0,0,'2017-09-14 12:35:05'),(3345,2,13,'9_00','2017-09-15','beeit',0,0,'2017-09-14 12:35:05'),(3346,2,13,'9_30','2017-09-15','beeit',0,0,'2017-09-14 12:35:05'),(3347,2,13,'10_00','2017-09-15','beeit',0,0,'2017-09-14 12:35:05'),(3348,2,13,'10_30','2017-09-15','beeit',0,0,'2017-09-14 12:35:05'),(3349,2,13,'11_00','2017-09-15','beeit',0,0,'2017-09-14 12:35:05'),(3350,2,13,'11_30','2017-09-15','beeit',0,0,'2017-09-14 12:35:05'),(3351,2,13,'12_00','2017-09-15','beeit',0,0,'2017-09-14 12:35:05'),(3352,6,12,'14_00','2017-09-14','Cognitiva',1,12,'2017-09-14 20:05:35'),(3353,6,12,'14_30','2017-09-14','Cognitiva',1,12,'2017-09-14 20:05:37'),(3354,6,12,'15_00','2017-09-14','Cognitiva',1,12,'2017-09-14 20:05:40'),(3355,6,12,'15_30','2017-09-14','Cognitiva',1,12,'2017-09-14 20:05:43'),(3356,6,12,'16_00','2017-09-14','Cognitiva',1,12,'2017-09-14 20:05:46'),(3357,6,12,'16_30','2017-09-14','Cognitiva',1,12,'2017-09-14 20:05:49'),(3358,6,11,'17_00','2017-09-14','E-AWARE',0,0,'2017-09-14 18:17:12'),(3359,2,36,'16_00','2017-09-18','CEI - Victor',0,0,'2017-09-14 18:33:13'),(3360,2,36,'16_30','2017-09-18','CEI - Victor',0,0,'2017-09-14 18:33:16'),(3361,2,36,'17_00','2017-09-18','CEI - Victor',0,0,'2017-09-14 18:33:20'),(3362,6,8,'12_00','2017-09-22','I9access Carolina',0,0,'2017-09-18 14:21:48'),(3363,6,8,'12_30','2017-09-22','I9access Carolina',0,0,'2017-09-18 14:22:12'),(3364,6,8,'13_00','2017-09-22','I9access Carolina',0,0,'2017-09-18 14:22:31'),(3365,6,8,'13_30','2017-09-22','I9access Carolina',0,0,'2017-09-18 14:22:48'),(3366,6,8,'14_00','2017-09-22','I9access Carolina',0,0,'2017-09-18 14:23:11'),(3367,2,13,'8_30','2017-09-22','BEEIT',0,0,'2017-09-18 14:39:03'),(3368,2,13,'9_00','2017-09-22','BEEIT',0,0,'2017-09-18 14:39:03'),(3369,2,13,'9_30','2017-09-22','BEEIT',0,0,'2017-09-18 14:39:03'),(3370,2,13,'10_00','2017-09-22','BEEIT',0,0,'2017-09-18 14:39:03'),(3371,2,13,'10_30','2017-09-22','BEEIT',0,0,'2017-09-18 14:39:03'),(3372,2,13,'11_00','2017-09-22','BEEIT',0,0,'2017-09-18 14:39:03'),(3373,2,13,'11_30','2017-09-22','BEEIT',0,0,'2017-09-18 14:39:03'),(3374,2,13,'12_00','2017-09-22','BEEIT',0,0,'2017-09-18 14:39:03'),(3375,6,27,'12_00','2017-09-21','NSCAD',0,0,'2017-09-18 19:18:02'),(3376,6,27,'12_30','2017-09-21','NSCAD',0,0,'2017-09-18 19:18:02'),(3377,6,27,'13_00','2017-09-21','NSCAD',0,0,'2017-09-18 19:18:02'),(3378,6,8,'14_30','2017-09-22','i9access Alexandro',0,0,'2017-09-19 01:42:34'),(3379,6,8,'15_00','2017-09-22','i9access Alexandro',0,0,'2017-09-19 01:42:34'),(3380,6,8,'15_30','2017-09-22','i9access Alexandro',0,0,'2017-09-19 01:42:34'),(3381,6,8,'16_00','2017-09-22','i9access Alexandro',0,0,'2017-09-19 01:42:34'),(3382,6,8,'16_30','2017-09-22','i9access Alexandro',0,0,'2017-09-19 01:42:34'),(3383,6,8,'17_00','2017-09-22','i9access Alexandro',0,0,'2017-09-19 01:42:34'),(3384,2,11,'13_30','2017-09-19','E-AWARE',0,0,'2017-09-19 13:17:59'),(3385,2,11,'14_00','2017-09-19','E-AWARE',0,0,'2017-09-19 13:17:59'),(3386,2,11,'14_30','2017-09-19','E-AWARE',0,0,'2017-09-19 13:17:59'),(3387,2,11,'15_00','2017-09-19','E-AWARE',0,0,'2017-09-19 13:17:59'),(3388,2,11,'14_30','2017-09-22','E-AWARE',0,0,'2017-09-19 14:40:00'),(3389,2,11,'15_00','2017-09-22','E-AWARE',0,0,'2017-09-19 14:40:00'),(3390,2,11,'15_30','2017-09-22','E-AWARE',0,0,'2017-09-19 14:40:00'),(3391,2,11,'16_00','2017-09-22','E-AWARE',0,0,'2017-09-19 14:40:00'),(3392,6,27,'8_30','2017-09-29','NSCAD',1,27,'2017-09-19 16:10:42'),(3393,6,27,'9_00','2017-09-29','NSCAD',0,0,'2017-09-19 15:54:01'),(3394,6,27,'9_30','2017-09-29','NSCAD',0,0,'2017-09-19 15:54:01'),(3395,6,27,'10_00','2017-09-29','NSCAD',0,0,'2017-09-19 15:54:01'),(3396,6,27,'10_30','2017-09-29','NSCAD',0,0,'2017-09-19 15:54:01'),(3397,6,27,'11_00','2017-09-29','NSCAD',0,0,'2017-09-19 15:54:01'),(3398,6,27,'11_30','2017-09-29','NSCAD',0,0,'2017-09-19 15:54:01'),(3399,6,27,'12_00','2017-09-29','NSCAD',0,0,'2017-09-19 15:54:01'),(3400,6,27,'8_30','2017-09-29','NSCAD (Jerson)',0,0,'2017-09-19 16:10:57'),(3401,2,11,'16_30','2017-09-22','E-AWARE',0,0,'2017-09-19 17:51:14'),(3402,2,11,'17_00','2017-09-22','E-AWARE',0,0,'2017-09-19 17:51:14'),(3403,6,27,'12_00','2017-12-06','NSCAD',0,0,'2017-09-21 12:40:57'),(3404,6,27,'12_30','2017-12-06','NSCAD',0,0,'2017-09-21 12:40:57'),(3405,6,27,'13_00','2017-12-06','NSCAD',0,0,'2017-09-21 12:40:57'),(3406,6,27,'12_00','2017-12-13','NSCAD',0,0,'2017-09-21 12:41:18'),(3407,6,27,'12_30','2017-12-13','NSCAD',0,0,'2017-09-21 12:41:18'),(3408,6,27,'13_00','2017-12-13','NSCAD',0,0,'2017-09-21 12:41:18'),(3409,6,27,'12_00','2017-12-20','NSCAD',0,0,'2017-09-21 12:41:39'),(3410,6,27,'12_30','2017-12-20','NSCAD',0,0,'2017-09-21 12:41:39'),(3411,6,27,'13_00','2017-12-20','NSCAD',0,0,'2017-09-21 12:41:39'),(3412,6,11,'15_30','2017-09-21','E-AWARE',0,0,'2017-09-21 13:57:08'),(3413,6,11,'16_00','2017-09-21','E-AWARE',0,0,'2017-09-21 13:57:08'),(3414,6,11,'16_30','2017-09-21','E-AWARE',0,0,'2017-09-21 13:57:08'),(3415,6,11,'17_00','2017-09-21','E-AWARE',0,0,'2017-09-21 13:57:08'),(3416,2,11,'11_30','2017-09-21','E-AWARE',0,0,'2017-09-21 13:57:36'),(3417,2,11,'12_00','2017-09-21','E-AWARE',0,0,'2017-09-21 13:57:36'),(3418,6,11,'14_30','2017-09-21','E-AWARE',0,0,'2017-09-21 15:55:26'),(3419,6,11,'15_00','2017-09-21','E-AWARE',0,0,'2017-09-21 15:56:02'),(3420,6,12,'9_00','2017-09-22','Cognitiva',0,0,'2017-09-22 11:46:57'),(3421,2,22,'14_00','2017-09-18','Mconf Tecnologia',0,0,'2017-09-22 16:58:28'),(3422,2,22,'14_30','2017-09-18','Mconf Tecnologia',0,0,'2017-09-22 16:58:28'),(3423,6,12,'9_00','2017-09-25','Cognitiva',0,0,'2017-09-25 02:23:01'),(3424,2,11,'9_30','2017-09-25','E-AWARE',0,0,'2017-09-25 12:20:40'),(3425,2,11,'10_00','2017-09-25','E-AWARE',0,0,'2017-09-25 12:20:40'),(3426,2,11,'10_30','2017-09-25','E-AWARE',0,0,'2017-09-25 12:20:40'),(3427,6,11,'15_00','2017-09-25','E-AWARE',0,0,'2017-09-25 16:31:19'),(3428,6,11,'15_30','2017-09-25','E-AWARE',0,0,'2017-09-25 16:31:19'),(3429,6,11,'16_00','2017-09-25','E-AWARE',0,0,'2017-09-25 16:31:19'),(3430,2,13,'13_30','2017-09-25','BEEIT',0,0,'2017-09-25 17:37:54'),(3431,2,13,'14_00','2017-09-25','BEEIT',0,0,'2017-09-25 17:37:54'),(3432,2,13,'14_30','2017-09-25','BEEIT',0,0,'2017-09-25 17:37:54'),(3433,2,13,'15_00','2017-09-25','BEEIT',0,0,'2017-09-25 17:37:54'),(3434,2,13,'15_30','2017-09-25','BEEIT',0,0,'2017-09-25 17:37:54'),(3435,2,13,'16_00','2017-09-25','BEEIT',0,0,'2017-09-25 17:37:54'),(3436,6,36,'17_00','2017-09-25','Mconf',0,0,'2017-09-25 20:03:55'),(3437,6,33,'13_00','2017-11-27','Visita Consul USA',0,0,'2017-09-25 20:09:47'),(3438,6,33,'13_30','2017-11-27','Visita Consul USA',0,0,'2017-09-25 20:09:47'),(3439,6,33,'14_00','2017-11-27','Visita Consul USA',0,0,'2017-09-25 20:09:47'),(3440,6,33,'14_30','2017-11-27','Visita Consul USA',0,0,'2017-09-25 20:09:47'),(3441,6,33,'15_00','2017-11-27','Visita Consul USA',0,0,'2017-09-25 20:09:47'),(3442,6,33,'15_30','2017-11-27','Visita Consul USA',0,0,'2017-09-25 20:09:47'),(3443,6,33,'16_00','2017-11-27','Visita Consul USA',0,0,'2017-09-25 20:09:47'),(3444,6,33,'16_30','2017-11-27','Visita Consul USA',0,0,'2017-09-25 20:09:47'),(3445,6,33,'17_00','2017-11-27','Visita Consul USA',0,0,'2017-09-25 20:09:47'),(3446,6,33,'8_30','2017-11-27','Visita Consul USA',0,0,'2017-09-25 20:10:05'),(3447,6,33,'9_00','2017-11-27','Visita Consul USA',0,0,'2017-09-25 20:10:05'),(3448,6,33,'9_30','2017-11-27','Visita Consul USA',0,0,'2017-09-25 20:10:05'),(3449,6,33,'10_00','2017-11-27','Visita Consul USA',0,0,'2017-09-25 20:10:05'),(3450,6,33,'10_30','2017-11-27','Visita Consul USA',0,0,'2017-09-25 20:10:05'),(3451,6,33,'11_00','2017-11-27','Visita Consul USA',0,0,'2017-09-25 20:10:05'),(3452,6,33,'11_30','2017-11-27','Visita Consul USA',0,0,'2017-09-25 20:10:05'),(3453,6,33,'12_00','2017-11-27','Visita Consul USA',0,0,'2017-09-25 20:10:05'),(3454,6,33,'12_30','2017-11-27','Visita Consul USA',0,0,'2017-09-25 20:10:05'),(3455,2,8,'8_30','2017-09-26','I9Access - Geovane',0,0,'2017-09-25 20:28:11'),(3456,2,8,'9_00','2017-09-26','I9Access - Geovane',0,0,'2017-09-25 20:28:11'),(3457,2,8,'9_30','2017-09-26','I9Access - Geovane',0,0,'2017-09-25 20:28:11'),(3458,2,8,'10_00','2017-09-26','I9Access - Geovane',0,0,'2017-09-25 20:28:11'),(3459,2,8,'13_00','2017-09-26','I9Access - Geovane',0,0,'2017-09-25 20:28:11'),(3460,2,8,'13_30','2017-09-26','I9Access - Geovane',0,0,'2017-09-25 20:28:11'),(3461,2,13,'13_30','2017-10-23','BEEIT',0,0,'2017-09-26 11:45:31'),(3462,2,13,'14_00','2017-10-23','BEEIT',0,0,'2017-09-26 11:45:31'),(3463,2,13,'14_30','2017-10-23','BEEIT',0,0,'2017-09-26 11:45:31'),(3464,2,13,'15_00','2017-10-23','BEEIT',0,0,'2017-09-26 11:45:31'),(3465,2,13,'15_30','2017-10-23','BEEIT',0,0,'2017-09-26 11:45:31'),(3466,2,13,'16_00','2017-10-23','BEEIT',0,0,'2017-09-26 11:45:31'),(3467,2,13,'16_30','2017-10-23','BEEIT',0,0,'2017-09-26 11:45:31'),(3468,2,13,'17_00','2017-10-23','BEEIT',0,0,'2017-09-26 11:45:31'),(3469,6,27,'12_30','2017-09-29','NSCAD',0,0,'2017-09-26 15:48:38'),(3470,6,27,'13_00','2017-09-29','NSCAD',0,0,'2017-09-26 15:48:38'),(3471,6,12,'16_00','2017-09-26','Cogntiva',0,0,'2017-09-26 19:18:34'),(3472,6,12,'16_30','2017-09-26','Cogntiva',0,0,'2017-09-26 19:18:34'),(3473,2,8,'9_00','2017-09-27','I9Access - Geovane',0,0,'2017-09-27 11:48:05'),(3474,2,8,'9_30','2017-09-27','I9Access - Geovane',0,0,'2017-09-27 11:48:05'),(3475,6,36,'8_30','2017-09-27','BEEIT',0,0,'2017-09-27 11:52:28'),(3476,6,36,'9_00','2017-09-27','BEEIT',0,0,'2017-09-27 11:52:34'),(3477,6,36,'9_30','2017-09-27','BEEIT',0,0,'2017-09-27 11:52:39'),(3478,2,13,'13_00','2017-09-29','BEEIT',0,0,'2017-09-28 11:52:02'),(3479,2,13,'13_30','2017-09-29','BEEIT',0,0,'2017-09-28 11:52:02'),(3480,2,13,'14_00','2017-09-29','BEEIT',0,0,'2017-09-28 11:52:02'),(3481,2,13,'14_30','2017-09-29','BEEIT',0,0,'2017-09-28 11:52:02'),(3482,2,13,'15_00','2017-09-29','BEEIT',0,0,'2017-09-28 11:52:02'),(3483,2,13,'15_30','2017-09-29','BEEIT',0,0,'2017-09-28 11:52:02'),(3484,2,13,'16_00','2017-09-29','BEEIT',0,0,'2017-09-28 11:52:02'),(3485,2,13,'16_30','2017-09-29','BEEIT',0,0,'2017-09-28 11:52:02'),(3486,2,8,'12_00','2017-09-28','I9Access - Geovane',0,0,'2017-09-28 12:27:32'),(3487,2,8,'12_30','2017-09-28','I9Access - Geovane',0,0,'2017-09-28 12:27:32'),(3488,2,8,'13_00','2017-09-28','I9Access - Geovane',0,0,'2017-09-28 12:27:32'),(3489,2,8,'13_30','2017-09-28','I9Access - Geovane',0,0,'2017-09-28 12:27:32'),(3490,6,8,'15_30','2017-09-29','I9Access - Geovane',0,0,'2017-09-28 12:33:09'),(3491,6,8,'16_00','2017-09-29','I9Access - Geovane',0,0,'2017-09-28 12:33:09'),(3492,6,8,'16_30','2017-09-29','I9Access - Geovane',0,0,'2017-09-28 12:33:09'),(3493,6,8,'17_00','2017-09-29','I9Access - Geovane',0,0,'2017-09-28 12:33:09'),(3494,6,12,'12_30','2017-09-28','Cognitiva',0,0,'2017-09-28 13:41:00'),(3495,6,12,'13_00','2017-09-28','Cognitiva',1,12,'2017-09-28 20:03:59'),(3496,2,12,'12_30','2017-10-02','Cognitiva',1,12,'2017-09-28 13:42:02'),(3497,2,12,'13_00','2017-10-02','Cognitiva',1,12,'2017-09-28 13:42:04'),(3498,6,12,'12_30','2017-10-02','Cognitiva',0,0,'2017-09-28 13:42:14'),(3499,6,12,'13_00','2017-10-02','Cognitiva',1,12,'2017-10-02 16:51:26'),(3500,2,12,'12_30','2017-10-04','Cognitiva',1,33,'2017-10-04 13:38:58'),(3501,2,12,'13_00','2017-10-04','Cognitiva',1,33,'2017-10-04 13:39:02'),(3502,6,27,'8_30','2017-10-02','NSCAD (Nelson)',0,0,'2017-09-28 16:38:26'),(3503,6,27,'9_00','2017-10-02','NSCAD (Nelson)',1,27,'2017-09-28 16:38:38'),(3504,6,27,'9_30','2017-10-02','NSCAD (Nelson)',1,27,'2017-09-28 16:38:41'),(3505,6,27,'10_00','2017-10-02','NSCAD (Nelson)',1,27,'2017-09-28 16:38:44'),(3506,6,27,'10_30','2017-10-02','NSCAD (Nelson)',1,27,'2017-09-28 16:38:46'),(3507,6,27,'11_00','2017-10-02','NSCAD (Nelson)',1,27,'2017-09-28 16:38:48'),(3508,6,27,'11_30','2017-10-02','NSCAD (Nelson)',1,27,'2017-09-28 16:38:51'),(3509,6,27,'12_00','2017-10-02','NSCAD (Nelson)',1,27,'2017-09-28 16:38:35'),(3510,6,27,'9_00','2017-10-02','NSCAD',0,0,'2017-09-28 16:39:03'),(3511,6,27,'9_30','2017-10-02','NSCAD',0,0,'2017-09-28 16:39:03'),(3512,6,27,'10_00','2017-10-02','NSCAD',0,0,'2017-09-28 16:39:03'),(3513,6,27,'10_30','2017-10-02','NSCAD',0,0,'2017-09-28 16:39:03'),(3514,6,27,'11_00','2017-10-02','NSCAD',0,0,'2017-09-28 16:39:03'),(3515,6,27,'11_30','2017-10-02','NSCAD',0,0,'2017-09-28 16:39:03'),(3516,2,13,'8_30','2017-09-29','BEEIT',1,13,'2017-09-28 19:17:36'),(3517,2,13,'9_00','2017-09-29','BEEIT',1,13,'2017-09-28 19:17:39'),(3518,2,13,'9_30','2017-09-29','BEEIT',1,13,'2017-09-28 19:17:41'),(3519,2,13,'10_00','2017-09-29','BEEIT',1,13,'2017-09-28 19:17:53'),(3520,2,13,'10_30','2017-09-29','BEEIT',1,13,'2017-09-28 19:17:50'),(3521,2,13,'11_00','2017-09-29','BEEIT',1,13,'2017-09-28 19:17:48'),(3522,2,13,'11_30','2017-09-29','BEEIT',1,13,'2017-09-28 19:17:55'),(3523,2,13,'12_00','2017-09-29','BEEIT',1,13,'2017-09-28 19:17:45'),(3524,23,36,'15_00','2017-09-28','Mconf',0,0,'2017-09-28 17:00:16'),(3525,2,13,'8_30','2017-10-02','BEEIT',0,0,'2017-09-28 19:18:27'),(3526,2,13,'9_00','2017-10-02','BEEIT',0,0,'2017-09-28 19:18:27'),(3527,2,13,'9_30','2017-10-02','BEEIT',0,0,'2017-09-28 19:18:27'),(3528,2,13,'10_00','2017-10-02','BEEIT',0,0,'2017-09-28 19:18:27'),(3529,2,13,'10_30','2017-10-02','BEEIT',0,0,'2017-09-28 19:18:27'),(3530,2,13,'11_00','2017-10-02','BEEIT',0,0,'2017-09-28 19:18:27'),(3531,2,13,'11_30','2017-10-02','BEEIT',0,0,'2017-09-28 19:18:27'),(3532,2,13,'12_00','2017-10-02','BEEIT',0,0,'2017-09-28 19:18:27'),(3533,2,11,'9_00','2017-09-29','E-AWARE',0,0,'2017-09-29 12:37:42'),(3534,2,11,'9_30','2017-09-29','E-AWARE',0,0,'2017-09-29 12:37:42'),(3535,6,6,'14_30','2017-09-29','I9Access',0,0,'2017-09-29 17:39:57'),(3536,6,6,'15_00','2017-09-29','I9Access',0,0,'2017-09-29 17:39:57'),(3537,6,33,'10_00','2017-10-03','CEI - Desenfila',1,36,'2017-10-03 11:46:24'),(3538,2,13,'9_00','2017-10-03','BEEIT',0,0,'2017-10-03 11:05:56'),(3539,2,13,'9_30','2017-10-03','BEEIT',0,0,'2017-10-03 11:05:56'),(3540,2,13,'10_00','2017-10-03','BEEIT',0,0,'2017-10-03 11:05:56'),(3541,2,13,'10_30','2017-10-03','BEEIT',0,0,'2017-10-03 11:05:56'),(3542,2,13,'11_00','2017-10-03','BEEIT',0,0,'2017-10-03 11:05:56'),(3543,6,36,'10_30','2017-10-03','NSCAD',0,0,'2017-10-03 11:46:37'),(3544,6,36,'11_00','2017-10-03','NSCAD',0,0,'2017-10-03 11:46:44'),(3545,6,36,'11_30','2017-10-03','NSCAD',0,0,'2017-10-03 11:46:52'),(3546,23,36,'10_00','2017-10-03','CEI - Desenfila',0,0,'2017-10-03 11:47:21'),(3547,2,22,'13_30','2017-10-03','Mconf Tecnologia',0,0,'2017-10-03 15:48:53'),(3548,2,22,'14_00','2017-10-03','Mconf Tecnologia',0,0,'2017-10-03 15:48:53'),(3549,2,22,'14_30','2017-10-03','Mconf Tecnologia',0,0,'2017-10-03 15:48:53'),(3550,6,13,'13_00','2017-10-06','BEEIT',0,0,'2017-10-03 20:06:24'),(3551,6,13,'13_30','2017-10-06','BEEIT',0,0,'2017-10-03 20:06:24'),(3552,6,13,'14_00','2017-10-06','BEEIT',0,0,'2017-10-03 20:06:24'),(3553,6,13,'14_30','2017-10-06','BEEIT',0,0,'2017-10-03 20:06:24'),(3554,6,13,'15_00','2017-10-06','BEEIT',0,0,'2017-10-03 20:06:24'),(3555,6,13,'15_30','2017-10-06','BEEIT',0,0,'2017-10-03 20:06:24'),(3556,6,13,'16_00','2017-10-06','BEEIT',0,0,'2017-10-03 20:06:24'),(3557,6,12,'9_30','2017-10-04','Cognitiva',0,0,'2017-10-04 12:17:30'),(3558,6,12,'10_00','2017-10-04','Cognitiva',0,0,'2017-10-04 12:17:30'),(3559,6,12,'10_30','2017-10-04','Cognitiva',0,0,'2017-10-04 12:17:30'),(3560,6,12,'11_00','2017-10-04','Cognitiva',0,0,'2017-10-04 12:17:30'),(3561,6,12,'11_30','2017-10-04','Cognitiva',0,0,'2017-10-04 12:17:30'),(3562,2,11,'9_30','2017-10-04','E-AWARE',0,0,'2017-10-04 12:35:18'),(3563,2,11,'10_00','2017-10-04','E-AWARE',0,0,'2017-10-04 12:35:18'),(3564,6,33,'12_30','2017-10-04','Cognitiva',0,0,'2017-10-04 13:38:45'),(3565,6,33,'13_00','2017-10-04','Cognitiva',0,0,'2017-10-04 13:38:45'),(3566,6,11,'14_00','2017-10-04','E-AWARE',0,0,'2017-10-04 14:42:28'),(3567,6,11,'14_30','2017-10-04','E-AWARE',0,0,'2017-10-04 14:42:28'),(3568,6,8,'8_30','2017-10-06','i9access - Alexandro',0,0,'2017-10-05 11:11:22'),(3569,6,8,'9_00','2017-10-06','i9access - Alexandro',0,0,'2017-10-05 11:11:22'),(3570,6,8,'9_30','2017-10-06','i9access - Alexandro',0,0,'2017-10-05 11:11:22'),(3571,6,8,'10_00','2017-10-06','i9access - Alexandro',0,0,'2017-10-05 11:11:22'),(3572,6,8,'10_30','2017-10-06','i9access - Alexandro',0,0,'2017-10-05 11:11:22'),(3573,6,8,'11_00','2017-10-06','i9access - Alexandro',0,0,'2017-10-05 11:11:22'),(3574,6,8,'11_30','2017-10-06','i9access - Alexandro',0,0,'2017-10-05 11:11:22'),(3575,6,8,'12_00','2017-10-06','i9access - Alexandro',0,0,'2017-10-05 11:11:22'),(3576,6,8,'12_30','2017-10-06','i9access - Alexandro',0,0,'2017-10-05 11:11:22'),(3577,2,8,'13_00','2017-10-06','i9access - Alexandro',0,0,'2017-10-05 11:11:36'),(3578,2,8,'13_30','2017-10-06','i9access - Alexandro',0,0,'2017-10-05 11:11:36'),(3579,2,8,'14_00','2017-10-06','i9access - Alexandro',0,0,'2017-10-05 11:11:36'),(3580,2,8,'14_30','2017-10-06','i9access - Alexandro',0,0,'2017-10-05 11:11:36'),(3581,2,8,'15_00','2017-10-06','i9access - Alexandro',0,0,'2017-10-05 11:11:36'),(3582,2,8,'15_30','2017-10-06','i9access - Alexandro',0,0,'2017-10-05 11:11:36'),(3583,2,8,'16_00','2017-10-06','i9access - Alexandro',0,0,'2017-10-05 11:11:36'),(3584,2,8,'16_30','2017-10-06','i9access - Alexandro',0,0,'2017-10-05 11:11:36'),(3585,2,8,'17_00','2017-10-06','i9access - Alexandro',0,0,'2017-10-05 11:11:36'),(3586,6,33,'14_30','2017-10-13','CEI - RS Inova',0,0,'2017-10-05 11:55:46'),(3587,6,33,'15_00','2017-10-13','CEI - RS Inova',0,0,'2017-10-05 11:55:46'),(3588,6,33,'15_30','2017-10-13','CEI - RS Inova',0,0,'2017-10-05 11:55:46'),(3589,6,33,'16_00','2017-10-13','CEI - RS Inova',0,0,'2017-10-05 11:55:46'),(3590,6,33,'16_30','2017-10-13','CEI - RS Inova',0,0,'2017-10-05 11:55:46'),(3591,6,27,'12_00','2017-10-05','NSCAD',0,0,'2017-10-05 13:24:45'),(3592,6,27,'12_30','2017-10-05','NSCAD',0,0,'2017-10-05 13:24:45'),(3593,6,27,'13_00','2017-10-05','NSCAD',0,0,'2017-10-05 13:24:45'),(3594,2,11,'14_00','2017-10-10','E-AWARE',1,11,'2017-10-10 17:08:04'),(3595,2,11,'14_30','2017-10-10','E-AWARE',1,11,'2017-10-10 17:08:08'),(3596,2,11,'15_00','2017-10-10','E-AWARE',1,11,'2017-10-10 17:08:12'),(3597,6,11,'14_00','2017-10-09','E-AWARE',0,0,'2017-10-05 13:26:15'),(3598,6,11,'14_30','2017-10-09','E-AWARE',0,0,'2017-10-05 13:26:15'),(3599,6,11,'15_00','2017-10-09','E-AWARE',0,0,'2017-10-05 13:26:15'),(3600,6,11,'15_30','2017-10-09','E-AWARE',0,0,'2017-10-05 13:30:27'),(3601,2,8,'8_30','2017-10-06','i9access - Alexandro',0,0,'2017-10-05 18:25:11'),(3602,2,8,'9_00','2017-10-06','i9access - Alexandro',0,0,'2017-10-05 18:25:11'),(3603,2,8,'9_30','2017-10-06','i9access - Alexandro',0,0,'2017-10-05 18:25:11'),(3604,2,8,'10_00','2017-10-06','i9access - Alexandro',0,0,'2017-10-05 18:25:11'),(3605,2,8,'10_30','2017-10-06','i9access - Alexandro',0,0,'2017-10-05 18:25:11'),(3606,2,8,'11_00','2017-10-06','i9access - Alexandro',0,0,'2017-10-05 18:25:11'),(3607,2,8,'11_30','2017-10-06','i9access - Alexandro',0,0,'2017-10-05 18:25:11'),(3608,2,8,'12_00','2017-10-06','i9access - Alexandro',0,0,'2017-10-05 18:25:11'),(3609,2,8,'12_30','2017-10-06','i9access - Alexandro',0,0,'2017-10-05 18:25:11'),(3610,23,36,'15_00','2017-10-06','Mconf',0,0,'2017-10-06 13:44:55'),(3611,23,36,'15_30','2017-10-06','Mconf',0,0,'2017-10-06 13:45:04'),(3612,2,11,'9_00','2017-10-09','E-AWARE',0,0,'2017-10-09 01:38:03'),(3613,2,11,'9_30','2017-10-09','E-AWARE',0,0,'2017-10-09 01:38:03'),(3614,2,11,'10_00','2017-10-09','E-AWARE',0,0,'2017-10-09 01:38:03'),(3615,2,11,'10_30','2017-10-09','E-AWARE',0,0,'2017-10-09 01:38:03'),(3616,23,33,'10_00','2017-10-20','CEI - Maratona',1,33,'2017-10-09 13:12:29'),(3617,23,33,'10_30','2017-10-20','CEI - Maratona',1,33,'2017-10-09 13:12:31'),(3618,23,33,'11_00','2017-10-20','CEI - Maratona',1,33,'2017-10-09 13:12:33'),(3619,23,33,'11_30','2017-10-20','CEI - Maratona',1,33,'2017-10-09 13:12:35'),(3620,23,33,'10_00','2017-10-20','CEI',0,0,'2017-10-09 13:13:33'),(3621,23,33,'10_30','2017-10-20','CEI',0,0,'2017-10-09 13:13:33'),(3622,23,33,'11_00','2017-10-20','CEI',0,0,'2017-10-09 13:13:33'),(3623,23,33,'11_30','2017-10-20','CEI',0,0,'2017-10-09 13:13:33'),(3624,6,12,'13_00','2017-10-09','Cognitiva',1,12,'2017-10-09 16:17:22'),(3625,6,12,'13_30','2017-10-09','Cognitiva',1,12,'2017-10-09 16:17:25'),(3626,2,27,'12_30','2017-10-09','NSCAD',1,27,'2017-10-09 15:43:23'),(3627,2,27,'13_00','2017-10-09','NSCAD',1,27,'2017-10-09 15:43:25'),(3628,2,27,'13_30','2017-10-09','NSCAD',1,27,'2017-10-09 15:43:28'),(3629,2,27,'14_00','2017-10-09','NSCAD',1,27,'2017-10-09 15:43:31'),(3630,2,27,'14_30','2017-10-09','NSCAD',1,27,'2017-10-09 15:43:34'),(3631,2,27,'15_00','2017-10-09','NSCAD',1,27,'2017-10-09 15:43:44'),(3632,2,27,'15_30','2017-10-09','NSCAD',1,27,'2017-10-09 15:43:47'),(3633,2,27,'16_00','2017-10-09','NSCAD',1,27,'2017-10-09 15:43:57'),(3634,2,27,'16_30','2017-10-09','NSCAD',1,27,'2017-10-09 15:44:01'),(3635,6,11,'9_00','2017-10-10','E-AWARE',0,0,'2017-10-09 23:29:45'),(3636,6,11,'9_30','2017-10-10','E-AWARE',0,0,'2017-10-09 23:29:45'),(3637,6,33,'16_00','2017-10-10','CEI',0,0,'2017-10-10 12:15:54'),(3638,6,33,'16_30','2017-10-10','CEI',0,0,'2017-10-10 12:15:54'),(3639,2,8,'12_00','2017-10-10','I9Access - Geovane',0,0,'2017-10-10 12:38:04'),(3640,2,8,'12_30','2017-10-10','I9Access - Geovane',0,0,'2017-10-10 12:38:04'),(3641,2,8,'13_00','2017-10-10','I9Access - Geovane',0,0,'2017-10-10 12:38:04'),(3642,2,13,'9_00','2017-10-10','BEEIT',0,0,'2017-10-10 12:56:58'),(3643,2,13,'9_30','2017-10-10','BEEIT',0,0,'2017-10-10 12:56:58'),(3644,2,13,'10_00','2017-10-10','BEEIT',0,0,'2017-10-10 12:56:58'),(3645,2,13,'10_30','2017-10-10','BEEIT',0,0,'2017-10-10 12:56:58'),(3646,2,13,'11_00','2017-10-10','BEEIT',0,0,'2017-10-10 12:56:58'),(3647,2,13,'11_30','2017-10-10','BEEIT',0,0,'2017-10-10 12:56:58'),(3648,6,11,'10_00','2017-10-10','E-AWARE',0,0,'2017-10-10 13:04:09'),(3649,6,11,'10_30','2017-10-10','E-AWARE',0,0,'2017-10-10 13:04:09'),(3650,6,12,'12_30','2017-10-10','Cognitiva',0,0,'2017-10-10 14:24:55'),(3651,2,11,'16_00','2017-10-10','E-AWARE',0,0,'2017-10-10 17:08:27'),(3652,2,11,'16_30','2017-10-10','E-AWARE',0,0,'2017-10-10 17:08:27'),(3653,6,11,'9_00','2017-10-11','E-AWARE',1,11,'2017-10-11 17:06:07'),(3654,6,11,'9_30','2017-10-11','E-AWARE',1,11,'2017-10-11 17:06:14'),(3655,6,11,'10_00','2017-10-11','E-AWARE',1,11,'2017-10-11 17:06:04'),(3656,6,13,'13_30','2017-10-11','BEEIT',0,0,'2017-10-11 11:16:48'),(3657,6,13,'14_00','2017-10-11','BEEIT',0,0,'2017-10-11 11:16:48'),(3658,6,13,'14_30','2017-10-11','BEEIT',0,0,'2017-10-11 11:16:48'),(3659,6,1,'10_30','2017-10-11','Cognitiva Brasil',0,0,'2017-10-11 13:45:33'),(3660,6,1,'11_00','2017-10-11','Cognitiva Brasil',0,0,'2017-10-11 13:45:33'),(3661,6,1,'11_30','2017-10-11','Cognitiva Brasil',0,0,'2017-10-11 13:45:33'),(3662,2,12,'13_30','2017-10-11','Cognitiva',1,12,'2017-10-11 16:24:59'),(3663,6,27,'12_00','2017-10-13','NSCAD',0,0,'2017-10-11 16:38:43'),(3664,6,27,'12_30','2017-10-13','NSCAD',0,0,'2017-10-11 16:38:43'),(3665,6,27,'13_00','2017-10-13','NSCAD',0,0,'2017-10-11 16:38:43'),(3666,6,11,'16_00','2017-10-11','E-AWARE',0,0,'2017-10-11 17:06:27'),(3667,6,11,'16_30','2017-10-11','E-AWARE',0,0,'2017-10-11 17:06:27'),(3668,2,11,'15_00','2017-10-13','E-AWARE',0,0,'2017-10-11 17:09:06'),(3669,2,11,'15_30','2017-10-13','E-AWARE',0,0,'2017-10-11 17:09:06'),(3670,2,29,'14_00','2017-10-17','System Advisor',0,0,'2017-10-11 18:21:51'),(3671,2,29,'14_30','2017-10-17','System Advisor',0,0,'2017-10-11 18:21:51'),(3672,2,29,'15_00','2017-10-17','System Advisor',0,0,'2017-10-11 18:21:51'),(3673,2,29,'15_30','2017-10-17','System Advisor',0,0,'2017-10-11 18:21:51'),(3674,2,29,'16_00','2017-10-17','System Advisor',0,0,'2017-10-11 18:21:51'),(3675,2,29,'16_30','2017-10-17','System Advisor',0,0,'2017-10-11 18:21:51'),(3676,6,12,'12_30','2017-10-12','Cognitiva',0,0,'2017-10-11 19:26:40'),(3677,6,36,'9_00','2017-10-13','Cognitiva',0,0,'2017-10-13 11:56:37'),(3678,6,36,'9_30','2017-10-13','Cognitiva',0,0,'2017-10-13 11:56:52'),(3679,6,36,'10_00','2017-10-13','Cognitiva',0,0,'2017-10-13 11:56:55'),(3680,6,36,'10_30','2017-10-13','Cognitiva',0,0,'2017-10-13 11:57:01'),(3681,6,36,'11_00','2017-10-13','Cognitiva',0,0,'2017-10-13 11:57:06'),(3682,6,36,'11_30','2017-10-13','Cognitiva',0,0,'2017-10-13 11:57:10'),(3683,6,33,'13_30','2017-10-19','CEI - Orbital',0,0,'2017-10-13 12:20:23'),(3684,6,33,'14_00','2017-10-19','CEI - Orbital',0,0,'2017-10-13 12:20:23'),(3685,6,33,'14_30','2017-10-19','CEI - Orbital',0,0,'2017-10-13 12:20:23'),(3686,6,33,'15_00','2017-10-19','CEI - Orbital',0,0,'2017-10-13 12:20:23'),(3687,2,11,'11_00','2017-10-13','E-AWARE',0,0,'2017-10-13 12:51:23'),(3688,2,11,'11_30','2017-10-13','E-AWARE',0,0,'2017-10-13 12:51:23'),(3689,6,13,'11_30','2017-10-16','BEEIT',0,0,'2017-10-13 17:19:45'),(3690,6,13,'12_00','2017-10-16','BEEIT',0,0,'2017-10-13 17:19:45'),(3691,6,13,'12_30','2017-10-16','BEEIT',0,0,'2017-10-13 17:19:45'),(3692,6,13,'13_00','2017-10-16','BEEIT',0,0,'2017-10-13 17:19:45'),(3693,2,13,'11_00','2017-10-18','BEEIT',0,0,'2017-10-13 17:46:32'),(3694,2,13,'11_30','2017-10-18','BEEIT',0,0,'2017-10-13 17:46:32'),(3695,2,13,'12_00','2017-10-18','BEEIT',0,0,'2017-10-13 17:46:32'),(3696,2,13,'12_30','2017-10-18','BEEIT',0,0,'2017-10-13 17:46:32'),(3697,2,13,'13_00','2017-10-18','BEEIT',0,0,'2017-10-13 17:46:32'),(3698,2,13,'11_00','2017-10-20','BEEIT',0,0,'2017-10-13 17:46:48'),(3699,2,13,'11_30','2017-10-20','BEEIT',0,0,'2017-10-13 17:46:48'),(3700,2,13,'12_00','2017-10-20','BEEIT',0,0,'2017-10-13 17:46:48'),(3701,2,13,'12_30','2017-10-20','BEEIT',0,0,'2017-10-13 17:46:48'),(3702,6,13,'11_30','2017-10-23','BEEIT',0,0,'2017-10-13 17:49:57'),(3703,6,13,'12_00','2017-10-23','BEEIT',0,0,'2017-10-13 17:49:57'),(3704,6,13,'12_30','2017-10-23','BEEIT',0,0,'2017-10-13 17:49:57'),(3705,2,13,'11_30','2017-10-25','BEEIT',0,0,'2017-10-13 17:50:42'),(3706,2,13,'12_00','2017-10-25','BEEIT',0,0,'2017-10-13 17:50:42'),(3707,2,13,'12_30','2017-10-25','BEEIT',0,0,'2017-10-13 17:50:42'),(3708,6,13,'11_30','2017-10-27','BEEIT',0,0,'2017-10-13 17:51:55'),(3709,6,13,'12_00','2017-10-27','BEEIT',0,0,'2017-10-13 17:51:55'),(3710,6,13,'12_30','2017-10-27','BEEIT',0,0,'2017-10-13 17:51:55'),(3711,6,13,'13_00','2017-10-27','BEEIT',0,0,'2017-10-13 17:51:55'),(3712,6,11,'9_00','2017-10-16','E-AWARE',1,11,'2017-10-16 11:07:30'),(3713,6,11,'9_30','2017-10-16','E-AWARE',1,11,'2017-10-16 11:07:36'),(3714,6,11,'10_00','2017-10-16','E-AWARE',0,0,'2017-10-16 10:14:04'),(3715,6,11,'10_30','2017-10-16','E-AWARE',0,0,'2017-10-16 10:14:04'),(3716,6,11,'11_00','2017-10-16','E-AWARE',0,0,'2017-10-16 11:07:15'),(3717,6,22,'14_00','2017-10-16','Mconf Tecnologia',0,0,'2017-10-16 13:57:07'),(3718,6,22,'14_30','2017-10-16','Mconf Tecnologia',0,0,'2017-10-16 13:57:07'),(3719,2,27,'14_00','2017-10-16','NSCAD',0,0,'2017-10-16 15:57:51'),(3720,6,11,'8_30','2017-10-17','E-AWARE',0,0,'2017-10-16 22:56:42'),(3721,6,11,'9_00','2017-10-17','E-AWARE',0,0,'2017-10-16 22:56:42'),(3722,6,11,'9_30','2017-10-17','E-AWARE',0,0,'2017-10-16 22:56:42'),(3723,6,11,'10_00','2017-10-17','E-AWARE',0,0,'2017-10-16 22:56:42'),(3724,6,33,'10_30','2017-10-17','CEI',1,33,'2017-10-17 11:00:40'),(3725,6,33,'11_00','2017-10-17','CEI',1,33,'2017-10-17 11:00:42'),(3726,6,33,'11_30','2017-10-17','CEI',1,33,'2017-10-17 11:00:44'),(3727,6,11,'10_30','2017-10-17','E-AWARE',0,0,'2017-10-17 12:15:15'),(3728,6,11,'11_00','2017-10-17','E-AWARE',0,0,'2017-10-17 12:15:15'),(3729,6,11,'11_30','2017-10-17','E-AWARE',0,0,'2017-10-17 12:15:15'),(3730,2,8,'12_30','2017-10-17','I9Access - Geovane',0,0,'2017-10-17 12:22:28'),(3731,2,8,'13_00','2017-10-17','I9Access - Geovane',0,0,'2017-10-17 12:22:28'),(3732,2,8,'13_30','2017-10-17','I9Access - Geovane',0,0,'2017-10-17 12:22:28'),(3733,2,27,'9_00','2017-10-27','NSCAD (Pedro-Analog)',1,27,'2017-10-17 14:51:57'),(3734,2,27,'9_00','2017-10-27','NSCAD (Pedro)',0,0,'2017-10-17 14:52:09'),(3735,2,27,'9_30','2017-10-27','NSCAD',0,0,'2017-10-17 14:52:31'),(3736,2,27,'10_00','2017-10-27','NSCAD',0,0,'2017-10-17 14:52:31'),(3737,2,27,'10_30','2017-10-27','NSCAD',0,0,'2017-10-17 14:52:31'),(3738,2,27,'11_00','2017-10-27','NSCAD',0,0,'2017-10-17 14:52:31'),(3739,2,27,'11_30','2017-10-27','NSCAD',0,0,'2017-10-17 14:52:31'),(3740,2,27,'12_00','2017-10-27','NSCAD',0,0,'2017-10-17 14:52:31'),(3741,2,27,'12_30','2017-10-27','NSCAD',0,0,'2017-10-17 14:52:31'),(3742,2,27,'13_00','2017-10-27','NSCAD',0,0,'2017-10-17 14:52:31'),(3743,2,27,'13_30','2017-10-27','NSCAD',0,0,'2017-10-17 14:52:31'),(3744,2,27,'14_00','2017-10-27','NSCAD',0,0,'2017-10-17 14:52:31'),(3745,2,27,'14_30','2017-10-27','NSCAD',0,0,'2017-10-17 14:52:31'),(3746,2,27,'15_00','2017-10-27','NSCAD',0,0,'2017-10-17 14:52:31'),(3747,2,27,'15_30','2017-10-27','NSCAD',0,0,'2017-10-17 14:52:31'),(3748,2,27,'16_00','2017-10-27','NSCAD',0,0,'2017-10-17 14:52:31'),(3749,6,1,'8_30','2018-01-31','teste',0,0,'2018-01-31 12:25:06'),(3750,6,1,'9_00','2018-01-31','teste',0,0,'2018-01-31 12:25:06'),(3751,6,1,'9_30','2018-01-31','teste',0,0,'2018-01-31 12:25:06');
/*!40000 ALTER TABLE `erp_reservas_salas` ENABLE KEYS */;
UNLOCK TABLES;

--
-- Table structure for table `erp_salas`
--

DROP TABLE IF EXISTS `erp_salas`;
/*!40101 SET @saved_cs_client     = @@character_set_client */;
/*!40101 SET character_set_client = utf8 */;
CREATE TABLE `erp_salas` (
  `id` int(11) NOT NULL AUTO_INCREMENT,
  `nr_sala` varchar(45) DEFAULT NULL,
  `funcao` varchar(45) DEFAULT NULL,
  `descricao` varchar(255) DEFAULT NULL,
  `disponivel` varchar(45) DEFAULT NULL,
  `travada_cei` varchar(45) NOT NULL DEFAULT '0',
  `dimensoes` varchar(255) NOT NULL,
  PRIMARY KEY (`id`)
) ENGINE=InnoDB AUTO_INCREMENT=25 DEFAULT CHARSET=latin1;
/*!40101 SET character_set_client = @saved_cs_client */;

--
-- Dumping data for table `erp_salas`
--

LOCK TABLES `erp_salas` WRITE;
/*!40000 ALTER TABLE `erp_salas` DISABLE KEYS */;
INSERT INTO `erp_salas` VALUES (2,'103','Sala de reuniões','Mesa de reuniões para 8 pessoas com projetor','1','0',''),(3,'105','Cozinha','Cozinha dispondo de microondas, pia e mesa para almoço','0','0',''),(4,'107','Cognitiva Brasil','','0','0',''),(5,'109','Administração','Administração do CEI','0','0',''),(6,'111','Sala de reuniões','Sala de reuniões com projetor, 1 computador e mesa de reuniões para 12 pessoas','1','0',''),(7,'aud','Auditório','Auditório com 130 lugares. Disponível para locação no sistema do INF.','0','0',''),(8,'101','I9 Access','','0','0','120x60'),(9,'105b','Depósito','Depósito restrito do CEI','0','0',''),(10,'113','New Technologies','','0','0',''),(11,'115','NSCAD','','0','0',''),(12,'104','Aegro','','0','0',''),(13,'117','NAPI - Núcleo de apoio a pré incubação','Dentro do núcleo de apoio a pré incubação, contamos com as seguintes empresas:\r\n<br><br>\r\n- 4DB<br>\r\n- Clic Corretores<br>\r\n- Mobil Tracker<br>\r\n- Alpha Vikings<br>\r\n- Data Mundus<br>','0','0',''),(14,'119','Mconf Tecnologia','','0','0',''),(15,'121','Arbra','','0','0',''),(16,'118','Arbra','','0','0',''),(17,'120','','','0','0',''),(18,'122','Endeeper','','0','0',''),(19,'116','NSCAD','','0','0',''),(20,'110','Laboratório de microeletrônica','','0','0',''),(21,'108','Bee IT','','0','0',''),(22,'106','E-Aware','','0','0',''),(23,'102','Sala de Treinamento','Poltronas confortáveis, duas lousas digitais com projetores de ultra curta distância, 10 ipads para uso durante os treinamentos, computadores all in one touch screen, mesas basculantes com rodizios e lousas brancas com rodizios','1','1',''),(24,'Externa','Externa','Sala externa ao CEI','0','0','');
/*!40000 ALTER TABLE `erp_salas` ENABLE KEYS */;
UNLOCK TABLES;

--
-- Table structure for table `erp_salas_emp`
--

DROP TABLE IF EXISTS `erp_salas_emp`;
/*!40101 SET @saved_cs_client     = @@character_set_client */;
/*!40101 SET character_set_client = utf8 */;
CREATE TABLE `erp_salas_emp` (
  `id` int(11) NOT NULL AUTO_INCREMENT,
  `id_sala` int(11) DEFAULT NULL,
  `id_emp` int(11) DEFAULT NULL,
  `timecreated` datetime DEFAULT NULL,
  PRIMARY KEY (`id`)
) ENGINE=InnoDB AUTO_INCREMENT=5 DEFAULT CHARSET=latin1;
/*!40101 SET character_set_client = @saved_cs_client */;

--
-- Dumping data for table `erp_salas_emp`
--

LOCK TABLES `erp_salas_emp` WRITE;
/*!40000 ALTER TABLE `erp_salas_emp` DISABLE KEYS */;
INSERT INTO `erp_salas_emp` VALUES (3,5,16,'2018-01-29 00:00:00'),(4,6,17,'2018-03-23 00:00:00');
/*!40000 ALTER TABLE `erp_salas_emp` ENABLE KEYS */;
UNLOCK TABLES;

--
-- Table structure for table `erp_servicos`
--

DROP TABLE IF EXISTS `erp_servicos`;
/*!40101 SET @saved_cs_client     = @@character_set_client */;
/*!40101 SET character_set_client = utf8 */;
CREATE TABLE `erp_servicos` (
  `id` int(11) NOT NULL AUTO_INCREMENT,
  `nome` varchar(255) DEFAULT NULL,
  `empresa` varchar(255) DEFAULT NULL,
  `site` varchar(255) DEFAULT NULL,
  `email` varchar(255) DEFAULT NULL,
  `telefone` varchar(255) DEFAULT NULL,
  `atuacao` text,
  `eixo_cerne` int(11) DEFAULT NULL,
  PRIMARY KEY (`id`)
) ENGINE=InnoDB AUTO_INCREMENT=39 DEFAULT CHARSET=latin1;
/*!40101 SET character_set_client = @saved_cs_client */;

--
-- Dumping data for table `erp_servicos`
--

LOCK TABLES `erp_servicos` WRITE;
/*!40000 ALTER TABLE `erp_servicos` DISABLE KEYS */;
INSERT INTO `erp_servicos` VALUES (4,'Alexandre Ercolani','Faraco Azevedo Advogados','','advogados@faracodeazevedo.com.br / alexandre@faracodeazevedo.com.br','(51) 9 9317-5679','Jurídica',4),(5,'Anderson Moreira Rodrigues','Anexo Tecnologia e Sistemas em Informática Ltda - ME','','suporte@anexotecnologia.com.br / atendimeno@anexotecnologia.com.br','(51) 3497-5088','Emissão de nota fiscal',5),(6,'Bruno Peroni','Semente Negócio Sustentável','','bruno@sementenegocios.com.br','(51) 9 8416-8666','Gestão Estratégica e Marketing',3),(7,'Cedrique da Silva Borgias','Cedrique da Silva Borgias - ME (Frame FX)','','cedriqueborgias@gmail.com','(51) 9 8117-7556','Marketing',3),(8,'Celso Correa','Junser Serviços Contábeis Ltda','','ccorrea.recepcao@via-rs.net','(51) 3227-1188 / (51) 3227-2792','Contábil',2),(9,'Cristina Ribeiro','Comercial Porto Alegrense de Máquinas Calculadoras Ltda','','licitacao@portoalegrense-rs.com.br','(51) 3225-1888','Tecnologia e Informática',4),(10,'Daniel Savionek','Roner Guerra Fabris - Advogados Associados','','info@rgf-ip.com.br','(51) 3062-6622','Marcas e Patentes',4),(11,'Elaine Barro','Impresul Serviço Gráfico e Editora Ltda','','orcamento1@impresul.com.br','(51) 3334-1010','Serviços Gráficos',3),(12,'Fábio Brun','Fabio Brun - EPP','','fabio@brunvideo.com.br','(51) 3379-0770','Produção Audiovisual',3),(13,'Felipe Scherer','Innoscience Consultoria em Gestão da Inovação','','innoscience@innoscience.com.br','(51) 2103-1000','Gestão da Inovação',4),(14,'Felipe Spilari','Ativar Pessoas e Projetos','','felipe@ativar.net','(51) 9 9899-6255','Gestão Estratégica',3),(15,'Fernando Palmeiro','Longview Inovações em Tecnologia da Informação Ltda - ME','','contato@longview.com.br','(51) 2117-1880','Marketing',5),(16,'Gilberto Stürmer','Sturmer, Correa da Silva, Jaeger & Spindler dos Santos Advogados','','sturmer@sturmer.com.br','(51) 3388-3613','Jurídica',4),(17,'Jean Fadelli','Fadelli e Saupe LTDA - ME','','fadelli@fadelli.com.br','(51) 9 9626-8927','Sistemas de Segurança',5),(18,'João Batista Benvenutti Dorneles','Gráfica Benvenutti e Editora Ltda','','joao@graficabenvenutti.com.br','(51) 3013-9923','Serviços Gráficos',3),(19,'José Luis Tassi','P2B Treinamento e Informática Ltda','','comercial@p2btecnologia.com.br','(51) 3557-7999','Tecnologia e Informática',5),(20,'Leila Cristine Thomas','Thomas & Alberto Consultoria Ltda - ME (Dinâmica Consultoria e Treinamento)','','leilathomas@bol.com.br','(51) 9 9967-7348','Gestão',4),(21,'Luciano Gross','Info World Tecnologia e Informática Ltda','','infoworld@infoworld.com.br','(51) 3626-2262','Tecnologia e Informática',5),(22,'Marcos Goulart','Monica Kretschmann da Rosa - ME','','poabrasil@poabrasil.com.br','(51) 3061-6162','Sistemas de Segurança',5),(23,'Mariana Petersen Chaves','Jchaves Advocacia','','contato@jchavesadvocacia.com.br','(51) 3338-0100','Jurídica',4),(24,'Maurício Maschke','RM Comércio de Computadores e Suprimentos Ltda - ME','','mauricio@rminformatica.net.br','(51) 3325-0045','Tecnologia e Informática',3),(25,'Milton Leão','Leão Propriedade Intelectual - EPP','','leao@leao.adv.br','(51) 3224-7896','Marcas e Patentes',4),(26,'Rafael Oyarzábal','SKO Oyarzábal Marcas e Patentes S/C','','sko@sko.com.br','(51) 3342-9323','Marcas e Patentes',4),(27,'Renan Chagas','Growup Estretégia Empresarial S.S Ltda','','rchagas@gup.com.br','(51) 3333-1671 / (51) 9 9952-0944','Gestão Estratégica',3),(28,'Robinson Smidarle','Max System Sistemas Eletrônicos Ltda - ME','','rsmax@rsmax.com.br','(51) 3023-5102','Sistemas de Segurança',5),(29,'Rodrigo P. Oliva','Simplez Consultoria Ltda','','contato@simplez.com.br','(51) 3023-5051','Gestão da Inovação',4),(30,'Sérgio Jorcenei','Chiorri Consultoria e Sistemas Ltda','','contato@chiorri.com.br','(51) 32330616','Tecnologia e Informática',0),(31,'Vaniza Beilke','Vaniza Beilke Marcas ME','','vanizabeilke@hotmail.com','(51) 9 9998-6344','Marcas e Patentes',4),(32,'Victor Gasparoto Mabilia','Focus Logística','','victor.mabilia@focuslogistica.com.br','(51) 3308-6810','Marketing',3),(33,'Viviane Campos Godoy','Gráfica e Editora Copiart Ltda - EPP','','copiart@graficacopiart.com.br','(48) 3626-4481','Serviços Gráficos',3),(34,'Vicente Medeiros','AlfaBeta','www.alfabetacomunica.com.br','vicente@alfabetacomunica.com.br','(51) 3013-7202','Comunicação',3),(35,'Pedro Lau Velasco','Stratasys (SKA)','www.ska.com.br','pedro@ska.com.br','(51) 9 9353-7404','Impressoras 3D',5),(36,'Ana Lucia D\'Amico','Consensum Agência de Comunicação e Marketing','','b44com@terra.com.br','(51) 9 9656-5544','Assessoria de Comunicação',3),(37,'Betina Barreiras','Poa Comunicação','','poacomunicacao@poacomunicacao.com.br','(51) 9 8137-4932','Assessoria de Comunicação',3),(38,'Orivaldo Nardi Primo','Valore Brasil','','orivaldo@valorebrasil.com.br','(16) 9 9216-7999','Mercado e Gestão',4);
/*!40000 ALTER TABLE `erp_servicos` ENABLE KEYS */;
UNLOCK TABLES;

--
-- Table structure for table `erp_usuarios`
--

DROP TABLE IF EXISTS `erp_usuarios`;
/*!40101 SET @saved_cs_client     = @@character_set_client */;
/*!40101 SET character_set_client = utf8 */;
CREATE TABLE `erp_usuarios` (
  `id_usuario` int(11) NOT NULL AUTO_INCREMENT,
  `username` varchar(30) NOT NULL,
  `senha` varchar(255) NOT NULL,
  `id_empreendimento` int(11) DEFAULT NULL,
  `id_acesso` int(11) DEFAULT NULL,
  `contato` varchar(45) DEFAULT NULL,
  `ultimo_login` timestamp NULL DEFAULT NULL,
  `nome` varchar(255) DEFAULT NULL,
  `duracao` timestamp NULL DEFAULT NULL,
  PRIMARY KEY (`id_usuario`)
) ENGINE=InnoDB AUTO_INCREMENT=45 DEFAULT CHARSET=latin1;
/*!40101 SET character_set_client = @saved_cs_client */;

--
-- Dumping data for table `erp_usuarios`
--

LOCK TABLES `erp_usuarios` WRITE;
/*!40000 ALTER TABLE `erp_usuarios` DISABLE KEYS */;
INSERT INTO `erp_usuarios` VALUES (1,'admin','9e9e5b0c31561eec022cf13566af16bf',1,1,'avsantos@inf.ufrgs.br','2018-06-21 10:59:19','Alan Velasques Santos',NULL),(5,'everaldo','bc58a0cc01f079b7453cfb3432fa8a8f',1,1,'everaldo.daronco@gmail.com','2018-05-10 12:51:06','Everaldo Daronco',NULL),(6,'giane','72f4d6ad170a7cc8f8af78a68b555a90',1,1,'gkenne@inf.ufrgs.br','2017-10-10 14:01:47','Giane Kenne',NULL),(7,'eduardo','dcde6e5e1d77ca2c3641efb57f37db98',1,1,'eduardo.rodrigues@inf.ufrgs.br','2017-07-25 16:44:41','Eduardo Rodrigues',NULL),(8,'abordignon','27edf2d421e5e2b59cc08431c8ea8535',16,3,'','2017-10-17 15:11:11','Alexandro Bordignon',NULL),(10,'pmdusso','b0d2a0b985702120f454b7927afe3b23',17,3,'pmdusso@gmail.com','2017-09-05 16:51:50','Pedro Martins Dusso',NULL),(11,'jwinter','7befd8a2665aaaac8815f55bcdd5ec33',18,3,'jean@eaware.com.br','2017-10-17 12:14:39','Jean Winter',NULL),(12,'mnunes','055fd4fe68f6e3d4626667ee6ac5ecf8',19,3,'marcos@cognitivabrasil.com.br','2017-10-11 19:26:21','Marcos Nunes',NULL),(13,'spinheiro','69566867c5d41d3e82e47bccb3475c0e',20,3,'sandro.pinheiro@beeit.com.br','2017-10-13 17:19:23','Sandro Pinheiro',NULL),(14,'ccnunes','a3590023df66ac92ae35e3316026d17d',21,3,'carloscristianonunes@gmail.com','2017-05-05 17:15:46','Carlos Cristiano Nunes','2017-07-03 03:00:00'),(17,'fqborges','f7349aaaad69580e041a592987654f8f',24,3,'',NULL,'Filipe Quadros Borges',NULL),(18,'lrosenbach','36139ccf645e88254b219632b606253b',25,3,'',NULL,'Leonardo Rosenbach',NULL),(19,'phsjobim','eb17e1c03643c971ab35c22d86587541',26,3,'jobim@datamundus.com.br','2017-05-05 17:16:20','Paulo Henrique Silla Jobim',NULL),(20,'lvandrade','d535c8b1b5b0b91ef8f6bfa4911d2680',27,3,'','2017-08-15 18:32:21','Leandro Vanz de Andrade',NULL),(22,'fcecagno','c20e17b99e84348a897ac19ba1f5c53f',29,3,'felipe@mconf.com','2017-10-16 13:56:41','Felipe Cecagno',NULL),(24,'rbiegelmeyer','a26a0c9959c0a6fbc384d205f0889559',25,3,'','2017-07-25 18:11:07','Renan Biegelmeyer',NULL),(25,'ingrid','220e9e4977dd2187097304406db593f3',1,1,'direcaocei@inf.ufrgs.br','2017-07-11 17:47:28','Ingrid Jansch-Pôrto',NULL),(26,'tsrodrigues','14d777febb71c53630e9e843bedbd4d8',17,3,'',NULL,'Thomas da Silva Rodrigues',NULL),(27,'tatiana','230e62ca6e5e33eb8e73dcd309c651fe',30,3,'tatiana@nscad.org.br','2017-10-18 13:30:55','Tatiana Costa',NULL),(29,'mojunior','dd69021399e0a7b6198a35d68f929efe',31,3,'','2017-10-16 14:26:49','Mario Oliveira Junior',NULL),(31,'lfevers','eff27ab5cb4350728639e4be9f8e78b4',23,3,'felipe.evers@hotmail.com','2017-07-18 13:51:54','Luis Felipe Evers',NULL),(32,'rodolfo','fb36e22ad979a86433f10d1e53c9e736',33,3,'rodolfoviola@desenfila.com.br','2017-06-20 15:13:52','Rodolfo Viola','2017-12-01 02:00:00'),(33,'lgveiga','349d440c6ece76c9c58af45e06c3f679',1,1,'','2017-10-18 12:37:17','Leonel',NULL),(34,'leonardodaronco','ea209f9a669f5ac5f4ae9d29f55ff6dd',29,3,'6812','2017-08-01 16:46:47','Leonardo Daronco',NULL),(36,'cassioreis','0b7170909f0f76c602fd8cda92236955',1,1,'cassio.reis@inf.ufrgs.br','2017-10-18 14:07:40','Cássio Magalhães dos Reis ',NULL),(37,'erikacosta','90f80b22f53a5d4d72f7b126ef4b1f44',1,1,'erika@inf.ufrgs.br',NULL,'Érika Fernandes Costa',NULL),(38,'vherbstrith','7bee3396cb2abfc4db7c951bd545c966',18,4,'jean@eaware.com.br','2017-09-25 15:59:02','Vinicius Herbstrith','2017-12-01 02:00:00'),(39,'gzanuz','139347670316808128b236c0d29bacc9',18,4,'jean@eaware.com.br','2017-09-25 16:17:40','Giancarlo Zanuz','2017-12-01 02:00:00'),(40,'areis','63dd1195093e426ef69cfad08310d4bf',36,3,'',NULL,'André Reis','2018-04-03 03:00:00'),(41,'rwiebbelling','73f1ba188fbe6e996a5b8cdde8cf53d9',34,3,'',NULL,'Rodrigo Wiebbelling','2018-04-03 03:00:00'),(42,'dalmeida','23d831f6d74cf0d4a38a495ff4c761da',34,3,'',NULL,'Daniel Almeida','2018-04-03 03:00:00'),(43,'drosas','efa3503f1ea87bdebdb40333212cd4d1',35,3,'','2017-10-06 13:02:58','Diogo Rosas','2018-04-02 03:00:00'),(44,'mborges','62cd7edb6b1caf83897055f0c396d58d',34,3,'',NULL,'Marcelo Borges','2018-04-02 03:00:00');
/*!40000 ALTER TABLE `erp_usuarios` ENABLE KEYS */;
UNLOCK TABLES;
/*!40103 SET TIME_ZONE=@OLD_TIME_ZONE */;

/*!40101 SET SQL_MODE=@OLD_SQL_MODE */;
/*!40014 SET FOREIGN_KEY_CHECKS=@OLD_FOREIGN_KEY_CHECKS */;
/*!40014 SET UNIQUE_CHECKS=@OLD_UNIQUE_CHECKS */;
/*!40101 SET CHARACTER_SET_CLIENT=@OLD_CHARACTER_SET_CLIENT */;
/*!40101 SET CHARACTER_SET_RESULTS=@OLD_CHARACTER_SET_RESULTS */;
/*!40101 SET COLLATION_CONNECTION=@OLD_COLLATION_CONNECTION */;
/*!40111 SET SQL_NOTES=@OLD_SQL_NOTES */;

-- Dump completed on 2018-06-22 11:50:57
